date,prices
04-01-2010 22:00,1.4842
05-01-2010 22:00,1.485045
06-01-2010 22:00,1.480565
07-01-2010 22:00,1.479535
08-01-2010 22:00,1.47531
11-01-2010 22:00,1.475225
12-01-2010 22:00,1.475815
13-01-2010 22:00,1.47741
14-01-2010 22:00,1.477235
15-01-2010 22:00,1.47618
18-01-2010 22:00,1.474165
19-01-2010 22:00,1.4755
20-01-2010 22:00,1.47271
21-01-2010 22:00,1.46872
22-01-2010 22:00,1.471685
25-01-2010 22:00,1.471265
26-01-2010 22:00,1.47243
27-01-2010 22:00,1.4728
28-01-2010 22:00,1.469985
29-01-2010 22:00,1.47068
01-02-2010 22:00,1.47161
02-02-2010 22:00,1.47311
03-02-2010 22:00,1.472025
04-02-2010 22:00,1.464155
05-02-2010 22:00,1.465975
08-02-2010 22:00,1.465125
09-02-2010 22:00,1.46763
10-02-2010 22:00,1.466645
11-02-2010 22:00,1.46584
12-02-2010 22:00,1.466125
15-02-2010 22:00,1.46544
16-02-2010 22:00,1.46799
17-02-2010 22:00,1.46736
18-02-2010 22:00,1.466015
19-02-2010 22:00,1.46417
22-02-2010 22:00,1.463195
23-02-2010 22:00,1.464175
24-02-2010 22:00,1.46381
25-02-2010 22:00,1.463385
26-02-2010 22:00,1.46266
01-03-2010 22:00,1.46355
02-03-2010 22:00,1.46332
03-03-2010 22:00,1.46261
04-03-2010 22:00,1.462865
05-03-2010 22:00,1.463195
08-03-2010 22:00,1.46325
09-03-2010 22:00,1.462275
10-03-2010 22:00,1.461095
11-03-2010 22:00,1.4616
12-03-2010 22:00,1.45647
15-03-2010 21:00,1.452235
16-03-2010 21:00,1.452115
17-03-2010 21:00,1.44808
18-03-2010 21:00,1.439715
19-03-2010 21:00,1.435115
22-03-2010 21:00,1.43462
23-03-2010 21:00,1.42737
24-03-2010 21:00,1.428385
25-03-2010 21:00,1.425875
26-03-2010 21:00,1.430005
29-03-2010 21:00,1.432255
30-03-2010 21:00,1.430655
31-03-2010 21:00,1.423845
01-04-2010 21:00,1.432315
02-04-2010 21:00,1.43239
05-04-2010 21:00,1.43231
06-04-2010 21:00,1.432205
07-04-2010 21:00,1.43283
08-04-2010 21:00,1.433525
09-04-2010 21:00,1.4383
12-04-2010 21:00,1.43963
13-04-2010 21:00,1.434395
14-04-2010 21:00,1.43614
15-04-2010 21:00,1.43382
16-04-2010 21:00,1.432815
19-04-2010 21:00,1.43396
20-04-2010 21:00,1.435605
21-04-2010 21:00,1.43328
22-04-2010 21:00,1.43324
23-04-2010 21:00,1.4355
26-04-2010 21:00,1.435785
27-04-2010 21:00,1.433175
28-04-2010 21:00,1.433585
29-04-2010 21:00,1.43412
30-04-2010 21:00,1.432875
03-05-2010 21:00,1.43256
04-05-2010 21:00,1.43255
05-05-2010 21:00,1.43269
06-05-2010 21:00,1.405995
07-05-2010 21:00,1.411175
10-05-2010 21:00,1.418845
11-05-2010 21:00,1.40781
12-05-2010 21:00,1.402125
13-05-2010 21:00,1.40088
14-05-2010 21:00,1.40084
17-05-2010 21:00,1.40216
18-05-2010 21:00,1.40054
19-05-2010 21:00,1.427965
20-05-2010 21:00,1.43713
21-05-2010 21:00,1.44469
24-05-2010 21:00,1.433865
25-05-2010 21:00,1.428395
26-05-2010 21:00,1.41314
27-05-2010 21:00,1.42283
28-05-2010 21:00,1.422445
31-05-2010 21:00,1.421055
01-06-2010 21:00,1.414945
02-06-2010 21:00,1.414345
03-06-2010 21:00,1.406435
04-06-2010 21:00,1.390025
07-06-2010 21:00,1.386655
08-06-2010 21:00,1.379795
09-06-2010 21:00,1.375495
10-06-2010 21:00,1.384625
11-06-2010 21:00,1.390545
14-06-2010 21:00,1.395565
15-06-2010 21:00,1.397155
16-06-2010 21:00,1.392155
17-06-2010 21:00,1.377295
18-06-2010 21:00,1.371955
21-06-2010 21:00,1.36957
22-06-2010 21:00,1.35888
23-06-2010 21:00,1.36052
24-06-2010 21:00,1.35978
25-06-2010 21:00,1.3542
28-06-2010 21:00,1.33425
29-06-2010 21:00,1.31874
30-06-2010 21:00,1.31841
01-07-2010 21:00,1.326825
02-07-2010 21:00,1.33643
05-07-2010 21:00,1.334775
06-07-2010 21:00,1.33735
07-07-2010 21:00,1.3293
08-07-2010 21:00,1.332185
09-07-2010 21:00,1.33483
12-07-2010 21:00,1.33575
13-07-2010 21:00,1.341965
14-07-2010 21:00,1.341325
15-07-2010 21:00,1.347915
16-07-2010 21:00,1.35933
19-07-2010 21:00,1.365485
20-07-2010 21:00,1.355995
21-07-2010 21:00,1.341145
22-07-2010 21:00,1.34452
23-07-2010 21:00,1.360485
26-07-2010 21:00,1.36259
27-07-2010 21:00,1.378375
28-07-2010 21:00,1.373145
29-07-2010 21:00,1.361305
30-07-2010 21:00,1.357615
02-08-2010 21:00,1.369245
03-08-2010 21:00,1.374895
04-08-2010 21:00,1.38601
05-08-2010 21:00,1.379915
06-08-2010 21:00,1.379205
09-08-2010 21:00,1.387375
10-08-2010 21:00,1.381595
11-08-2010 21:00,1.363635
12-08-2010 21:00,1.347095
13-08-2010 21:00,1.342195
16-08-2010 21:00,1.33297
17-08-2010 21:00,1.344395
18-08-2010 21:00,1.339955
19-08-2010 21:00,1.32332
20-08-2010 21:00,1.31584
23-08-2010 21:00,1.3173
24-08-2010 21:00,1.30535
25-08-2010 21:00,1.30439
26-08-2010 21:00,1.302005
27-08-2010 21:00,1.311245
30-08-2010 21:00,1.299495
31-08-2010 21:00,1.287095
01-09-2010 21:00,1.301135
02-09-2010 21:00,1.298565
03-09-2010 21:00,1.311145
06-09-2010 21:00,1.30378
07-09-2010 21:00,1.282545
08-09-2010 21:00,1.28666
09-09-2010 21:00,1.288645
10-09-2010 21:00,1.295805
13-09-2010 21:00,1.29768
14-09-2010 21:00,1.29485
15-09-2010 21:00,1.305355
16-09-2010 21:00,1.328495
17-09-2010 21:00,1.316505
20-09-2010 21:00,1.312565
21-09-2010 21:00,1.32153
22-09-2010 21:00,1.32191
23-09-2010 21:00,1.312125
24-09-2010 21:00,1.328945
27-09-2010 21:00,1.325615
28-09-2010 21:00,1.325575
29-09-2010 21:00,1.331395
30-09-2010 21:00,1.339625
01-10-2010 21:00,1.343595
04-10-2010 21:00,1.329575
05-10-2010 21:00,1.337205
06-10-2010 21:00,1.339595
07-10-2010 21:00,1.34562
08-10-2010 21:00,1.3426
11-10-2010 21:00,1.338845
12-10-2010 21:00,1.332295
13-10-2010 21:00,1.33816
14-10-2010 21:00,1.34214
15-10-2010 21:00,1.338165
18-10-2010 21:00,1.337045
19-10-2010 21:00,1.33391
20-10-2010 21:00,1.343005
21-10-2010 21:00,1.347245
22-10-2010 21:00,1.36446
25-10-2010 21:00,1.355815
26-10-2010 21:00,1.364165
27-10-2010 21:00,1.36365
28-10-2010 21:00,1.36995
29-10-2010 21:00,1.3698
01-11-2010 21:00,1.377995
02-11-2010 21:00,1.37451
03-11-2010 21:00,1.372425
04-11-2010 21:00,1.361655
05-11-2010 21:00,1.350095
08-11-2010 22:00,1.34471
09-11-2010 22:00,1.333515
10-11-2010 22:00,1.33806
11-11-2010 22:00,1.33282
12-11-2010 22:00,1.34217
15-11-2010 22:00,1.337705
16-11-2010 22:00,1.34344
17-11-2010 22:00,1.341325
18-11-2010 22:00,1.35858
19-11-2010 22:00,1.357635
22-11-2010 22:00,1.348385
23-11-2010 22:00,1.33322
24-11-2010 22:00,1.328015
25-11-2010 22:00,1.336825
26-11-2010 22:00,1.32852
29-11-2010 22:00,1.312795
30-11-2010 22:00,1.30286
01-12-2010 22:00,1.31684
02-12-2010 22:00,1.311385
03-12-2010 22:00,1.308275
06-12-2010 22:00,1.30635
07-12-2010 22:00,1.30973
08-12-2010 22:00,1.308005
09-12-2010 22:00,1.301985
10-12-2010 22:00,1.296605
13-12-2010 22:00,1.2962
14-12-2010 22:00,1.283655
15-12-2010 22:00,1.278895
16-12-2010 22:00,1.27711
17-12-2010 22:00,1.279105
20-12-2010 22:00,1.26678
21-12-2010 22:00,1.25524
22-12-2010 22:00,1.24718
23-12-2010 22:00,1.25737
24-12-2010 22:00,1.261595
27-12-2010 22:00,1.26403
28-12-2010 22:00,1.248645
29-12-2010 22:00,1.25082
30-12-2010 22:00,1.2426
31-12-2010 22:00,1.251235
03-01-2011 22:00,1.247085
04-01-2011 22:00,1.262385
05-01-2011 22:00,1.270155
06-01-2011 22:00,1.25556
07-01-2011 22:00,1.248505
10-01-2011 22:00,1.25298
11-01-2011 22:00,1.26325
12-01-2011 22:00,1.26936
13-01-2011 22:00,1.288
14-01-2011 22:00,1.28991
17-01-2011 22:00,1.282395
18-01-2011 22:00,1.2898
19-01-2011 22:00,1.28659
20-01-2011 22:00,1.303115
21-01-2011 22:00,1.30485
24-01-2011 22:00,1.294595
25-01-2011 22:00,1.28937
26-01-2011 22:00,1.291725
27-01-2011 22:00,1.29842
28-01-2011 22:00,1.282105
31-01-2011 22:00,1.292535
01-02-2011 22:00,1.293565
02-02-2011 22:00,1.298325
03-02-2011 22:00,1.28917
04-02-2011 22:00,1.297305
07-02-2011 22:00,1.297745
08-02-2011 22:00,1.312455
09-02-2011 22:00,1.315345
10-02-2011 22:00,1.318125
11-02-2011 22:00,1.31842
14-02-2011 22:00,1.308385
15-02-2011 22:00,1.304285
16-02-2011 22:00,1.3019
17-02-2011 22:00,1.29245
18-02-2011 22:00,1.294605
21-02-2011 22:00,1.29499
22-02-2011 22:00,1.28165
23-02-2011 22:00,1.28262
24-02-2011 22:00,1.278505
25-02-2011 22:00,1.27627
28-02-2011 22:00,1.282285
01-03-2011 22:00,1.27921
02-03-2011 22:00,1.280485
03-03-2011 22:00,1.30132
04-03-2011 22:00,1.294805
07-03-2011 22:00,1.294505
08-03-2011 22:00,1.30028
09-03-2011 22:00,1.292885
10-03-2011 22:00,1.28586
11-03-2011 22:00,1.292055
14-03-2011 21:00,1.293425
15-03-2011 21:00,1.282885
16-03-2011 21:00,1.262025
17-03-2011 21:00,1.25989
18-03-2011 21:00,1.27886
21-03-2011 21:00,1.28683
22-03-2011 21:00,1.282495
23-03-2011 21:00,1.279815
24-03-2011 21:00,1.28797
25-03-2011 21:00,1.295855
28-03-2011 21:00,1.291605
29-03-2011 21:00,1.29868
30-03-2011 21:00,1.2974
31-03-2011 21:00,1.301035
01-04-2011 21:00,1.31523
04-04-2011 21:00,1.312675
05-04-2011 21:00,1.31615
06-04-2011 21:00,1.316965
07-04-2011 21:00,1.31124
08-04-2011 21:00,1.31278
11-04-2011 21:00,1.30877
12-04-2011 21:00,1.29869
13-04-2011 21:00,1.29454
14-04-2011 21:00,1.293
15-04-2011 21:00,1.28743
18-04-2011 21:00,1.275965
19-04-2011 21:00,1.28986
20-04-2011 21:00,1.289695
21-04-2011 21:00,1.289445
22-04-2011 21:00,1.288695
25-04-2011 21:00,1.284745
26-04-2011 21:00,1.28165
27-04-2011 21:00,1.293265
28-04-2011 21:00,1.29493
29-04-2011 21:00,1.28171
02-05-2011 21:00,1.283265
03-05-2011 21:00,1.27688
04-05-2011 21:00,1.277745
05-05-2011 21:00,1.2655
06-05-2011 21:00,1.25872
09-05-2011 21:00,1.25229
10-05-2011 21:00,1.267675
11-05-2011 21:00,1.25995
12-05-2011 21:00,1.259425
13-05-2011 21:00,1.258665
16-05-2011 21:00,1.252275
17-05-2011 21:00,1.253065
18-05-2011 21:00,1.25512
19-05-2011 21:00,1.26032
20-05-2011 21:00,1.24459
23-05-2011 21:00,1.241505
24-05-2011 21:00,1.24095
25-05-2011 21:00,1.229365
26-05-2011 21:00,1.22433
27-05-2011 21:00,1.21816
30-05-2011 21:00,1.21719
31-05-2011 21:00,1.229465
01-06-2011 21:00,1.2063
02-06-2011 21:00,1.22084
03-06-2011 21:00,1.222325
06-06-2011 21:00,1.21658
07-06-2011 21:00,1.22848
08-06-2011 21:00,1.21916
09-06-2011 21:00,1.220855
10-06-2011 21:00,1.20831
13-06-2011 21:00,1.20681
14-06-2011 21:00,1.22077
15-06-2011 21:00,1.20932
16-06-2011 21:00,1.203945
17-06-2011 21:00,1.214025
20-06-2011 21:00,1.21047
21-06-2011 21:00,1.211385
22-06-2011 21:00,1.204715
23-06-2011 21:00,1.19586
24-06-2011 21:00,1.188095
27-06-2011 21:00,1.193145
28-06-2011 21:00,1.195635
29-06-2011 21:00,1.20414
30-06-2011 21:00,1.218895
01-07-2011 21:00,1.233025
04-07-2011 21:00,1.232805
05-07-2011 21:00,1.21284
06-07-2011 21:00,1.20169
07-07-2011 21:00,1.212795
08-07-2011 21:00,1.19287
11-07-2011 21:00,1.17272
12-07-2011 21:00,1.160875
13-07-2011 21:00,1.158085
14-07-2011 21:00,1.15409
15-07-2011 21:00,1.150765
18-07-2011 21:00,1.15383
19-07-2011 21:00,1.16644
20-07-2011 21:00,1.165635
21-07-2011 21:00,1.175405
22-07-2011 21:00,1.17526
25-07-2011 21:00,1.158835
26-07-2011 21:00,1.16266
27-07-2011 21:00,1.15176
28-07-2011 21:00,1.148495
29-07-2011 21:00,1.13142
01-08-2011 21:00,1.116525
02-08-2011 21:00,1.0827
03-08-2011 21:00,1.103325
04-08-2011 21:00,1.07657
05-08-2011 21:00,1.09326
08-08-2011 21:00,1.07055
09-08-2011 21:00,1.03649
10-08-2011 21:00,1.03007
11-08-2011 21:00,1.084695
12-08-2011 21:00,1.107495
15-08-2011 21:00,1.132985
16-08-2011 21:00,1.14678
17-08-2011 21:00,1.13979
18-08-2011 21:00,1.138175
19-08-2011 21:00,1.131245
22-08-2011 21:00,1.134765
23-08-2011 21:00,1.144215
24-08-2011 21:00,1.14713
25-08-2011 21:00,1.14033
26-08-2011 21:00,1.170015
29-08-2011 21:00,1.18378
30-08-2011 21:00,1.184295
31-08-2011 21:00,1.15834
01-09-2011 21:00,1.13433
02-09-2011 21:00,1.121285
05-09-2011 21:00,1.10976
06-09-2011 21:00,1.20672
07-09-2011 21:00,1.208815
08-09-2011 21:00,1.21536
09-09-2011 21:00,1.20722
12-09-2011 21:00,1.204045
13-09-2011 21:00,1.20416
14-09-2011 21:00,1.20483
15-09-2011 21:00,1.20649
16-09-2011 21:00,1.20926
19-09-2011 21:00,1.20705
20-09-2011 21:00,1.216295
21-09-2011 21:00,1.22154
22-09-2011 21:00,1.223455
23-09-2011 21:00,1.222895
26-09-2011 21:00,1.220085
27-09-2011 21:00,1.21698
28-09-2011 21:00,1.21906
29-09-2011 21:00,1.219705
30-09-2011 21:00,1.214095
03-10-2011 21:00,1.214285
04-10-2011 21:00,1.22316
05-10-2011 21:00,1.232155
06-10-2011 21:00,1.23693
07-10-2011 21:00,1.240335
10-10-2011 21:00,1.23286
11-10-2011 21:00,1.239365
12-10-2011 21:00,1.234445
13-10-2011 21:00,1.23738
14-10-2011 21:00,1.23883
17-10-2011 21:00,1.23543
18-10-2011 21:00,1.236035
19-10-2011 21:00,1.24218
20-10-2011 21:00,1.231635
21-10-2011 21:00,1.22444
24-10-2011 21:00,1.22685
25-10-2011 21:00,1.221015
26-10-2011 21:00,1.22516
27-10-2011 21:00,1.22028
28-10-2011 21:00,1.22024
31-10-2011 21:00,1.21527
01-11-2011 21:00,1.21565
02-11-2011 21:00,1.215445
03-11-2011 21:00,1.213415
04-11-2011 21:00,1.220295
07-11-2011 22:00,1.240765
08-11-2011 22:00,1.23787
09-11-2011 22:00,1.231725
10-11-2011 22:00,1.232895
11-11-2011 22:00,1.239615
14-11-2011 22:00,1.238415
15-11-2011 22:00,1.238875
16-11-2011 22:00,1.237895
17-11-2011 22:00,1.24071
18-11-2011 22:00,1.239675
21-11-2011 22:00,1.237345
22-11-2011 22:00,1.234855
23-11-2011 22:00,1.22739
24-11-2011 22:00,1.22706
25-11-2011 22:00,1.231565
28-11-2011 22:00,1.22866
29-11-2011 22:00,1.22631
30-11-2011 22:00,1.22787
01-12-2011 22:00,1.2326
02-12-2011 22:00,1.23376
05-12-2011 22:00,1.23358
06-12-2011 22:00,1.24097
07-12-2011 22:00,1.238735
08-12-2011 22:00,1.23557
09-12-2011 22:00,1.235525
12-12-2011 22:00,1.23589
13-12-2011 22:00,1.23264
14-12-2011 22:00,1.237465
15-12-2011 22:00,1.22375
16-12-2011 22:00,1.220845
19-12-2011 22:00,1.21839
20-12-2011 22:00,1.218755
21-12-2011 22:00,1.22093
22-12-2011 22:00,1.22156
23-12-2011 22:00,1.22263
26-12-2011 22:00,1.22268
27-12-2011 22:00,1.22069
28-12-2011 22:00,1.21966
29-12-2011 22:00,1.218525
30-12-2011 22:00,1.216675
02-01-2012 22:00,1.215535
03-01-2012 22:00,1.21651
04-01-2012 22:00,1.218945
05-01-2012 22:00,1.218015
06-01-2012 22:00,1.215035
09-01-2012 22:00,1.21231
10-01-2012 22:00,1.212735
11-01-2012 22:00,1.21256
12-01-2012 22:00,1.210395
13-01-2012 22:00,1.207055
16-01-2012 22:00,1.20868
17-01-2012 22:00,1.20924
18-01-2012 22:00,1.208465
19-01-2012 22:00,1.2087
20-01-2012 22:00,1.208455
23-01-2012 22:00,1.20762
24-01-2012 22:00,1.2092
25-01-2012 22:00,1.20788
26-01-2012 22:00,1.20644
27-01-2012 22:00,1.20632
30-01-2012 22:00,1.205415
31-01-2012 22:00,1.20395
01-02-2012 22:00,1.204545
02-02-2012 22:00,1.205045
03-02-2012 22:00,1.20819
06-02-2012 22:00,1.20633
07-02-2012 22:00,1.209035
08-02-2012 22:00,1.20988
09-02-2012 22:00,1.211325
10-02-2012 22:00,1.209575
13-02-2012 22:00,1.208665
14-02-2012 22:00,1.20754
15-02-2012 22:00,1.20675
16-02-2012 22:00,1.207075
17-02-2012 22:00,1.20865
20-02-2012 22:00,1.207255
21-02-2012 22:00,1.20754
22-02-2012 22:00,1.20588
23-02-2012 22:00,1.205275
24-02-2012 22:00,1.205285
27-02-2012 22:00,1.204975
28-02-2012 22:00,1.205215
29-02-2012 22:00,1.205235
01-03-2012 22:00,1.20596
02-03-2012 22:00,1.20669
05-03-2012 22:00,1.20595
06-03-2012 22:00,1.20486
07-03-2012 22:00,1.205345
08-03-2012 22:00,1.205645
09-03-2012 22:00,1.205655
12-03-2012 21:00,1.20572
13-03-2012 21:00,1.207725
14-03-2012 21:00,1.212835
15-03-2012 21:00,1.20766
16-03-2012 21:00,1.20626
19-03-2012 21:00,1.206345
20-03-2012 21:00,1.205675
21-03-2012 21:00,1.20564
22-03-2012 21:00,1.20568
23-03-2012 21:00,1.205
26-03-2012 21:00,1.20612
27-03-2012 21:00,1.205225
28-03-2012 21:00,1.205435
29-03-2012 21:00,1.205405
30-03-2012 21:00,1.204125
02-04-2012 21:00,1.203865
03-04-2012 21:00,1.203885
04-04-2012 21:00,1.20361
05-04-2012 21:00,1.20169
06-04-2012 21:00,1.20091
09-04-2012 21:00,1.202005
10-04-2012 21:00,1.20142
11-04-2012 21:00,1.202565
12-04-2012 21:00,1.20168
13-04-2012 21:00,1.202545
16-04-2012 21:00,1.2019
17-04-2012 21:00,1.201515
18-04-2012 21:00,1.201915
19-04-2012 21:00,1.202185
20-04-2012 21:00,1.201695
23-04-2012 21:00,1.201875
24-04-2012 21:00,1.201565
25-04-2012 21:00,1.2017
26-04-2012 21:00,1.201635
27-04-2012 21:00,1.201405
30-04-2012 21:00,1.20134
01-05-2012 21:00,1.2016
02-05-2012 21:00,1.20154
03-05-2012 21:00,1.20149
04-05-2012 21:00,1.20134
07-05-2012 21:00,1.201365
08-05-2012 21:00,1.20116
09-05-2012 21:00,1.201045
10-05-2012 21:00,1.20112
11-05-2012 21:00,1.20119
14-05-2012 21:00,1.201085
15-05-2012 21:00,1.201045
16-05-2012 21:00,1.20105
17-05-2012 21:00,1.20102
18-05-2012 21:00,1.20117
21-05-2012 21:00,1.20123
22-05-2012 21:00,1.201205
23-05-2012 21:00,1.20102
24-05-2012 21:00,1.201345
25-05-2012 21:00,1.20117
28-05-2012 21:00,1.20204
29-05-2012 21:00,1.201005
30-05-2012 21:00,1.200905
31-05-2012 21:00,1.20105
01-06-2012 21:00,1.20127
04-06-2012 21:00,1.20102
05-06-2012 21:00,1.20103
06-06-2012 21:00,1.20074
07-06-2012 21:00,1.201055
08-06-2012 21:00,1.20121
11-06-2012 21:00,1.20102
12-06-2012 21:00,1.20107
13-06-2012 21:00,1.20103
14-06-2012 21:00,1.20103
15-06-2012 21:00,1.201145
18-06-2012 21:00,1.20096
19-06-2012 21:00,1.200955
20-06-2012 21:00,1.20113
21-06-2012 21:00,1.200945
22-06-2012 21:00,1.20081
25-06-2012 21:00,1.200965
26-06-2012 21:00,1.20101
27-06-2012 21:00,1.201045
28-06-2012 21:00,1.201025
29-06-2012 21:00,1.201165
02-07-2012 21:00,1.20116
03-07-2012 21:00,1.20104
04-07-2012 21:00,1.201185
05-07-2012 21:00,1.201185
06-07-2012 21:00,1.200985
09-07-2012 21:00,1.201
10-07-2012 21:00,1.200735
11-07-2012 21:00,1.200365
12-07-2012 21:00,1.200845
13-07-2012 21:00,1.20089
16-07-2012 21:00,1.20097
17-07-2012 21:00,1.20139
18-07-2012 21:00,1.200785
19-07-2012 21:00,1.201005
20-07-2012 21:00,1.201035
23-07-2012 21:00,1.200905
24-07-2012 21:00,1.201005
25-07-2012 21:00,1.201045
26-07-2012 21:00,1.200965
27-07-2012 21:00,1.20116
30-07-2012 21:00,1.20116
31-07-2012 21:00,1.201645
01-08-2012 21:00,1.20163
02-08-2012 21:00,1.20107
03-08-2012 21:00,1.201905
06-08-2012 21:00,1.2014
07-08-2012 21:00,1.201285
08-08-2012 21:00,1.20128
09-08-2012 21:00,1.20104
10-08-2012 21:00,1.20089
13-08-2012 21:00,1.20101
14-08-2012 21:00,1.2011
15-08-2012 21:00,1.20105
16-08-2012 21:00,1.20109
17-08-2012 21:00,1.20108
20-08-2012 21:00,1.201105
21-08-2012 21:00,1.200995
22-08-2012 21:00,1.200965
23-08-2012 21:00,1.20101
24-08-2012 21:00,1.200815
27-08-2012 21:00,1.20105
28-08-2012 21:00,1.20091
29-08-2012 21:00,1.201255
30-08-2012 21:00,1.20092
31-08-2012 21:00,1.20091
03-09-2012 21:00,1.200275
04-09-2012 21:00,1.20108
05-09-2012 21:00,1.204105
06-09-2012 21:00,1.204575
07-09-2012 21:00,1.20981
10-09-2012 21:00,1.20735
11-09-2012 21:00,1.20704
12-09-2012 21:00,1.209
13-09-2012 21:00,1.214845
14-09-2012 21:00,1.217105
17-09-2012 21:00,1.216285
18-09-2012 21:00,1.211555
19-09-2012 21:00,1.21038
20-09-2012 21:00,1.210175
21-09-2012 21:00,1.211115
24-09-2012 21:00,1.20995
25-09-2012 21:00,1.209575
26-09-2012 21:00,1.209195
27-09-2012 21:00,1.210255
28-09-2012 21:00,1.208455
01-10-2012 21:00,1.209075
02-10-2012 21:00,1.20957
03-10-2012 21:00,1.211305
04-10-2012 21:00,1.211315
05-10-2012 21:00,1.211245
08-10-2012 21:00,1.210165
09-10-2012 21:00,1.21163
10-10-2012 21:00,1.209495
11-10-2012 21:00,1.208505
12-10-2012 21:00,1.20911
15-10-2012 21:00,1.208345
16-10-2012 21:00,1.208805
17-10-2012 21:00,1.20997
18-10-2012 21:00,1.20824
19-10-2012 21:00,1.208875
22-10-2012 21:00,1.21061
23-10-2012 21:00,1.2107
24-10-2012 21:00,1.209675
25-10-2012 21:00,1.20961
26-10-2012 21:00,1.209675
29-10-2012 21:00,1.20864
30-10-2012 21:00,1.208505
31-10-2012 21:00,1.207245
01-11-2012 21:00,1.20604
02-11-2012 21:00,1.207285
05-11-2012 22:00,1.207375
06-11-2012 22:00,1.20811
07-11-2012 22:00,1.206535
08-11-2012 22:00,1.20569
09-11-2012 22:00,1.205855
12-11-2012 22:00,1.205125
13-11-2012 22:00,1.203575
14-11-2012 22:00,1.203625
15-11-2012 22:00,1.204165
16-11-2012 22:00,1.204735
19-11-2012 22:00,1.204365
20-11-2012 22:00,1.204845
21-11-2012 22:00,1.204335
22-11-2012 22:00,1.204685
23-11-2012 22:00,1.204215
26-11-2012 22:00,1.203375
27-11-2012 22:00,1.204215
28-11-2012 22:00,1.203555
29-11-2012 22:00,1.203915
30-11-2012 22:00,1.205125
03-12-2012 22:00,1.208225
04-12-2012 22:00,1.21322
05-12-2012 22:00,1.210575
06-12-2012 22:00,1.209285
07-12-2012 22:00,1.20799
10-12-2012 22:00,1.208015
11-12-2012 22:00,1.212525
12-12-2012 22:00,1.211035
13-12-2012 22:00,1.20802
14-12-2012 22:00,1.20838
17-12-2012 22:00,1.20785
18-12-2012 22:00,1.207685
19-12-2012 22:00,1.20814
20-12-2012 22:00,1.207265
21-12-2012 22:00,1.208065
24-12-2012 22:00,1.20742
26-12-2012 22:00,1.2077
27-12-2012 22:00,1.209065
28-12-2012 22:00,1.207495
31-12-2012 22:00,1.20726
02-01-2013 22:00,1.21032
03-01-2013 22:00,1.20952
04-01-2013 22:00,1.208445
07-01-2013 22:00,1.208395
08-01-2013 22:00,1.208875
09-01-2013 22:00,1.20893
10-01-2013 22:00,1.213175
11-01-2013 22:00,1.219135
14-01-2013 22:00,1.23379
15-01-2013 22:00,1.239875
16-01-2013 22:00,1.23713
17-01-2013 22:00,1.247665
18-01-2013 22:00,1.24425
21-01-2013 22:00,1.241385
22-01-2013 22:00,1.23825
23-01-2013 22:00,1.237915
24-01-2013 22:00,1.24256
25-01-2013 22:00,1.247055
28-01-2013 22:00,1.24631
29-01-2013 22:00,1.24306
30-01-2013 22:00,1.235695
31-01-2013 22:00,1.236055
01-02-2013 22:00,1.23841
03-02-2013 22:00,1.239895
04-02-2013 22:00,1.227555
05-02-2013 22:00,1.23359
06-02-2013 22:00,1.230555
07-02-2013 22:00,1.230405
08-02-2013 22:00,1.225895
10-02-2013 22:00,1.227775
11-02-2013 22:00,1.233515
12-02-2013 22:00,1.233855
13-02-2013 22:00,1.233755
14-02-2013 22:00,1.230905
15-02-2013 22:00,1.231715
17-02-2013 22:00,1.23171
18-02-2013 22:00,1.232865
19-02-2013 22:00,1.23534
20-02-2013 22:00,1.2313
21-02-2013 22:00,1.22823
22-02-2013 22:00,1.22618
24-02-2013 22:00,1.228445
25-02-2013 22:00,1.21812
26-02-2013 22:00,1.217265
27-02-2013 22:00,1.221225
28-02-2013 22:00,1.222765
01-03-2013 22:00,1.227715
03-03-2013 22:00,1.226215
04-03-2013 22:00,1.225575
05-03-2013 22:00,1.2279
06-03-2013 22:00,1.230565
07-03-2013 22:00,1.23565
08-03-2013 22:00,1.237495
10-03-2013 21:00,1.23693
11-03-2013 21:00,1.2357
12-03-2013 21:00,1.234365
13-03-2013 21:00,1.23444
14-03-2013 21:00,1.231825
15-03-2013 21:00,1.22745
17-03-2013 21:00,1.218645
18-03-2013 21:00,1.22575
19-03-2013 21:00,1.219835
20-03-2013 21:00,1.22235
21-03-2013 21:00,1.22075
22-03-2013 21:00,1.221885
24-03-2013 21:00,1.22205
25-03-2013 21:00,1.21924
26-03-2013 21:00,1.219435
27-03-2013 21:00,1.21906
28-03-2013 21:00,1.2174
29-03-2013 21:00,1.21679
31-03-2013 21:00,1.217015
01-04-2013 21:00,1.216265
02-04-2013 21:00,1.21647
03-04-2013 21:00,1.21427
04-04-2013 21:00,1.21566
05-04-2013 21:00,1.214515
07-04-2013 21:00,1.213475
08-04-2013 21:00,1.21642
09-04-2013 21:00,1.220085
10-04-2013 21:00,1.21894
11-04-2013 21:00,1.219715
12-04-2013 21:00,1.215915
14-04-2013 21:00,1.215745
15-04-2013 21:00,1.213985
16-04-2013 21:00,1.215575
17-04-2013 21:00,1.2156
18-04-2013 21:00,1.21719
19-04-2013 21:00,1.219045
21-04-2013 21:00,1.21865
22-04-2013 21:00,1.220565
23-04-2013 21:00,1.22883
24-04-2013 21:00,1.23246
25-04-2013 21:00,1.22936
26-04-2013 21:00,1.228405
28-04-2013 21:00,1.22826
29-04-2013 21:00,1.227065
30-04-2013 21:00,1.22374
01-05-2013 21:00,1.222225
02-05-2013 21:00,1.221225
03-05-2013 21:00,1.226905
05-05-2013 21:00,1.226585
06-05-2013 21:00,1.2271
07-05-2013 21:00,1.229755
08-05-2013 21:00,1.230555
09-05-2013 21:00,1.23689
10-05-2013 21:00,1.24345
12-05-2013 21:00,1.244175
13-05-2013 21:00,1.24255
14-05-2013 21:00,1.249785
15-05-2013 21:00,1.243435
16-05-2013 21:00,1.242705
17-05-2013 21:00,1.248055
19-05-2013 21:00,1.24617
20-05-2013 21:00,1.245875
21-05-2013 21:00,1.252055
22-05-2013 21:00,1.25792
23-05-2013 21:00,1.253025
24-05-2013 21:00,1.243085
26-05-2013 21:00,1.243995
27-05-2013 21:00,1.24551
28-05-2013 21:00,1.256015
29-05-2013 21:00,1.244625
30-05-2013 21:00,1.243615
31-05-2013 21:00,1.24214
03-06-2013 21:00,1.238585
04-06-2013 21:00,1.238645
05-06-2013 21:00,1.233675
06-06-2013 21:00,1.230915
07-06-2013 21:00,1.23697
09-06-2013 21:00,1.2361
10-06-2013 21:00,1.237565
11-06-2013 21:00,1.23113
12-06-2013 21:00,1.228035
13-06-2013 21:00,1.233105
14-06-2013 21:00,1.229085
16-06-2013 21:00,1.230545
17-06-2013 21:00,1.233175
18-06-2013 21:00,1.23208
19-06-2013 21:00,1.234075
20-06-2013 21:00,1.22579
21-06-2013 21:00,1.22614
23-06-2013 21:00,1.22624
24-06-2013 21:00,1.224285
25-06-2013 21:00,1.22727
26-06-2013 21:00,1.22716
27-06-2013 21:00,1.23231
28-06-2013 21:00,1.229205
30-06-2013 21:00,1.230835
01-07-2013 21:00,1.23478
02-07-2013 21:00,1.23377
03-07-2013 21:00,1.23165
04-07-2013 21:00,1.235435
05-07-2013 21:00,1.23664
07-07-2013 21:00,1.236895
08-07-2013 21:00,1.24005
09-07-2013 21:00,1.24359
10-07-2013 21:00,1.24392
11-07-2013 21:00,1.24028
12-07-2013 21:00,1.23612
14-07-2013 21:00,1.23678
15-07-2013 21:00,1.238705
16-07-2013 21:00,1.23609
17-07-2013 21:00,1.23514
18-07-2013 21:00,1.23846
19-07-2013 21:00,1.236685
21-07-2013 21:00,1.236585
22-07-2013 21:00,1.23448
23-07-2013 21:00,1.236195
24-07-2013 21:00,1.237455
25-07-2013 21:00,1.234745
26-07-2013 21:00,1.232915
28-07-2013 21:00,1.233025
29-07-2013 21:00,1.23457
30-07-2013 21:00,1.23311
31-07-2013 21:00,1.232115
01-08-2013 21:00,1.23723
02-08-2013 21:00,1.234285
04-08-2013 21:00,1.234495
05-08-2013 21:00,1.22953
06-08-2013 21:00,1.231925
07-08-2013 21:00,1.22913
08-08-2013 21:00,1.23127
09-08-2013 21:00,1.23054
11-08-2013 21:00,1.231045
12-08-2013 21:00,1.231265
13-08-2013 21:00,1.23738
14-08-2013 21:00,1.24004
15-08-2013 21:00,1.23612
16-08-2013 21:00,1.23485
18-08-2013 21:00,1.235195
19-08-2013 21:00,1.232125
20-08-2013 21:00,1.231085
21-08-2013 21:00,1.23185
22-08-2013 21:00,1.23297
23-08-2013 21:00,1.23302
25-08-2013 21:00,1.233095
26-08-2013 21:00,1.234
27-08-2013 21:00,1.2288
28-08-2013 21:00,1.22997
29-08-2013 21:00,1.23264
30-08-2013 21:00,1.22953
01-09-2013 21:00,1.231275
02-09-2013 21:00,1.23275
03-09-2013 21:00,1.233485
04-09-2013 21:00,1.23533
05-09-2013 21:00,1.23976
06-09-2013 21:00,1.235775
08-09-2013 21:00,1.23638
09-09-2013 21:00,1.23578
10-09-2013 21:00,1.24017
11-09-2013 21:00,1.238545
12-09-2013 21:00,1.237595
13-09-2013 21:00,1.23599
15-09-2013 21:00,1.233995
16-09-2013 21:00,1.236555
17-09-2013 21:00,1.236845
18-09-2013 21:00,1.233475
19-09-2013 21:00,1.23195
20-09-2013 21:00,1.231615
22-09-2013 21:00,1.23116
23-09-2013 21:00,1.229115
24-09-2013 21:00,1.229815
25-09-2013 21:00,1.2299
26-09-2013 21:00,1.22783
27-09-2013 21:00,1.22505
29-09-2013 21:00,1.222995
30-09-2013 21:00,1.223645
01-10-2013 21:00,1.224865
02-10-2013 21:00,1.22595
03-10-2013 21:00,1.224715
04-10-2013 21:00,1.229635
06-10-2013 21:00,1.22984
07-10-2013 21:00,1.22614
08-10-2013 21:00,1.226865
09-10-2013 21:00,1.230615
10-10-2013 21:00,1.23238
11-10-2013 21:00,1.23489
13-10-2013 21:00,1.2332
14-10-2013 21:00,1.2345
15-10-2013 21:00,1.23436
16-10-2013 21:00,1.23609
17-10-2013 21:00,1.234015
18-10-2013 21:00,1.23425
20-10-2013 21:00,1.234295
21-10-2013 21:00,1.233925
22-10-2013 21:00,1.23311
23-10-2013 21:00,1.22935
24-10-2013 21:00,1.231485
25-10-2013 21:00,1.23213
27-10-2013 21:00,1.23254
28-10-2013 21:00,1.23483
29-10-2013 21:00,1.23564
30-10-2013 21:00,1.23515
31-10-2013 21:00,1.231925
01-11-2013 21:00,1.23043
03-11-2013 22:00,1.23037
04-11-2013 22:00,1.229635
05-11-2013 22:00,1.230975
06-11-2013 22:00,1.232725
07-11-2013 22:00,1.22912
08-11-2013 22:00,1.23168
10-11-2013 22:00,1.232495
11-11-2013 22:00,1.232665
12-11-2013 22:00,1.23268
13-11-2013 22:00,1.23185
14-11-2013 22:00,1.233105
15-11-2013 22:00,1.234625
17-11-2013 22:00,1.23455
18-11-2013 22:00,1.23294
19-11-2013 22:00,1.233275
20-11-2013 22:00,1.231305
21-11-2013 22:00,1.230835
22-11-2013 22:00,1.229425
24-11-2013 22:00,1.229645
25-11-2013 22:00,1.232495
26-11-2013 22:00,1.230375
27-11-2013 22:00,1.232345
28-11-2013 22:00,1.23199
29-11-2013 22:00,1.231585
01-12-2013 22:00,1.23132
02-12-2013 22:00,1.230445
03-12-2013 22:00,1.228995
04-12-2013 22:00,1.2266
05-12-2013 22:00,1.22548
06-12-2013 22:00,1.22256
08-12-2013 22:00,1.223235
09-12-2013 22:00,1.22319
10-12-2013 22:00,1.22123
11-12-2013 22:00,1.222095
12-12-2013 22:00,1.22309
13-12-2013 22:00,1.222035
15-12-2013 22:00,1.22263
16-12-2013 22:00,1.22098
17-12-2013 22:00,1.21835
18-12-2013 22:00,1.223235
19-12-2013 22:00,1.226615
20-12-2013 22:00,1.225215
22-12-2013 22:00,1.22488
23-12-2013 22:00,1.22409
24-12-2013 22:00,1.22562
26-12-2013 22:00,1.22742
27-12-2013 22:00,1.225555
29-12-2013 22:00,1.225345
30-12-2013 22:00,1.225305
31-12-2013 22:00,1.22694
02-01-2014 22:00,1.228965
03-01-2014 22:00,1.2306
05-01-2014 22:00,1.23021
06-01-2014 22:00,1.23203
07-01-2014 22:00,1.23785
08-01-2014 22:00,1.237065
09-01-2014 22:00,1.23414
10-01-2014 22:00,1.234025
12-01-2014 22:00,1.233045
13-01-2014 22:00,1.2291
14-01-2014 22:00,1.234345
15-01-2014 22:00,1.23624
16-01-2014 22:00,1.232265
17-01-2014 22:00,1.23245
19-01-2014 22:00,1.232225
20-01-2014 22:00,1.23322
21-01-2014 22:00,1.234205
22-01-2014 22:00,1.23483
23-01-2014 22:00,1.228885
24-01-2014 22:00,1.22322
26-01-2014 22:00,1.224275
27-01-2014 22:00,1.2257
28-01-2014 22:00,1.22664
29-01-2014 22:00,1.2223
30-01-2014 22:00,1.223475
31-01-2014 22:00,1.222215
02-02-2014 22:00,1.222475
03-02-2014 22:00,1.218635
04-02-2014 22:00,1.22167
05-02-2014 22:00,1.223
06-02-2014 22:00,1.224425
07-02-2014 22:00,1.224275
09-02-2014 22:00,1.223735
10-02-2014 22:00,1.223715
11-02-2014 22:00,1.225155
12-02-2014 22:00,1.224265
13-02-2014 22:00,1.22231
14-02-2014 22:00,1.222145
16-02-2014 22:00,1.222265
17-02-2014 22:00,1.22186
18-02-2014 22:00,1.22197
19-02-2014 22:00,1.220245
20-02-2014 22:00,1.22017
21-02-2014 22:00,1.22002
23-02-2014 22:00,1.219255
24-02-2014 22:00,1.220775
25-02-2014 22:00,1.218975
26-02-2014 22:00,1.219045
27-02-2014 22:00,1.21772
28-02-2014 22:00,1.214545
02-03-2014 22:00,1.211795
03-03-2014 22:00,1.21317
04-03-2014 22:00,1.219345
05-03-2014 22:00,1.218095
06-03-2014 22:00,1.220245
07-03-2014 21:00,1.218175
09-03-2014 21:00,1.21732
10-03-2014 21:00,1.21827
11-03-2014 21:00,1.21727
12-03-2014 21:00,1.215185
13-03-2014 21:00,1.2132
14-03-2014 21:00,1.213715
16-03-2014 21:00,1.21376
17-03-2014 21:00,1.215675
18-03-2014 21:00,1.216635
19-03-2014 21:00,1.218165
20-03-2014 21:00,1.21773
21-03-2014 21:00,1.21737
23-03-2014 21:00,1.217255
24-03-2014 21:00,1.21895
25-03-2014 21:00,1.22049
26-03-2014 21:00,1.219785
27-03-2014 21:00,1.218295
28-03-2014 21:00,1.21952
30-03-2014 21:00,1.218795
31-03-2014 21:00,1.21811
01-04-2014 21:00,1.218535
02-04-2014 21:00,1.220605
03-04-2014 21:00,1.22234
04-04-2014 21:00,1.222615
06-04-2014 21:00,1.22269
07-04-2014 21:00,1.220175
08-04-2014 21:00,1.218635
09-04-2014 21:00,1.218715
10-04-2014 21:00,1.216975
11-04-2014 21:00,1.21626
13-04-2014 21:00,1.215465
14-04-2014 21:00,1.21579
15-04-2014 21:00,1.21587
16-04-2014 21:00,1.218285
17-04-2014 21:00,1.2201
18-04-2014 21:00,1.219865
20-04-2014 21:00,1.21996
21-04-2014 21:00,1.22072
22-04-2014 21:00,1.22174
23-04-2014 21:00,1.220705
24-04-2014 21:00,1.219635
25-04-2014 21:00,1.219375
27-04-2014 21:00,1.219195
28-04-2014 21:00,1.21921
29-04-2014 21:00,1.220265
30-04-2014 21:00,1.22083
01-05-2014 21:00,1.219375
02-05-2014 21:00,1.21813
04-05-2014 21:00,1.21752
05-05-2014 21:00,1.217895
06-05-2014 21:00,1.217715
07-05-2014 21:00,1.21882
08-05-2014 21:00,1.218135
09-05-2014 21:00,1.21962
11-05-2014 21:00,1.219495
12-05-2014 21:00,1.22146
13-05-2014 21:00,1.219765
14-05-2014 21:00,1.22026
15-05-2014 21:00,1.221445
16-05-2014 21:00,1.22242
18-05-2014 21:00,1.222095
19-05-2014 21:00,1.223155
20-05-2014 21:00,1.22218
21-05-2014 21:00,1.22261
22-05-2014 21:00,1.221125
23-05-2014 21:00,1.22093
25-05-2014 21:00,1.22089
26-05-2014 21:00,1.220725
27-05-2014 21:00,1.222735
28-05-2014 21:00,1.22107
29-05-2014 21:00,1.22128
30-05-2014 21:00,1.220695
01-06-2014 21:00,1.220465
02-06-2014 21:00,1.221945
03-06-2014 21:00,1.22153
04-06-2014 21:00,1.22013
05-06-2014 21:00,1.217655
06-06-2014 21:00,1.219085
08-06-2014 21:00,1.219005
09-06-2014 21:00,1.219455
10-06-2014 21:00,1.21813
11-06-2014 21:00,1.21776
12-06-2014 21:00,1.217505
13-06-2014 21:00,1.21877
15-06-2014 21:00,1.21835
16-06-2014 21:00,1.217675
17-06-2014 21:00,1.218435
18-06-2014 21:00,1.21773
19-06-2014 21:00,1.216645
20-06-2014 21:00,1.21724
22-06-2014 21:00,1.21674
23-06-2014 21:00,1.216515
24-06-2014 21:00,1.216125
25-06-2014 21:00,1.21688
26-06-2014 21:00,1.216305
27-06-2014 21:00,1.215805
29-06-2014 21:00,1.21584
30-06-2014 21:00,1.214415
01-07-2014 21:00,1.214055
02-07-2014 21:00,1.21405
03-07-2014 21:00,1.215755
04-07-2014 21:00,1.21569
06-07-2014 21:00,1.215915
07-07-2014 21:00,1.215645
08-07-2014 21:00,1.21551
09-07-2014 21:00,1.215445
10-07-2014 21:00,1.214255
11-07-2014 21:00,1.213985
13-07-2014 21:00,1.214195
14-07-2014 21:00,1.214665
15-07-2014 21:00,1.215255
16-07-2014 21:00,1.215095
17-07-2014 21:00,1.213945
18-07-2014 21:00,1.215095
20-07-2014 21:00,1.214965
21-07-2014 21:00,1.214435
22-07-2014 21:00,1.215115
23-07-2014 21:00,1.214625
24-07-2014 21:00,1.215155
25-07-2014 21:00,1.215135
27-07-2014 21:00,1.215135
28-07-2014 21:00,1.21487
29-07-2014 21:00,1.216125
30-07-2014 21:00,1.217515
31-07-2014 21:00,1.21684
01-08-2014 21:00,1.216295
03-08-2014 21:00,1.21612
04-08-2014 21:00,1.21693
05-08-2014 21:00,1.21601
06-08-2014 21:00,1.21457
07-08-2014 21:00,1.214545
08-08-2014 21:00,1.214245
10-08-2014 21:00,1.21435
11-08-2014 21:00,1.213425
12-08-2014 21:00,1.213355
13-08-2014 21:00,1.212805
14-08-2014 21:00,1.21158
15-08-2014 21:00,1.209425
17-08-2014 21:00,1.20952
18-08-2014 21:00,1.211485
19-08-2014 21:00,1.211105
20-08-2014 21:00,1.211135
21-08-2014 21:00,1.21047
22-08-2014 21:00,1.210365
24-08-2014 21:00,1.2108
25-08-2014 21:00,1.207545
26-08-2014 21:00,1.208175
27-08-2014 21:00,1.206935
28-08-2014 21:00,1.2064
29-08-2014 21:00,1.2061
31-08-2014 21:00,1.206915
01-09-2014 21:00,1.207315
02-09-2014 21:00,1.20697
03-09-2014 21:00,1.20676
04-09-2014 21:00,1.206215
05-09-2014 21:00,1.20596
07-09-2014 21:00,1.206095
08-09-2014 21:00,1.206315
09-09-2014 21:00,1.206965
10-09-2014 21:00,1.20987
11-09-2014 21:00,1.2095
12-09-2014 21:00,1.209815
14-09-2014 21:00,1.20941
15-09-2014 21:00,1.210145
16-09-2014 21:00,1.208645
17-09-2014 21:00,1.210645
18-09-2014 21:00,1.20683
19-09-2014 21:00,1.207195
21-09-2014 21:00,1.20723
22-09-2014 21:00,1.20769
23-09-2014 21:00,1.2074
24-09-2014 21:00,1.20847
25-09-2014 21:00,1.207
26-09-2014 21:00,1.20686
28-09-2014 21:00,1.20699
29-09-2014 21:00,1.20682
30-09-2014 21:00,1.2063
01-10-2014 21:00,1.20672
02-10-2014 21:00,1.208615
03-10-2014 21:00,1.210515
05-10-2014 21:00,1.212195
06-10-2014 21:00,1.21267
07-10-2014 21:00,1.212185
08-10-2014 21:00,1.211985
09-10-2014 21:00,1.21117
10-10-2014 21:00,1.20862
12-10-2014 21:00,1.208755
13-10-2014 21:00,1.20882
14-10-2014 21:00,1.20732
15-10-2014 21:00,1.20682
16-10-2014 21:00,1.20728
17-10-2014 21:00,1.20761
19-10-2014 21:00,1.207725
20-10-2014 21:00,1.2067
21-10-2014 21:00,1.206945
22-10-2014 21:00,1.206235
23-10-2014 21:00,1.206635
24-10-2014 21:00,1.206225
26-10-2014 21:00,1.205975
27-10-2014 21:00,1.205785
28-10-2014 21:00,1.206145
29-10-2014 21:00,1.20623
30-10-2014 21:00,1.2057
31-10-2014 21:00,1.205725
02-11-2014 22:00,1.206525
03-11-2014 22:00,1.205615
04-11-2014 22:00,1.20431
05-11-2014 22:00,1.20364
06-11-2014 22:00,1.204405
07-11-2014 22:00,1.203495
09-11-2014 22:00,1.203275
10-11-2014 22:00,1.20245
11-11-2014 22:00,1.20329
12-11-2014 22:00,1.2021
13-11-2014 22:00,1.202115
14-11-2014 22:00,1.20139
16-11-2014 22:00,1.201695
17-11-2014 22:00,1.201235
18-11-2014 22:00,1.20128
19-11-2014 22:00,1.201415
20-11-2014 22:00,1.201775
21-11-2014 22:00,1.20169
23-11-2014 22:00,1.20255
24-11-2014 22:00,1.202465
25-11-2014 22:00,1.202635
26-11-2014 22:00,1.20219
27-11-2014 22:00,1.20191
28-11-2014 22:00,1.20233
30-11-2014 22:00,1.204005
01-12-2014 22:00,1.202895
02-12-2014 22:00,1.20371
03-12-2014 22:00,1.203425
04-12-2014 22:00,1.20233
05-12-2014 22:00,1.202375
07-12-2014 22:00,1.202565
08-12-2014 22:00,1.202175
09-12-2014 22:00,1.20196
10-12-2014 22:00,1.202915
11-12-2014 22:00,1.20123
12-12-2014 22:00,1.20104
14-12-2014 22:00,1.201065
15-12-2014 22:00,1.2009
16-12-2014 22:00,1.2009
17-12-2014 22:00,1.200925
18-12-2014 22:00,1.203805
19-12-2014 22:00,1.20353
21-12-2014 22:00,1.202985
22-12-2014 22:00,1.203005
23-12-2014 22:00,1.202465
24-12-2014 22:00,1.202415
26-12-2014 22:00,1.202955
28-12-2014 22:00,1.202775
29-12-2014 22:00,1.203015
30-12-2014 22:00,1.202185
31-12-2014 22:00,1.202495
02-01-2015 22:00,1.20226
04-01-2015 22:00,1.202315
05-01-2015 22:00,1.201575
06-01-2015 22:00,1.201045
07-01-2015 22:00,1.20097
08-01-2015 22:00,1.201015
09-01-2015 22:00,1.200965
11-01-2015 22:00,1.200995
12-01-2015 22:00,1.200975
13-01-2015 22:00,1.201005
14-01-2015 22:00,1.200935
15-01-2015 22:00,0.975805
16-01-2015 22:00,0.993925
18-01-2015 22:00,0.994365
19-01-2015 22:00,1.02075
20-01-2015 22:00,1.011495
21-01-2015 22:00,0.997995
22-01-2015 22:00,0.99027
23-01-2015 22:00,0.98759
25-01-2015 22:00,0.98145
26-01-2015 22:00,1.014875
27-01-2015 22:00,1.02706
28-01-2015 22:00,1.02173
29-01-2015 22:00,1.045245
30-01-2015 22:00,1.039385
01-02-2015 22:00,1.048965
02-02-2015 22:00,1.052305
03-02-2015 22:00,1.06053
04-02-2015 22:00,1.050565
05-02-2015 22:00,1.05718
06-02-2015 22:00,1.04783
08-02-2015 22:00,1.0471
09-02-2015 22:00,1.045755
10-02-2015 22:00,1.048675
11-02-2015 22:00,1.05249
12-02-2015 22:00,1.06162
13-02-2015 22:00,1.06217
15-02-2015 22:00,1.06188
16-02-2015 22:00,1.05815
17-02-2015 22:00,1.069155
18-02-2015 22:00,1.073865
19-02-2015 22:00,1.07936
20-02-2015 22:00,1.06702
22-02-2015 22:00,1.07218
23-02-2015 22:00,1.076615
24-02-2015 22:00,1.078355
25-02-2015 22:00,1.077485
26-02-2015 22:00,1.066645
27-02-2015 22:00,1.06719
01-03-2015 22:00,1.067005
02-03-2015 22:00,1.07188
03-03-2015 22:00,1.074375
04-03-2015 22:00,1.067225
05-03-2015 22:00,1.0742
06-03-2015 22:00,1.069105
08-03-2015 21:00,1.069075
09-03-2015 21:00,1.06984
10-03-2015 21:00,1.06927
11-03-2015 21:00,1.064415
12-03-2015 21:00,1.065995
13-03-2015 21:00,1.055705
15-03-2015 21:00,1.054465
16-03-2015 21:00,1.06484
17-03-2015 21:00,1.066235
18-03-2015 21:00,1.06356
19-03-2015 21:00,1.05501
20-03-2015 21:00,1.055195
22-03-2015 21:00,1.05733
23-03-2015 21:00,1.057595
24-03-2015 21:00,1.04675
25-03-2015 21:00,1.052715
26-03-2015 21:00,1.048185
27-03-2015 21:00,1.04703
29-03-2015 21:00,1.04707
30-03-2015 21:00,1.047805
31-03-2015 21:00,1.044235
01-04-2015 21:00,1.040755
02-04-2015 21:00,1.04382
03-04-2015 21:00,1.044795
05-04-2015 21:00,1.04583
06-04-2015 21:00,1.04722
07-04-2015 21:00,1.044905
08-04-2015 21:00,1.041935
09-04-2015 21:00,1.042
10-04-2015 21:00,1.038495
12-04-2015 21:00,1.039025
13-04-2015 21:00,1.0333
14-04-2015 21:00,1.03605
15-04-2015 21:00,1.03057
16-04-2015 21:00,1.02896
17-04-2015 21:00,1.029065
19-04-2015 21:00,1.029075
20-04-2015 21:00,1.026795
21-04-2015 21:00,1.02514
22-04-2015 21:00,1.04188
23-04-2015 21:00,1.033185
24-04-2015 21:00,1.03707
26-04-2015 21:00,1.03724
27-04-2015 21:00,1.04035
28-04-2015 21:00,1.049135
29-04-2015 21:00,1.045565
30-04-2015 21:00,1.046495
01-05-2015 21:00,1.04437
03-05-2015 21:00,1.046055
04-05-2015 21:00,1.04084
05-05-2015 21:00,1.036345
06-05-2015 21:00,1.039445
07-05-2015 21:00,1.03853
08-05-2015 21:00,1.04441
10-05-2015 21:00,1.043815
11-05-2015 21:00,1.042115
12-05-2015 21:00,1.042115
13-05-2015 21:00,1.04085
14-05-2015 21:00,1.040925
15-05-2015 21:00,1.048335
17-05-2015 21:00,1.04857
18-05-2015 21:00,1.04809
19-05-2015 21:00,1.04474
20-05-2015 21:00,1.03957
21-05-2015 21:00,1.041035
22-05-2015 21:00,1.03933
24-05-2015 21:00,1.03814
25-05-2015 21:00,1.03731
26-05-2015 21:00,1.036575
27-05-2015 21:00,1.03534
28-05-2015 21:00,1.032715
29-05-2015 21:00,1.033615
31-05-2015 21:00,1.03406
01-06-2015 21:00,1.0336
02-06-2015 21:00,1.04005
03-06-2015 21:00,1.05285
04-06-2015 21:00,1.049125
05-06-2015 21:00,1.04415
07-06-2015 21:00,1.045325
08-06-2015 21:00,1.047305
09-06-2015 21:00,1.05001
10-06-2015 21:00,1.054695
11-06-2015 21:00,1.05096
12-06-2015 21:00,1.04602
14-06-2015 21:00,1.0431
15-06-2015 21:00,1.0487
16-06-2015 21:00,1.04862
17-06-2015 21:00,1.045375
18-06-2015 21:00,1.046575
19-06-2015 21:00,1.041955
21-06-2015 21:00,1.043225
22-06-2015 21:00,1.044945
23-06-2015 21:00,1.04305
24-06-2015 21:00,1.04654
25-06-2015 21:00,1.049575
26-06-2015 21:00,1.0422
28-06-2015 21:00,1.03286
29-06-2015 21:00,1.03932
30-06-2015 21:00,1.04234
01-07-2015 21:00,1.048255
02-07-2015 21:00,1.04579
03-07-2015 21:00,1.045205
05-07-2015 21:00,1.036845
06-07-2015 21:00,1.041905
07-07-2015 21:00,1.04268
08-07-2015 21:00,1.047195
09-07-2015 21:00,1.04616
10-07-2015 21:00,1.047375
12-07-2015 21:00,1.04463
13-07-2015 21:00,1.045675
14-07-2015 21:00,1.04019
15-07-2015 21:00,1.042325
16-07-2015 21:00,1.041775
17-07-2015 21:00,1.041425
19-07-2015 21:00,1.042105
20-07-2015 21:00,1.04417
21-07-2015 21:00,1.04804
22-07-2015 21:00,1.04904
23-07-2015 21:00,1.054345
24-07-2015 21:00,1.056745
26-07-2015 21:00,1.0568
27-07-2015 21:00,1.067335
28-07-2015 21:00,1.06435
29-07-2015 21:00,1.06349
30-07-2015 21:00,1.059725
31-07-2015 21:00,1.060205
02-08-2015 21:00,1.06152
03-08-2015 21:00,1.061255
04-08-2015 21:00,1.064665
05-08-2015 21:00,1.067745
06-08-2015 21:00,1.07155
07-08-2015 21:00,1.078265
09-08-2015 21:00,1.0762
10-08-2015 21:00,1.08386
11-08-2015 21:00,1.09109
12-08-2015 21:00,1.0884
13-08-2015 21:00,1.088785
14-08-2015 21:00,1.08423
16-08-2015 21:00,1.085315
17-08-2015 21:00,1.084215
18-08-2015 21:00,1.07742
19-08-2015 21:00,1.07386
20-08-2015 21:00,1.077505
21-08-2015 21:00,1.077385
23-08-2015 21:00,1.07666
24-08-2015 21:00,1.080935
25-08-2015 21:00,1.08163
26-08-2015 21:00,1.07998
27-08-2015 21:00,1.086585
28-08-2015 21:00,1.07663
30-08-2015 21:00,1.07713
31-08-2015 21:00,1.084495
01-09-2015 21:00,1.08484
02-09-2015 21:00,1.088145
03-09-2015 21:00,1.082755
04-09-2015 21:00,1.08398
06-09-2015 21:00,1.08457
07-09-2015 21:00,1.08918
08-09-2015 21:00,1.09701
09-09-2015 21:00,1.09316
10-09-2015 21:00,1.097625
11-09-2015 21:00,1.098885
13-09-2015 21:00,1.098615
14-09-2015 21:00,1.0958
15-09-2015 21:00,1.09789
16-09-2015 21:00,1.09669
17-09-2015 21:00,1.098275
18-09-2015 21:00,1.094525
20-09-2015 21:00,1.0942
21-09-2015 21:00,1.087375
22-09-2015 21:00,1.084555
23-09-2015 21:00,1.09576
24-09-2015 21:00,1.09521
25-09-2015 21:00,1.09582
27-09-2015 21:00,1.0955
28-09-2015 21:00,1.094755
29-09-2015 21:00,1.09333
30-09-2015 21:00,1.08783
01-10-2015 21:00,1.0938
02-10-2015 21:00,1.089285
04-10-2015 21:00,1.090195
05-10-2015 21:00,1.09135
06-10-2015 21:00,1.08977
07-10-2015 21:00,1.094065
08-10-2015 21:00,1.089255
09-10-2015 21:00,1.09272
11-10-2015 21:00,1.09186
12-10-2015 21:00,1.09358
13-10-2015 21:00,1.08995
14-10-2015 21:00,1.08968
15-10-2015 21:00,1.08218
16-10-2015 21:00,1.08258
18-10-2015 21:00,1.083335
19-10-2015 21:00,1.083145
20-10-2015 21:00,1.08501
21-10-2015 21:00,1.088025
22-10-2015 21:00,1.08111
23-10-2015 21:00,1.07843
25-10-2015 21:00,1.077095
26-10-2015 21:00,1.087605
27-10-2015 21:00,1.08985
28-10-2015 21:00,1.086
29-10-2015 21:00,1.086335
30-10-2015 21:00,1.087135
01-11-2015 22:00,1.08761
02-11-2015 22:00,1.08693
03-11-2015 22:00,1.086565
04-11-2015 22:00,1.079325
05-11-2015 22:00,1.083185
06-11-2015 22:00,1.079835
08-11-2015 22:00,1.07868
09-11-2015 22:00,1.079
10-11-2015 22:00,1.07926
11-11-2015 22:00,1.079135
12-11-2015 22:00,1.08159
13-11-2015 22:00,1.083445
15-11-2015 22:00,1.08088
16-11-2015 22:00,1.079115
17-11-2015 22:00,1.079885
18-11-2015 22:00,1.08707
19-11-2015 22:00,1.0871
20-11-2015 22:00,1.08443
22-11-2015 22:00,1.084825
23-11-2015 22:00,1.082985
24-11-2015 22:00,1.082055
25-11-2015 22:00,1.085055
26-11-2015 22:00,1.086225
27-11-2015 22:00,1.090975
29-11-2015 22:00,1.090845
30-11-2015 22:00,1.08704
01-12-2015 22:00,1.090855
02-12-2015 22:00,1.08111
03-12-2015 22:00,1.086805
04-12-2015 22:00,1.084425
06-12-2015 22:00,1.0849
07-12-2015 22:00,1.083785
08-12-2015 22:00,1.08086
09-12-2015 22:00,1.08397
10-12-2015 22:00,1.080725
11-12-2015 22:00,1.080995
14-12-2015 22:00,1.083075
15-12-2015 22:00,1.083685
16-12-2015 22:00,1.08054
17-12-2015 22:00,1.07854
18-12-2015 22:00,1.078135
20-12-2015 22:00,1.07826
21-12-2015 22:00,1.083205
22-12-2015 22:00,1.081735
23-12-2015 22:00,1.080905
24-12-2015 22:00,1.081265
27-12-2015 22:00,1.08177
28-12-2015 22:00,1.083995
29-12-2015 22:00,1.084345
30-12-2015 22:00,1.08094
31-12-2015 22:00,1.086275
03-01-2016 22:00,1.08862
04-01-2016 22:00,1.08546
05-01-2016 22:00,1.084215
06-01-2016 22:00,1.086205
07-01-2016 22:00,1.085785
08-01-2016 22:00,1.086985
10-01-2016 22:00,1.08635
11-01-2016 22:00,1.08747
12-01-2016 22:00,1.088265
13-01-2016 22:00,1.09432
14-01-2016 22:00,1.091795
15-01-2016 22:00,1.09304
17-01-2016 22:00,1.094135
18-01-2016 22:00,1.095095
19-01-2016 22:00,1.09458
20-01-2016 22:00,1.0939
21-01-2016 22:00,1.095445
22-01-2016 22:00,1.097305
24-01-2016 22:00,1.09608
25-01-2016 22:00,1.09878
26-01-2016 22:00,1.105315
27-01-2016 22:00,1.105805
28-01-2016 22:00,1.10916
29-01-2016 22:00,1.108075
31-01-2016 22:00,1.106675
01-02-2016 22:00,1.110365
02-02-2016 22:00,1.11224
03-02-2016 22:00,1.115415
04-02-2016 22:00,1.113315
05-02-2016 22:00,1.105935
07-02-2016 22:00,1.106035
08-02-2016 22:00,1.104805
09-02-2016 22:00,1.098465
10-02-2016 22:00,1.099285
11-02-2016 22:00,1.101235
12-02-2016 22:00,1.09955
14-02-2016 22:00,1.09823
15-02-2016 22:00,1.101225
16-02-2016 22:00,1.10182
17-02-2016 22:00,1.104365
18-02-2016 22:00,1.102765
19-02-2016 22:00,1.101695
21-02-2016 22:00,1.09965
22-02-2016 22:00,1.1026
23-02-2016 22:00,1.09238
24-02-2016 22:00,1.08899
25-02-2016 22:00,1.09121
26-02-2016 22:00,1.08891
28-02-2016 22:00,1.08937
29-02-2016 22:00,1.085495
01-03-2016 22:00,1.084
02-03-2016 22:00,1.08323
03-03-2016 22:00,1.08695
04-03-2016 22:00,1.093225
06-03-2016 22:00,1.09204
07-03-2016 22:00,1.096295
08-03-2016 22:00,1.09647
09-03-2016 22:00,1.09698
10-03-2016 22:00,1.101045
11-03-2016 22:00,1.0953
13-03-2016 21:00,1.09658
14-03-2016 21:00,1.096095
15-03-2016 21:00,1.096685
16-03-2016 21:00,1.09641
17-03-2016 21:00,1.095145
18-03-2016 21:00,1.09243
20-03-2016 21:00,1.093345
21-03-2016 21:00,1.09029
22-03-2016 21:00,1.09112
23-03-2016 21:00,1.09053
24-03-2016 21:00,1.090295
25-03-2016 21:00,1.091045
27-03-2016 21:00,1.091695
28-03-2016 21:00,1.090435
29-03-2016 21:00,1.091685
30-03-2016 21:00,1.094165
31-03-2016 21:00,1.0945
01-04-2016 21:00,1.091475
03-04-2016 21:00,1.091515
04-04-2016 21:00,1.092125
05-04-2016 21:00,1.088465
06-04-2016 21:00,1.089515
07-04-2016 21:00,1.087405
08-04-2016 21:00,1.086785
10-04-2016 21:00,1.08735
11-04-2016 21:00,1.088485
12-04-2016 21:00,1.087385
13-04-2016 21:00,1.090045
14-04-2016 21:00,1.089375
15-04-2016 21:00,1.092305
17-04-2016 21:00,1.091105
18-04-2016 21:00,1.09094
19-04-2016 21:00,1.092435
20-04-2016 21:00,1.09818
21-04-2016 21:00,1.10066
22-04-2016 21:00,1.098565
24-04-2016 21:00,1.09852
25-04-2016 21:00,1.098515
26-04-2016 21:00,1.09998
27-04-2016 21:00,1.09957
28-04-2016 21:00,1.09725
29-04-2016 21:00,1.09843
01-05-2016 21:00,1.09786
02-05-2016 21:00,1.100575
03-05-2016 21:00,1.0972
04-05-2016 21:00,1.100055
05-05-2016 21:00,1.103755
06-05-2016 21:00,1.10913
08-05-2016 21:00,1.10806
09-05-2016 21:00,1.105505
10-05-2016 21:00,1.110075
11-05-2016 21:00,1.10953
12-05-2016 21:00,1.10407
13-05-2016 21:00,1.103225
15-05-2016 21:00,1.102905
16-05-2016 21:00,1.10672
17-05-2016 21:00,1.109405
18-05-2016 21:00,1.107885
19-05-2016 21:00,1.109755
20-05-2016 21:00,1.111395
22-05-2016 21:00,1.1109
23-05-2016 21:00,1.110195
24-05-2016 21:00,1.106665
25-05-2016 21:00,1.105705
26-05-2016 21:00,1.10746
27-05-2016 21:00,1.105505
29-05-2016 21:00,1.105355
30-05-2016 21:00,1.10519
31-05-2016 21:00,1.10636
01-06-2016 21:00,1.105375
02-06-2016 21:00,1.104235
03-06-2016 21:00,1.10915
05-06-2016 21:00,1.109025
06-06-2016 21:00,1.101965
07-06-2016 21:00,1.09633
08-06-2016 21:00,1.092915
09-06-2016 21:00,1.091485
10-06-2016 21:00,1.08515
12-06-2016 21:00,1.08596
13-06-2016 21:00,1.089045
14-06-2016 21:00,1.079595
15-06-2016 21:00,1.082595
16-06-2016 21:00,1.083195
17-06-2016 21:00,1.08153
19-06-2016 21:00,1.088325
20-06-2016 21:00,1.088285
21-06-2016 21:00,1.08165
22-06-2016 21:00,1.081775
23-06-2016 21:00,1.09097
24-06-2016 21:00,1.081645
26-06-2016 21:00,1.074435
27-06-2016 21:00,1.078765
28-06-2016 21:00,1.086395
29-06-2016 21:00,1.08998
30-06-2016 21:00,1.084035
01-07-2016 21:00,1.084845
04-07-2016 21:00,1.08333
05-07-2016 21:00,1.082025
06-07-2016 21:00,1.082235
07-07-2016 21:00,1.082055
08-07-2016 21:00,1.08627
10-07-2016 21:00,1.08504
11-07-2016 21:00,1.08671
12-07-2016 21:00,1.09388
13-07-2016 21:00,1.092675
14-07-2016 21:00,1.090605
15-07-2016 21:00,1.08474
17-07-2016 21:00,1.085685
18-07-2016 21:00,1.088025
19-07-2016 21:00,1.08615
20-07-2016 21:00,1.087535
21-07-2016 21:00,1.087015
22-07-2016 21:00,1.08325
24-07-2016 21:00,1.08345
25-07-2016 21:00,1.083965
26-07-2016 21:00,1.090345
27-07-2016 21:00,1.09034
28-07-2016 21:00,1.08665
29-07-2016 21:00,1.08365
31-07-2016 21:00,1.083325
01-08-2016 21:00,1.081395
02-08-2016 21:00,1.082605
03-08-2016 21:00,1.08508
04-08-2016 21:00,1.08409
05-08-2016 21:00,1.08753
07-08-2016 21:00,1.086335
08-08-2016 21:00,1.089395
09-08-2016 21:00,1.09094
10-08-2016 21:00,1.090055
11-08-2016 21:00,1.08641
12-08-2016 21:00,1.08815
14-08-2016 21:00,1.0884
15-08-2016 21:00,1.08816
16-08-2016 21:00,1.084785
17-08-2016 21:00,1.08604
18-08-2016 21:00,1.08349
19-08-2016 21:00,1.087135
21-08-2016 21:00,1.087465
22-08-2016 21:00,1.089465
23-08-2016 21:00,1.089305
24-08-2016 21:00,1.089175
25-08-2016 21:00,1.091835
26-08-2016 21:00,1.095065
28-08-2016 21:00,1.09397
29-08-2016 21:00,1.094575
30-08-2016 21:00,1.09633
31-08-2016 21:00,1.09778
01-09-2016 21:00,1.097385
02-09-2016 21:00,1.093595
04-09-2016 21:00,1.094525
05-09-2016 21:00,1.092295
06-09-2016 21:00,1.091395
07-09-2016 21:00,1.09045
08-09-2016 21:00,1.0951
09-09-2016 21:00,1.095525
11-09-2016 21:00,1.09509
12-09-2016 21:00,1.09206
13-09-2016 21:00,1.09557
14-09-2016 21:00,1.09507
15-09-2016 21:00,1.09257
16-09-2016 21:00,1.09365
18-09-2016 21:00,1.092915
19-09-2016 21:00,1.095285
20-09-2016 21:00,1.091825
21-09-2016 21:00,1.08988
22-09-2016 21:00,1.08571
23-09-2016 21:00,1.089195
25-09-2016 21:00,1.089375
26-09-2016 21:00,1.090675
27-09-2016 21:00,1.088845
28-09-2016 21:00,1.089175
29-09-2016 21:00,1.08429
30-09-2016 21:00,1.09164
02-10-2016 21:00,1.09036
03-10-2016 21:00,1.091405
04-10-2016 21:00,1.096955
05-10-2016 21:00,1.091965
06-10-2016 21:00,1.093785
07-10-2016 21:00,1.094595
09-10-2016 21:00,1.094345
10-10-2016 21:00,1.09425
11-10-2016 21:00,1.093065
12-10-2016 21:00,1.09052
13-10-2016 21:00,1.09025
14-10-2016 21:00,1.086525
16-10-2016 21:00,1.08652
17-10-2016 21:00,1.08785
18-10-2016 21:00,1.087095
19-10-2016 21:00,1.085235
20-10-2016 21:00,1.084945
21-10-2016 21:00,1.08168
23-10-2016 21:00,1.08251
24-10-2016 21:00,1.08097
25-10-2016 21:00,1.08265
26-10-2016 21:00,1.083705
27-10-2016 21:00,1.08268
28-10-2016 21:00,1.08492
30-10-2016 21:00,1.084725
31-10-2016 21:00,1.085925
01-11-2016 21:00,1.07829
02-11-2016 21:00,1.08017
03-11-2016 21:00,1.081685
04-11-2016 21:00,1.078795
06-11-2016 22:00,1.081615
07-11-2016 22:00,1.0757
08-11-2016 22:00,1.07797
09-11-2016 22:00,1.074005
10-11-2016 22:00,1.074855
11-11-2016 22:00,1.07272
13-11-2016 22:00,1.071765
14-11-2016 22:00,1.071695
15-11-2016 22:00,1.074085
16-11-2016 22:00,1.07108
17-11-2016 22:00,1.070385
18-11-2016 22:00,1.070015
20-11-2016 22:00,1.07074
21-11-2016 22:00,1.07238
22-11-2016 22:00,1.074735
23-11-2016 22:00,1.073195
24-11-2016 22:00,1.072955
25-11-2016 22:00,1.07472
27-11-2016 22:00,1.073455
28-11-2016 22:00,1.075125
29-11-2016 22:00,1.07733
30-11-2016 22:00,1.07773
01-12-2016 22:00,1.077525
02-12-2016 22:00,1.077795
04-12-2016 22:00,1.078775
05-12-2016 22:00,1.083245
06-12-2016 22:00,1.082825
07-12-2016 22:00,1.08335
08-12-2016 22:00,1.078815
09-12-2016 22:00,1.07383
11-12-2016 22:00,1.073495
12-12-2016 22:00,1.077605
13-12-2016 22:00,1.075385
14-12-2016 22:00,1.074855
15-12-2016 22:00,1.07256
16-12-2016 22:00,1.07296
18-12-2016 22:00,1.07223
19-12-2016 22:00,1.068585
20-12-2016 22:00,1.069065
21-12-2016 22:00,1.070335
22-12-2016 22:00,1.070185
23-12-2016 22:00,1.073405
27-12-2016 22:00,1.07523
28-12-2016 22:00,1.071025
29-12-2016 22:00,1.07299
30-12-2016 22:00,1.07183
03-01-2017 22:00,1.06907
04-01-2017 22:00,1.07074
05-01-2017 22:00,1.071045
06-01-2017 22:00,1.072075
08-01-2017 22:00,1.071225
09-01-2017 22:00,1.07344
10-01-2017 22:00,1.073255
11-01-2017 22:00,1.073245
12-01-2017 22:00,1.073015
13-01-2017 22:00,1.073915
15-01-2017 22:00,1.071755
16-01-2017 22:00,1.07249
17-01-2017 22:00,1.073005
18-01-2017 22:00,1.070915
19-01-2017 22:00,1.073095
20-01-2017 22:00,1.07248
22-01-2017 22:00,1.072305
23-01-2017 22:00,1.07271
24-01-2017 22:00,1.07409
25-01-2017 22:00,1.074135
26-01-2017 22:00,1.06789
27-01-2017 22:00,1.068985
29-01-2017 22:00,1.069345
30-01-2017 22:00,1.064485
31-01-2017 22:00,1.068245
01-02-2017 22:00,1.06926
02-02-2017 22:00,1.068105
03-02-2017 22:00,1.070155
05-02-2017 22:00,1.070175
06-02-2017 22:00,1.06576
07-02-2017 22:00,1.065945
08-02-2017 22:00,1.06415
09-02-2017 22:00,1.06738
10-02-2017 22:00,1.066755
12-02-2017 22:00,1.066845
13-02-2017 22:00,1.06582
14-02-2017 22:00,1.06459
15-02-2017 22:00,1.065695
16-02-2017 22:00,1.064205
17-02-2017 22:00,1.064195
19-02-2017 22:00,1.064345
20-02-2017 22:00,1.0644
21-02-2017 22:00,1.06396
22-02-2017 22:00,1.06685
23-02-2017 22:00,1.064975
24-02-2017 22:00,1.064285
26-02-2017 22:00,1.064185
27-02-2017 22:00,1.06838
28-02-2017 22:00,1.063925
01-03-2017 22:00,1.064085
02-03-2017 22:00,1.064635
03-03-2017 22:00,1.070435
05-03-2017 22:00,1.069985
06-03-2017 22:00,1.07085
07-03-2017 22:00,1.070615
08-03-2017 22:00,1.06967
09-03-2017 22:00,1.070605
10-03-2017 21:00,1.07924
12-03-2017 21:00,1.078995
13-03-2017 21:00,1.07307
14-03-2017 21:00,1.071235
15-03-2017 21:00,1.07352
16-03-2017 21:00,1.0727
17-03-2017 21:00,1.072155
19-03-2017 21:00,1.071195
20-03-2017 21:00,1.07258
21-03-2017 21:00,1.074415
22-03-2017 21:00,1.070565
23-03-2017 21:00,1.071235
24-03-2017 21:00,1.0706
26-03-2017 21:00,1.07165
27-03-2017 21:00,1.07068
28-03-2017 21:00,1.07322
29-03-2017 21:00,1.07279
30-03-2017 21:00,1.06877
31-03-2017 21:00,1.068935
02-04-2017 21:00,1.069325
03-04-2017 21:00,1.06861
04-04-2017 21:00,1.069305
05-04-2017 21:00,1.07157
06-04-2017 21:00,1.069735
07-04-2017 21:00,1.06895
09-04-2017 21:00,1.068505
10-04-2017 21:00,1.06877
11-04-2017 21:00,1.06828
12-04-2017 21:00,1.0698
13-04-2017 21:00,1.0674
14-04-2017 21:00,1.067175
16-04-2017 21:00,1.06726
17-04-2017 21:00,1.06901
18-04-2017 21:00,1.06885
19-04-2017 21:00,1.06919
20-04-2017 21:00,1.07024
21-04-2017 21:00,1.068355
23-04-2017 21:00,1.081325
24-04-2017 21:00,1.082055
25-04-2017 21:00,1.08542
26-04-2017 21:00,1.082955
27-04-2017 21:00,1.08091
28-04-2017 21:00,1.08437
30-04-2017 21:00,1.08367
01-05-2017 21:00,1.08594
02-05-2017 21:00,1.08404
03-05-2017 21:00,1.082575
04-05-2017 21:00,1.08341
05-05-2017 21:00,1.086215
07-05-2017 21:00,1.088395
08-05-2017 21:00,1.090775
09-05-2017 21:00,1.09555
10-05-2017 21:00,1.09642
11-05-2017 21:00,1.094675
12-05-2017 21:00,1.094495
14-05-2017 21:00,1.093745
15-05-2017 21:00,1.093745
16-05-2017 21:00,1.09258
17-05-2017 21:00,1.09211
18-05-2017 21:00,1.088
19-05-2017 21:00,1.090305
21-05-2017 21:00,1.09036
22-05-2017 21:00,1.09395
23-05-2017 21:00,1.09143
24-05-2017 21:00,1.091935
25-05-2017 21:00,1.090775
26-05-2017 21:00,1.089395
28-05-2017 21:00,1.08927
29-05-2017 21:00,1.09118
30-05-2017 21:00,1.090215
31-05-2017 21:00,1.088115
01-06-2017 21:00,1.08935
02-06-2017 21:00,1.08591
04-06-2017 21:00,1.086395
05-06-2017 21:00,1.08628
06-06-2017 21:00,1.084755
07-06-2017 21:00,1.08594
08-06-2017 21:00,1.08484
09-06-2017 21:00,1.085275
11-06-2017 21:00,1.0857
12-06-2017 21:00,1.085305
13-06-2017 21:00,1.086
14-06-2017 21:00,1.089355
15-06-2017 21:00,1.087115
16-06-2017 21:00,1.09052
18-06-2017 21:00,1.090275
19-06-2017 21:00,1.08766
20-06-2017 21:00,1.085595
21-06-2017 21:00,1.08605
22-06-2017 21:00,1.08363
23-06-2017 21:00,1.08502
25-06-2017 21:00,1.08522
26-06-2017 21:00,1.08744
27-06-2017 21:00,1.088965
28-06-2017 21:00,1.091895
29-06-2017 21:00,1.093565
30-06-2017 21:00,1.0947
02-07-2017 21:00,1.094295
03-07-2017 21:00,1.09507
04-07-2017 21:00,1.09533
05-07-2017 21:00,1.09437
06-07-2017 21:00,1.09722
07-07-2017 21:00,1.099145
09-07-2017 21:00,1.098505
10-07-2017 21:00,1.10077
11-07-2017 21:00,1.1053
12-07-2017 21:00,1.101545
13-07-2017 21:00,1.102405
14-07-2017 21:00,1.10494
16-07-2017 21:00,1.104925
17-07-2017 21:00,1.10475
18-07-2017 21:00,1.103385
19-07-2017 21:00,1.100435
20-07-2017 21:00,1.10642
21-07-2017 21:00,1.10326
23-07-2017 21:00,1.103715
24-07-2017 21:00,1.10186
25-07-2017 21:00,1.10927
26-07-2017 21:00,1.116045
27-07-2017 21:00,1.12676
28-07-2017 21:00,1.13833
30-07-2017 21:00,1.1384
31-07-2017 21:00,1.1451
01-08-2017 21:00,1.13973
02-08-2017 21:00,1.151405
03-08-2017 21:00,1.149455
04-08-2017 21:00,1.145505
06-08-2017 21:00,1.1457
07-08-2017 21:00,1.147925
08-08-2017 21:00,1.14484
09-08-2017 21:00,1.13295
10-08-2017 21:00,1.13318
11-08-2017 21:00,1.13733
13-08-2017 21:00,1.13622
14-08-2017 21:00,1.145215
15-08-2017 21:00,1.141435
16-08-2017 21:00,1.13638
17-08-2017 21:00,1.128935
18-08-2017 21:00,1.134715
20-08-2017 21:00,1.135545
21-08-2017 21:00,1.13651
22-08-2017 21:00,1.138935
23-08-2017 21:00,1.140055
24-08-2017 21:00,1.13912
25-08-2017 21:00,1.140575
27-08-2017 21:00,1.1415
28-08-2017 21:00,1.14434
29-08-2017 21:00,1.144245
30-08-2017 21:00,1.14522
31-08-2017 21:00,1.14174
01-09-2017 21:00,1.144385
03-09-2017 21:00,1.14052
04-09-2017 21:00,1.13987
05-09-2017 21:00,1.137905
06-09-2017 21:00,1.13983
07-09-2017 21:00,1.142655
08-09-2017 21:00,1.136375
10-09-2017 21:00,1.13853
11-09-2017 21:00,1.14286
12-09-2017 21:00,1.149235
13-09-2017 21:00,1.14588
14-09-2017 21:00,1.14796
15-09-2017 21:00,1.146255
17-09-2017 21:00,1.145905
18-09-2017 21:00,1.14956
19-09-2017 21:00,1.15475
20-09-2017 21:00,1.15328
21-09-2017 21:00,1.159035
22-09-2017 21:00,1.158525
24-09-2017 21:00,1.15519
25-09-2017 21:00,1.14503
26-09-2017 21:00,1.142445
27-09-2017 21:00,1.14165
28-09-2017 21:00,1.143435
29-09-2017 21:00,1.14371
01-10-2017 21:00,1.14248
02-10-2017 21:00,1.14358
03-10-2017 21:00,1.143525
04-10-2017 21:00,1.14661
05-10-2017 21:00,1.145775
06-10-2017 21:00,1.14744
08-10-2017 21:00,1.14765
09-10-2017 21:00,1.15032
10-10-2017 21:00,1.151455
11-10-2017 21:00,1.154275
12-10-2017 21:00,1.15398
13-10-2017 21:00,1.15203
15-10-2017 21:00,1.15229
16-10-2017 21:00,1.150575
17-10-2017 21:00,1.151185
18-10-2017 21:00,1.15708
19-10-2017 21:00,1.15706
20-10-2017 21:00,1.159635
22-10-2017 21:00,1.159105
23-10-2017 21:00,1.157315
24-10-2017 21:00,1.16574
25-10-2017 21:00,1.16907
26-10-2017 21:00,1.162205
27-10-2017 21:00,1.15846
29-10-2017 21:00,1.158025
30-10-2017 21:00,1.158485
31-10-2017 21:00,1.1618
01-11-2017 21:00,1.16561
02-11-2017 21:00,1.165125
03-11-2017 22:00,1.161575
05-11-2017 22:00,1.161505
06-11-2017 22:00,1.158015
07-11-2017 22:00,1.15854
08-11-2017 22:00,1.15965
09-11-2017 22:00,1.1571
10-11-2017 22:00,1.161855
12-11-2017 22:00,1.1608
13-11-2017 22:00,1.162405
14-11-2017 22:00,1.167245
15-11-2017 22:00,1.16546
16-11-2017 22:00,1.16998
17-11-2017 22:00,1.165715
19-11-2017 22:00,1.165875
20-11-2017 22:00,1.1656
21-11-2017 22:00,1.163755
22-11-2017 22:00,1.16099
23-11-2017 22:00,1.16288
24-11-2017 22:00,1.168615
26-11-2017 22:00,1.168285
27-11-2017 22:00,1.16795
28-11-2017 22:00,1.165925
29-11-2017 22:00,1.166435
30-11-2017 22:00,1.17095
01-12-2017 22:00,1.16133
03-12-2017 22:00,1.164215
04-12-2017 22:00,1.16885
05-12-2017 22:00,1.167695
06-12-2017 22:00,1.16768
07-12-2017 22:00,1.170675
08-12-2017 22:00,1.168555
10-12-2017 22:00,1.16919
11-12-2017 22:00,1.167205
12-12-2017 22:00,1.16428
13-12-2017 22:00,1.165415
14-12-2017 22:00,1.164785
15-12-2017 22:00,1.164245
17-12-2017 22:00,1.164405
18-12-2017 22:00,1.16138
19-12-2017 22:00,1.166175
20-12-2017 22:00,1.171595
21-12-2017 22:00,1.17377
22-12-2017 22:00,1.1735
26-12-2017 22:00,1.17326
27-12-2017 22:00,1.172555
28-12-2017 22:00,1.169365
29-12-2017 22:00,1.169735
02-01-2018 22:00,1.17168
03-01-2018 22:00,1.173925
04-01-2018 22:00,1.17546
05-01-2018 22:00,1.172705
07-01-2018 22:00,1.172935
08-01-2018 22:00,1.169395
09-01-2018 22:00,1.173135
10-01-2018 22:00,1.16892
11-01-2018 22:00,1.174195
12-01-2018 22:00,1.180615
14-01-2018 22:00,1.18062
15-01-2018 22:00,1.181045
16-01-2018 22:00,1.17632
17-01-2018 22:00,1.176565
18-01-2018 22:00,1.17357
19-01-2018 22:00,1.177935
21-01-2018 22:00,1.17917
22-01-2018 22:00,1.179375
23-01-2018 22:00,1.17782
24-01-2018 22:00,1.172925
25-01-2018 22:00,1.166845
26-01-2018 22:00,1.160715
29-01-2018 22:00,1.16091
30-01-2018 22:00,1.15919
31-01-2018 22:00,1.15608
01-02-2018 22:00,1.158845
02-02-2018 22:00,1.160275
04-02-2018 22:00,1.15993
05-02-2018 22:00,1.15209
06-02-2018 22:00,1.15854
07-02-2018 22:00,1.157475
08-02-2018 22:00,1.146775
09-02-2018 22:00,1.15125
12-02-2018 22:00,1.15447
13-02-2018 22:00,1.1549
14-02-2018 22:00,1.15714
15-02-2018 22:00,1.15313
16-02-2018 22:00,1.151195
18-02-2018 22:00,1.15167
19-02-2018 22:00,1.152725
20-02-2018 22:00,1.154835
21-02-2018 22:00,1.153375
22-02-2018 22:00,1.150255
23-02-2018 22:00,1.151
25-02-2018 22:00,1.152195
26-02-2018 22:00,1.15536
27-02-2018 22:00,1.14859
28-02-2018 22:00,1.15182
01-03-2018 22:00,1.15537
02-03-2018 22:00,1.155485
04-03-2018 22:00,1.154925
05-03-2018 22:00,1.159435
06-03-2018 22:00,1.166845
07-03-2018 22:00,1.171035
08-03-2018 22:00,1.17098
09-03-2018 21:00,1.171
11-03-2018 21:00,1.17056
12-03-2018 21:00,1.16878
13-03-2018 21:00,1.169605
14-03-2018 21:00,1.1686
15-03-2018 21:00,1.17071
16-03-2018 21:00,1.170285
18-03-2018 21:00,1.170645
19-03-2018 21:00,1.173115
20-03-2018 21:00,1.17093
21-03-2018 21:00,1.17175
22-03-2018 21:00,1.167755
23-03-2018 21:00,1.17039
25-03-2018 21:00,1.170085
26-03-2018 21:00,1.176785
27-03-2018 21:00,1.17421
28-03-2018 21:00,1.177625
29-03-2018 21:00,1.176445
30-03-2018 21:00,1.17556
01-04-2018 21:00,1.17519
02-04-2018 21:00,1.174915
03-04-2018 21:00,1.176565
04-04-2018 21:00,1.17977
05-04-2018 21:00,1.1795
06-04-2018 21:00,1.177785
08-04-2018 21:00,1.177535
09-04-2018 21:00,1.178035
10-04-2018 21:00,1.1823
11-04-2018 21:00,1.184375
12-04-2018 21:00,1.18628
13-04-2018 21:00,1.186395
15-04-2018 21:00,1.186445
16-04-2018 21:00,1.18841
17-04-2018 21:00,1.195225
18-04-2018 21:00,1.198615
19-04-2018 21:00,1.19915
20-04-2018 21:00,1.197955
22-04-2018 21:00,1.19737
23-04-2018 21:00,1.19427
24-04-2018 21:00,1.197435
25-04-2018 21:00,1.19573
26-04-2018 21:00,1.197045
27-04-2018 21:00,1.19839
29-04-2018 21:00,1.197745
30-04-2018 21:00,1.19678
01-05-2018 21:00,1.19513
02-05-2018 21:00,1.194165
03-05-2018 21:00,1.196045
04-05-2018 21:00,1.196185
06-05-2018 21:00,1.19615
07-05-2018 21:00,1.195415
08-05-2018 21:00,1.188565
09-05-2018 21:00,1.19143
10-05-2018 21:00,1.19514
11-05-2018 21:00,1.19451
13-05-2018 21:00,1.194605
14-05-2018 21:00,1.19331
15-05-2018 21:00,1.18535
16-05-2018 21:00,1.18226
17-05-2018 21:00,1.18139
18-05-2018 21:00,1.174295
20-05-2018 21:00,1.17429
21-05-2018 21:00,1.175925
22-05-2018 21:00,1.16935
23-05-2018 21:00,1.164555
24-05-2018 21:00,1.162005
25-05-2018 21:00,1.153315
27-05-2018 21:00,1.158935
28-05-2018 21:00,1.15524
29-05-2018 21:00,1.143955
30-05-2018 21:00,1.153745
31-05-2018 21:00,1.15263
01-06-2018 21:00,1.151835
03-06-2018 21:00,1.152725
04-06-2018 21:00,1.155875
05-06-2018 21:00,1.153645
06-06-2018 21:00,1.161415
07-06-2018 21:00,1.156705
08-06-2018 21:00,1.159055
10-06-2018 21:00,1.159555
11-06-2018 21:00,1.161155
12-06-2018 21:00,1.15896
13-06-2018 21:00,1.16206
14-06-2018 21:00,1.153275
15-06-2018 21:00,1.157915
17-06-2018 21:00,1.15607
18-06-2018 21:00,1.15671
19-06-2018 21:00,1.152235
20-06-2018 21:00,1.154135
21-06-2018 21:00,1.15088
22-06-2018 21:00,1.151445
24-06-2018 21:00,1.152955
25-06-2018 21:00,1.15515
26-06-2018 21:00,1.153895
27-06-2018 21:00,1.15223
28-06-2018 21:00,1.15397
29-06-2018 21:00,1.157275
01-07-2018 21:00,1.155875
02-07-2018 21:00,1.15647
03-07-2018 21:00,1.15707
04-07-2018 21:00,1.157325
05-07-2018 21:00,1.161205
06-07-2018 21:00,1.162645
08-07-2018 21:00,1.1626
09-07-2018 21:00,1.16515
10-07-2018 21:00,1.164945
11-07-2018 21:00,1.163175
12-07-2018 21:00,1.16977
13-07-2018 21:00,1.17057
15-07-2018 21:00,1.17052
16-07-2018 21:00,1.167395
17-07-2018 21:00,1.1663
18-07-2018 21:00,1.16274
19-07-2018 21:00,1.163255
20-07-2018 21:00,1.163605
22-07-2018 21:00,1.16389
23-07-2018 21:00,1.160455
24-07-2018 21:00,1.1613
25-07-2018 21:00,1.163215
26-07-2018 21:00,1.157465
27-07-2018 21:00,1.159315
29-07-2018 21:00,1.15913
30-07-2018 21:00,1.15692
31-07-2018 21:00,1.15787
01-08-2018 21:00,1.15672
02-08-2018 21:00,1.1532
03-08-2018 21:00,1.150445
05-08-2018 21:00,1.150445
06-08-2018 21:00,1.15151
07-08-2018 21:00,1.154745
08-08-2018 21:00,1.153175
09-08-2018 21:00,1.145425
10-08-2018 21:00,1.135985
12-08-2018 21:00,1.131255
13-08-2018 21:00,1.1333
14-08-2018 21:00,1.127815
15-08-2018 21:00,1.1273
16-08-2018 21:00,1.134085
17-08-2018 21:00,1.138935
19-08-2018 21:00,1.138155
20-08-2018 21:00,1.13844
21-08-2018 21:00,1.14013
22-08-2018 21:00,1.140115
23-08-2018 21:00,1.138085
24-08-2018 21:00,1.142865
26-08-2018 21:00,1.142675
27-08-2018 21:00,1.14418
28-08-2018 21:00,1.14172
29-08-2018 21:00,1.13621
30-08-2018 21:00,1.131135
31-08-2018 21:00,1.124135
02-09-2018 21:00,1.12503
03-09-2018 21:00,1.12621
04-09-2018 21:00,1.1286
05-09-2018 21:00,1.13024
06-09-2018 21:00,1.121855
07-09-2018 21:00,1.119925
09-09-2018 21:00,1.11953
10-09-2018 21:00,1.13046
11-09-2018 21:00,1.12851
12-09-2018 21:00,1.12884
13-09-2018 21:00,1.128595
14-09-2018 21:00,1.12435
16-09-2018 21:00,1.125185
17-09-2018 21:00,1.124595
18-09-2018 21:00,1.125315
19-09-2018 21:00,1.128935
20-09-2018 21:00,1.129275
21-09-2018 21:00,1.12595
23-09-2018 21:00,1.126155
24-09-2018 21:00,1.133115
25-09-2018 21:00,1.135485
26-09-2018 21:00,1.134115
27-09-2018 21:00,1.137645
28-09-2018 21:00,1.139405
30-09-2018 21:00,1.14001
01-10-2018 21:00,1.1393
02-10-2018 21:00,1.13627
03-10-2018 21:00,1.138985
04-10-2018 21:00,1.141895
05-10-2018 21:00,1.14283
07-10-2018 21:00,1.143365
08-10-2018 21:00,1.140465
09-10-2018 21:00,1.139905
10-10-2018 21:00,1.140635
11-10-2018 21:00,1.147065
12-10-2018 21:00,1.14647
14-10-2018 21:00,1.14384
15-10-2018 21:00,1.142865
16-10-2018 21:00,1.14663
17-10-2018 21:00,1.14462
18-10-2018 21:00,1.140245
19-10-2018 21:00,1.147215
21-10-2018 21:00,1.14702
22-10-2018 21:00,1.14191
23-10-2018 21:00,1.141275
24-10-2018 21:00,1.136775
25-10-2018 21:00,1.13689
26-10-2018 21:00,1.137315
28-10-2018 21:00,1.136795
29-10-2018 21:00,1.139495
30-10-2018 21:00,1.14045
31-10-2018 21:00,1.14092
01-11-2018 21:00,1.143265
02-11-2018 22:00,1.14276
04-11-2018 22:00,1.14231
05-11-2018 22:00,1.145845
06-11-2018 22:00,1.14553
07-11-2018 22:00,1.145365
08-11-2018 22:00,1.14315
09-11-2018 22:00,1.139705
11-11-2018 22:00,1.138625
12-11-2018 22:00,1.13406
13-11-2018 22:00,1.13677
14-11-2018 22:00,1.13814
15-11-2018 22:00,1.14045
16-11-2018 22:00,1.141655
19-11-2018 22:00,1.138025
20-11-2018 22:00,1.131605
21-11-2018 22:00,1.13236
22-11-2018 22:00,1.13466
23-11-2018 22:00,1.130655
25-11-2018 22:00,1.131085
26-11-2018 22:00,1.131155
27-11-2018 22:00,1.12784
28-11-2018 22:00,1.129695
29-11-2018 22:00,1.13461
30-11-2018 22:00,1.130875
02-12-2018 22:00,1.133495
03-12-2018 22:00,1.13295
04-12-2018 22:00,1.131445
05-12-2018 22:00,1.131865
06-12-2018 22:00,1.129535
07-12-2018 22:00,1.128275
09-12-2018 22:00,1.12921
10-12-2018 22:00,1.124615
11-12-2018 22:00,1.12416
12-12-2018 22:00,1.129435
13-12-2018 22:00,1.129485
14-12-2018 22:00,1.1283
17-12-2018 22:00,1.126925
18-12-2018 22:00,1.127835
19-12-2018 22:00,1.131565
20-12-2018 22:00,1.13085
21-12-2018 22:00,1.13162
23-12-2018 22:00,1.13122
24-12-2018 22:00,1.12722
26-12-2018 22:00,1.13047
27-12-2018 22:00,1.129295
28-12-2018 22:00,1.126175
30-12-2018 22:00,1.12706
31-12-2018 22:00,1.126205
02-01-2019 22:00,1.1232
03-01-2019 22:00,1.12422
04-01-2019 22:00,1.1246
06-01-2019 22:00,1.123205
07-01-2019 22:00,1.124095
08-01-2019 22:00,1.122795
09-01-2019 22:00,1.124735
10-01-2019 22:00,1.1321
11-01-2019 22:00,1.128565
13-01-2019 22:00,1.128495
14-01-2019 22:00,1.12502
15-01-2019 22:00,1.12741
16-01-2019 22:00,1.128325
17-01-2019 22:00,1.13232
18-01-2019 22:00,1.13138
21-01-2019 22:00,1.133465
22-01-2019 22:00,1.13284
23-01-2019 22:00,1.13268
24-01-2019 22:00,1.126345
25-01-2019 22:00,1.13304
27-01-2019 22:00,1.132795
28-01-2019 22:00,1.13368
29-01-2019 22:00,1.137035
30-01-2019 22:00,1.141345
31-01-2019 22:00,1.1381
01-02-2019 22:00,1.140425
03-02-2019 22:00,1.13997
04-02-2019 22:00,1.14128
05-02-2019 22:00,1.14041
06-02-2019 22:00,1.138905
07-02-2019 22:00,1.136535
08-02-2019 22:00,1.13246
10-02-2019 22:00,1.132585
11-02-2019 22:00,1.132155
12-02-2019 22:00,1.1403
13-02-2019 22:00,1.13645
14-02-2019 22:00,1.13519
15-02-2019 22:00,1.135175
17-02-2019 22:00,1.134655
18-02-2019 22:00,1.136075
19-02-2019 22:00,1.13524
20-02-2019 22:00,1.13491
21-02-2019 22:00,1.135035
22-02-2019 22:00,1.133745
24-02-2019 22:00,1.133975
25-02-2019 22:00,1.136555
26-02-2019 22:00,1.1388
27-02-2019 22:00,1.138725
