Date,price,predicted_price_next_day,actual_price_next_day,actual_returns,predicted_returns,signal
2017-12-21,120.30999755859375,120.28445712743667,120.94000244140625,0.005236513137702126,,0
2017-12-22,120.94000244140625,120.66641316630951,121.7699966430664,0.006862859144246114,0.0031704086259806627,1
2017-12-26,121.7699966430664,121.23709595303035,122.2300033569336,0.0037776687734956127,0.004718276700624473,1
2017-12-27,122.2300033569336,121.93698234622887,122.8499984741211,0.005072364396301321,0.005756274111416416,1
2017-12-28,122.8499984741211,122.61309167995063,123.6500015258789,0.006512031434223742,0.005529428351716308,1
2017-12-29,123.6500015258789,123.26453173445118,125.1500015258789,0.012131014811884722,0.005298909024240668,1
2018-01-02,125.1500015258789,124.31133066623164,124.81999969482422,-0.002636850395774437,0.00845643965281079,1
2018-01-03,124.81999969482422,124.98669357305263,125.45999908447266,0.00512737855482448,0.00541813005579402,1
2018-01-04,125.45999908447266,125.59051847275741,125.33000183105469,-0.0010361649479244672,0.004819481097645722,1
2018-01-05,125.33000183105469,125.5473706713899,125.30999755859375,-0.00015961279955856167,-0.00034361841567679747,0
2018-01-08,125.30999755859375,125.6435135239116,124.7300033569336,-0.0046284750854691525,0.0007654963875344803,1
2018-01-09,124.7300033569336,125.282661258576,125.02999877929688,0.002405158456580736,-0.002876164787556275,0
2018-01-10,125.02999877929688,125.0979755551729,125.44000244140625,0.003279242310744168,-0.0014752397729164567,0
2018-01-11,125.44000244140625,125.09061102347852,126.95999908447266,0.012117319941670202,-5.887184381365643e-05,0
2018-01-12,126.95999908447266,125.9091039722256,127.16999816894531,0.0016540570729914883,0.0065218866880060195,1
2018-01-16,127.16999816894531,126.72113807564304,126.13999938964844,-0.008099385028916384,0.006428659478418962,1
2018-01-17,126.13999938964844,126.97160665704595,125.86000061035156,-0.002219746160232239,0.00197458278160664,1
2018-01-18,125.86000061035156,126.52115549214983,126.41999816894531,0.004449368789751107,-0.0035539605565118337,0
2018-01-19,126.41999816894531,126.19524936690375,126.6500015258789,0.0018193589642852004,-0.002579225563923592,0
2018-01-22,126.6500015258789,126.3690426850868,127.27999877929688,0.004974316982453653,0.00137623053679972,1
2018-01-23,127.27999877929688,126.88007266567054,128.8300018310547,0.012177899643490031,0.004035794348172074,1
2018-01-24,128.8300018310547,127.75951522615428,127.97000122070312,-0.006675468432262743,0.006907378891216369,1
2018-01-25,127.97000122070312,128.23089075725295,128.07000732421875,0.0007814808358339587,0.003682763516468495,1
2018-01-26,128.07000732421875,128.5222924676326,127.3499984741211,-0.005621994291566623,0.0022698985215193718,1
2018-01-29,127.3499984741211,127.92445939161757,126.80000305175781,-0.004318770545372663,-0.0046624428242785275,0
2018-01-30,126.80000305175781,127.43995359453916,127.6500015258789,0.006703457836465088,-0.003794627237108641,0
2018-01-31,127.6500015258789,127.23033786928401,128.07000732421875,0.003290292152912322,-0.0016461737361398254,0
2018-02-01,128.07000732421875,127.48125088577821,126.38999938964844,-0.013117887393550687,0.001970174179213902,1
2018-02-02,126.38999938964844,127.32275427237022,126.70999908447266,0.002531843471552664,-0.001244067052648954,0
2018-02-05,126.70999908447266,126.95877436894024,125.37999725341797,-0.010496423649786535,-0.0028628123636332704,0
2018-02-06,125.37999725341797,125.95896588610923,124.79000091552734,-0.004705665583148222,-0.007906236153045145,0
2018-02-07,124.79000091552734,125.39020638513864,124.9800033569336,0.0015225774502147793,-0.004525660192866612,0
2018-02-08,124.9800033569336,124.76723103884937,124.7699966430664,-0.0016803225174144565,-0.0049806764936260964,0
2018-02-09,124.7699966430664,124.58181754744378,125.37000274658203,0.004808897328354433,-0.0014871805337149078,0
2018-02-12,125.37000274658203,124.84734256575986,126.08000183105469,0.0056632293923437604,0.00212906236380368,1
2018-02-13,126.08000183105469,125.32467899219364,128.22999572753906,0.017052616317100977,0.003816070260170216,1
2018-02-14,128.22999572753906,126.70896612377916,128.3800048828125,0.001169844500285011,0.010985049644725029,1
2018-02-15,128.3800048828125,127.87068718425483,127.95999908447266,-0.003271582663696204,0.009126645505474512,1
2018-02-16,127.95999908447266,128.59611623847394,126.23999786376953,-0.013441710167313103,0.005657114130888903,1
2018-02-20,126.23999786376953,127.77807544480383,125.66000366210938,-0.004594377467322608,-0.006381637438178482,0
2018-02-21,125.66000366210938,126.66696716182149,126.30000305175781,0.005093103382117992,-0.008733637206715512,0
2018-02-22,126.30000305175781,125.97073488894192,126.13999938964844,-0.0012668539845070992,-0.005511719191552896,0
2018-02-23,126.13999938964844,125.89913979363385,126.44999694824219,0.0024575674654647717,-0.0005685086184015568,0
2018-02-26,126.44999694824219,126.19122507235603,125.12999725341797,-0.01043890649807222,0.002317307205164235,1
2018-02-27,125.12999725341797,125.74371242020281,125.0,-0.0010388975966705294,-0.0035526086796820607,0
2018-02-28,125.0,125.36062837789615,124.72000122070312,-0.0022399902343750444,-0.003051196473083861,0
2018-03-01,124.72000122070312,124.75075099302126,125.38999938964844,0.005372018620811936,-0.004876856024474897,0
2018-03-02,125.38999938964844,124.91410545727199,125.18000030517578,-0.0016747674096407872,0.0013085901627011899,1
2018-03-05,125.18000030517578,125.01066936120098,126.52999877929688,0.010784458146907872,0.0007727437890401763,1
2018-03-06,126.52999877929688,125.716750435393,125.72000122070312,-0.006401624645603676,0.00563227541144186,1
2018-03-07,125.72000122070312,125.86245702487749,125.41999816894531,-0.0023862794212923255,0.0011583358358358278,1
2018-03-08,125.41999816894531,125.97527594769741,125.54000091552734,0.0009568071147663115,0.0008959652633099003,1
2018-03-09,125.54000091552734,125.59905333854455,125.54000091552734,0.0,-0.0029909481677800613,0
2018-03-12,125.54000091552734,125.51742557414865,125.77999877929688,0.0019117242474055995,-0.0006501187626106861,0
2018-03-13,125.77999877929688,125.64391473552502,125.69999694824219,-0.0006360457292980959,0.001007234408880237,1
2018-03-14,125.69999694824219,125.6855772277618,124.9000015258789,-0.006364323323672649,0.00033153683869681843,1
2018-03-15,124.9000015258789,125.4401038819542,124.5999984741211,-0.0024019459414951205,-0.001954984634828244,0
2018-03-16,124.5999984741211,124.9800797239862,124.87000274658203,0.0021669685053569143,-0.003674022347648823,0
2018-03-19,124.87000274658203,124.68527605251232,124.30999755859375,-0.004484705499084418,-0.00236159163989573,0
2018-03-20,124.30999755859375,124.48099886540697,126.4800033569336,0.01745640608927701,-0.0016396860525401543,0
2018-03-21,126.4800033569336,125.2107968503857,125.9800033569336,-0.003953194075975608,0.005845607069735186,1
2018-03-22,125.9800033569336,125.64595796802529,127.61000061035156,0.012938539529958382,0.0034694027230678004,1
2018-03-23,127.61000061035156,126.92217344827033,128.27999877929688,0.005250357853935794,0.010105996626347504,1
2018-03-26,128.27999877929688,127.58678650316995,127.48999786376953,-0.0061584106879087885,0.005222720376806986,1
2018-03-27,127.48999786376953,128.15138195244737,125.7300033569336,-0.01380496145836152,0.00441542511988021,1
2018-03-28,125.7300033569336,127.37815676084027,125.79000091552734,0.0004771936450476133,-0.006051962176484478,0
2018-03-29,125.79000091552734,126.351960079314,127.26000213623047,0.011686153191860393,-0.008088927634619122,0
2018-04-02,127.26000213623047,126.20477876213594,126.30000305175781,-0.007543604183229413,-0.0011655308388515424,0
2018-04-03,126.30000305175781,126.38770352348281,126.44999694824219,0.0011876001018218396,0.0014483787614735647,1
2018-04-04,126.44999694824219,126.65314755713284,125.80000305175781,-0.005140323544257752,0.0020980338145759605,1
2018-04-05,125.80000305175781,126.07161152259091,126.38999938964844,0.004689954877408642,-0.004602137622402565,0
2018-04-06,126.38999938964844,126.13574743587132,126.81999969482422,0.0034021703240154633,0.0005085966954158196,1
2018-04-09,126.81999969482422,126.31772157935629,127.12000274658203,0.0023655815524343815,0.0014416452719927275,1
2018-04-10,127.12000274658203,126.85573575693661,128.11000061035156,0.007787899955785216,0.00425016898002273,1
2018-04-11,128.11000061035156,127.49101701813703,126.62000274658203,-0.011630613197024187,0.004995405487508486,1
2018-04-12,126.62000274658203,127.39171659534844,127.44999694824219,0.006555000660688037,-0.0007791852072898177,0
2018-04-13,127.44999694824219,127.51972645465094,127.62999725341797,0.0014123209845888773,0.0010043477729466178,1
2018-04-16,127.62999725341797,127.29661341597055,127.75,0.0009402393572395251,-0.0017511678867217705,0
2018-04-17,127.75,127.72003423832251,127.8499984741211,0.0007827669207129961,0.00332073388419704,1
2018-04-18,127.8499984741211,127.83338647620062,127.5999984741211,-0.001955416527053,0.0008871119392170998,1
2018-04-19,127.5999984741211,127.79354815894013,126.62999725341797,-0.007601890535287481,-0.000311691079344837,0
2018-04-20,126.62999725341797,127.34863000513818,125.62000274658203,-0.007975949843974872,-0.003487613125994928,0
2018-04-23,125.62000274658203,126.48854531801332,126.2300033569336,0.004855919415812648,-0.006776690431872539,0
2018-04-24,126.2300033569336,125.98217802722262,125.41000366210938,-0.006496075996334616,-0.004011300502947306,0
2018-04-25,125.41000366210938,125.52058737641096,124.97000122070312,-0.0035085115107064135,-0.0036706647606966378,0
2018-04-26,124.97000122070312,125.31682966338157,125.5,0.004241008034887361,-0.0016246201244642022,0
2018-04-27,125.5,125.0729369888751,124.58999633789062,-0.007251025196090666,-0.0019481047879925885,0
2018-04-30,124.58999633789062,124.81660802285357,123.70999908447266,-0.007063145351023148,-0.0020515388582011797,0
2018-05-01,123.70999908447266,124.40629627987522,123.6500015258789,-0.0004849855228984401,-0.0032927319810012916,0
2018-05-02,123.6500015258789,123.75494404287431,124.27999877929688,0.005095004008440096,-0.005249439694195945,0
2018-05-03,124.27999877929688,123.68459024023151,124.54000091552734,0.002092067418605348,-0.0005686545179005647,0
2018-05-04,124.54000091552734,124.04235908713271,124.56999969482422,0.0002408766587147504,0.0028884148180856684,1
2018-05-07,124.56999969482422,124.44955737047418,124.58999633789062,0.00016052535213439967,0.0032773593091115563,1
2018-05-08,124.58999633789062,124.59275439392388,124.33000183105469,-0.0020868008225221057,0.001149981609279167,1
2018-05-09,124.33000183105469,124.523220657224,125.18000030517578,0.0068366320405601755,-0.0005582439142361545,0
2018-05-10,125.18000030517578,124.77527297042629,125.0,-0.0014379318160805399,0.0020220932378568444,1
2018-05-11,125.0,124.93032271497466,124.48999786376953,-0.004080017089843735,0.0012418605522194488,1
2018-05-14,124.48999786376953,124.97658091548085,122.4800033569336,-0.01614583132241265,0.00037020346667101904,1
2018-05-15,122.4800033569336,123.92037421950577,122.29000091552734,-0.0015512935679184991,-0.008487151121860622,0
2018-05-16,122.29000091552734,122.87899789477123,122.36000061035156,0.0005724073456552237,-0.008439101738702668,0
2018-05-17,122.36000061035156,122.07465281138941,122.41000366210938,0.0004086552101045804,-0.006567348329086085,0
2018-05-18,122.41000366210938,122.09620705571618,122.4800033569336,0.0005718461950008358,0.00017655050561294575,1
2018-05-21,122.4800033569336,122.22091100420019,122.41000366210938,-0.0005715193738216051,0.0010208368558360453,1
2018-05-22,122.41000366210938,122.28508894006275,122.54000091552734,0.001061982268841355,0.0005249600202126187,1
2018-05-23,122.54000091552734,122.39790103004911,123.58999633789062,0.00856859323093273,0.000922108218423032,1
2018-05-24,123.58999633789062,122.87557017760021,123.20999908447266,-0.003074660285441455,0.0038949972786900457,1
2018-05-25,123.20999908447266,123.22589779326663,123.19000244140625,-0.000162297242228715,0.002847019606889558,1
2018-05-29,123.19000244140625,123.47032806795691,123.37000274658203,0.001461160009810003,0.001981630272809281,1
2018-05-30,123.37000274658203,123.35726135633614,123.0999984741211,-0.00218857312515075,-0.0009161594924864415,0
2018-05-31,123.0999984741211,123.29613076200722,122.48999786376953,-0.004955325896935703,-0.0004956801530727014,0
2018-06-01,122.48999786376953,123.01348881159015,122.37000274658203,-0.000979631964080463,-0.00229501450219262,0
2018-06-04,122.37000274658203,122.61487088087651,122.8499984741211,0.003922495029546447,-0.0032457024193149183,0
2018-06-05,122.8499984741211,122.50447388190675,122.91999816894531,0.0005697980927446,-0.0009007612723590204,0
2018-06-06,122.91999816894531,122.66823470631697,122.86000061035156,-0.00048810250152531154,0.001335881548210475,1
2018-06-07,122.86000061035156,122.88156969754392,123.01000213623047,0.0012209142530825723,0.0017376111980346102,1
2018-06-08,123.01000213623047,122.9503501745095,123.2300033569336,0.0017884823744616085,0.0005595732140569857,1
2018-06-11,123.2300033569336,123.07378822201687,122.81999969482422,-0.0033271415316106223,0.0010034629826956851,1
2018-06-12,122.81999969482422,123.07038049055625,123.19000244140625,0.003012561044629436,-2.7688906697783897e-05,0
2018-06-13,123.19000244140625,123.14051863364854,123.37999725341797,0.0015422908372948463,0.0005697403749309553,1
2018-06-14,123.37999725341797,123.18023682884397,121.33999633789062,-0.01653429211330959,0.00032249166713616006,1
2018-06-15,121.33999633789062,122.61020836639851,121.11000061035156,-0.0018954650937899054,-0.004638337214178569,0
2018-06-18,121.11000061035156,121.81580795928983,120.80000305175781,-0.0025596363391253707,-0.006500152611667811,0
2018-06-19,120.80000305175781,120.82956971708907,120.26000213623047,-0.004470206141435118,-0.008129095082743603,0
2018-06-20,120.26000213623047,120.45607985446044,120.05000305175781,-0.001746208886931222,-0.003095834017410905,0
2018-06-21,120.05000305175781,120.09888397280668,120.33999633789062,0.0024156041546103957,-0.0029697673953204963,0
2018-06-22,120.33999633789062,119.98076345215804,119.88999938964844,-0.0037393797734436296,-0.0009840111933409966,0
2018-06-25,119.88999938964844,119.89966663042743,119.26000213623047,-0.0052547940330739396,-0.0006761437337116095,0
2018-06-26,119.26000213623047,119.67306827359387,118.58000183105469,-0.005701830395735019,-0.0018916879209776325,0
2018-06-27,118.58000183105469,119.07735275722666,118.22000122070312,-0.00303593021413906,-0.004990288603909443,0
2018-06-28,118.22000122070312,118.4791343323432,118.6500015258789,0.003637288959023266,-0.00503644162054535,0
2018-06-29,118.6500015258789,118.2909633107869,117.45999908447266,-0.010029518972628937,-0.0015894833262017614,0
2018-07-02,117.45999908447266,117.9184287017759,118.6500015258789,0.01013112932642235,-0.003154276929579169,0
2018-07-03,118.6500015258789,118.12791747213242,119.05000305175781,0.003371272825408722,0.0017749804540731866,1
2018-07-05,119.05000305175781,118.31135522535172,118.86000061035156,-0.0015959885471287238,0.0015516693815829162,1
2018-07-06,118.86000061035156,118.9069683713999,119.1500015258789,0.0024398528860691826,0.005021655904565881,1
2018-07-09,119.1500015258789,119.12454551380291,118.93000030517578,-0.001846422307055895,0.0018281377910721879,1
2018-07-10,118.93000030517578,119.08399001370884,117.63999938964844,-0.010846724226159843,-0.0003405041754369233,0
2018-07-11,117.63999938964844,118.61619207870375,118.12999725341797,0.004165231777556899,-0.003936038540902582,0
2018-07-12,118.12999725341797,118.20909002095308,117.61000061035156,-0.004401901762097649,-0.003437998300950877,0
2018-07-13,117.61000061035156,117.70347598989669,117.55000305175781,-0.0005101399394812356,-0.004286459291032622,0
2018-07-16,117.55000305175781,117.66530616143703,116.27999877929688,-0.01080394929383155,-0.00032434062364082556,0
2018-07-17,116.27999877929688,116.9776474083517,116.30999755859375,0.00025798744076199753,-0.005861337077015506,0
2018-07-18,116.30999755859375,116.51911916468336,115.80999755859375,-0.004298856594405098,-0.003927496211672554,0
2018-07-19,115.80999755859375,115.89120926801093,116.55999755859375,0.006476124823511453,-0.005403472631274809,0
2018-07-20,116.55999755859375,116.06304497411554,116.0,-0.004804371742649027,0.0014816347137165662,1
2018-07-23,116.0,116.00601897089508,116.04000091552734,0.0003448354786839136,-0.0004914571843299226,0
2018-07-24,116.04000091552734,116.13505000287165,116.68000030517578,0.005515334234738045,0.001111660645269831,1
2018-07-25,116.68000030517578,116.21650790263456,115.7699966430664,-0.0077991400388178755,0.0007011608085130609,1
2018-07-26,115.7699966430664,116.16652431516013,115.83000183105469,0.0005183138095208317,-0.0004301827699571844,0
2018-07-27,115.83000183105469,116.12180782387115,115.6500015258789,-0.0015540041641225466,-0.0003850085058476158,0
2018-07-30,115.6500015258789,115.72310496084104,115.98999786376953,0.002939873181190933,-0.003439396200480252,0
2018-07-31,115.98999786376953,115.81871072596921,115.13999938964844,-0.007328204929526905,0.0008258186131778989,1
2018-08-01,115.13999938964844,115.557315082388,114.5199966430664,-0.005384772884042377,-0.0022594886732653315,0
2018-08-02,114.5199966430664,115.15089553051264,114.91999816894531,0.003492853105171001,-0.003523238043498468,0
2018-08-03,114.91999816894531,114.74648708188724,114.33000183105469,-0.0051339744804317355,-0.0035181685077113646,0
2018-08-06,114.33000183105469,114.46085399097615,114.58999633789062,0.0022740706959851753,-0.0024923568105024224,0
2018-08-07,114.58999633789062,114.53696003755215,114.91000366210938,0.002792628802213759,0.0006646879988867796,1
2018-08-08,114.91000366210938,114.5527124706928,114.73999786376953,-0.0014794690881722028,0.0001375219842345095,1
2018-08-09,114.73999786376953,114.7422276680237,114.69000244140625,-0.0004357279352805721,0.0016530259269599385,1
2018-08-10,114.69000244140625,114.80440439396814,112.95999908447266,-0.01508416880379293,0.0005417350444790361,1
2018-08-13,112.95999908447266,114.09179460773969,113.06999969482422,0.0009738014451408095,-0.006226508711139467,0
2018-08-14,113.06999969482422,113.46944845146929,111.19000244140625,-0.016626844065553037,-0.0054697161916079495,0
2018-08-15,111.19000244140625,112.14195834851664,111.0999984741211,-0.0008094609704913935,-0.01176807007951254,0
2018-08-16,111.0999984741211,111.48360660550406,112.12999725341797,0.009270916232611892,-0.005887999837181054,0
2018-08-17,112.12999725341797,111.15708240819839,112.69000244140625,0.0049942495470025605,-0.00293319637897473,0
2018-08-20,112.69000244140625,111.80246059698733,113.0199966430664,0.002928336094692563,0.005789211644185097,1
2018-08-21,113.0199966430664,112.61608972547845,113.2699966430664,0.002211997942183075,0.007251028867226587,1
2018-08-22,113.2699966430664,113.10717448995157,112.19999694824219,-0.009446452957847074,0.004351217770952657,1
2018-08-23,112.19999694824219,112.96782849844313,114.16000366210938,0.01746886601762876,-0.0012327414115929076,0
2018-08-24,114.16000366210938,113.3975625485961,114.58999633789062,0.00376657902932398,0.0037968221591993473,1
2018-08-27,114.58999633789062,113.89214680967986,113.68000030517578,-0.007941321771505638,0.004352023178727125,1
2018-08-28,113.68000030517578,114.4286262861916,114.19999694824219,0.004574213948543848,0.004699357456935421,1
2018-08-29,114.19999694824219,114.37343488780134,113.63999938964844,-0.004903656511020316,-0.00048243795687456667,0
2018-08-30,113.63999938964844,113.95764959431348,113.51000213623047,-0.0011439392301669793,-0.0036419548744880317,0
2018-08-31,113.51000213623047,113.87061288853884,112.93000030517578,-0.005109698001402485,-0.000764055425435957,0
2018-09-04,112.93000030517578,113.36322731025729,113.31999969482422,0.0034534613352918964,-0.004465764615624163,0
2018-09-05,113.31999969482422,113.23371181863833,113.54000091552734,0.0019414156485668688,-0.0011431355270785923,0
2018-09-06,113.54000091552734,113.21495389123113,113.2300033569336,-0.0027302937827557994,-0.00016567046126146563,0
2018-09-07,113.2300033569336,113.35666917883864,113.1500015258789,-0.000706542689065337,0.001250953708747226,1
2018-09-10,113.1500015258789,113.32156464270547,113.22000122070312,0.0006186451072049959,-0.0003097301035216045,0
2018-09-11,113.22000122070312,113.20376843508306,114.16999816894531,0.008390716640166218,-0.0010400268847622605,0
2018-09-12,114.16999816894531,113.58153257813811,113.76000213623047,-0.003591101333891067,0.003331472461031639,1
2018-09-13,113.76000213623047,113.82347412276964,113.0199966430664,-0.006504970809317334,0.002127847925855358,1
2018-09-14,113.0199966430664,113.75450294519504,113.61000061035156,0.005220350246058381,-0.000606132285512334,0
2018-09-17,113.61000061035156,113.51423672219792,113.44000244140625,-0.0014963310274801467,-0.0021143806478624394,0
2018-09-18,113.44000244140625,113.38311271515316,113.87999725341797,0.0038786565809445506,-0.00115580038256964,0
2018-09-19,113.87999725341797,113.72028545652842,114.2699966430664,0.0034246522572403126,0.0029693346011189746,1
2018-09-20,114.2699966430664,113.96114208277552,113.48999786376953,-0.006825928084458366,0.0021157344162532326,1
2018-09-21,113.48999786376953,113.9733847884984,113.47000122070312,-0.00017619740455376842,0.00010742300346243289,1
2018-09-24,113.47000122070312,113.80317195159212,113.6500015258789,0.0015863250483771907,-0.0014945600287068856,0
2018-09-25,113.6500015258789,113.56641257082956,113.05000305175781,-0.005279352979018381,-0.0020825957599622832,0
2018-09-26,113.05000305175781,113.40622557017755,112.05000305175781,-0.008845643281780058,-0.0014115095859997672,0
2018-09-27,112.05000305175781,112.85888889819432,112.76000213623047,0.006336448595585464,-0.004838021458761806,0
2018-09-28,112.76000213623047,112.52140156180964,112.56999969482422,-0.001685016298391906,-0.002994827879042261,0
2018-10-01,112.56999969482422,112.34884201535291,113.87000274658203,0.011548397044346626,-0.0015347480180836687,0
2018-10-02,113.87000274658203,113.07915658922441,113.41999816894531,-0.003951915050342092,0.006479382627005259,1
2018-10-03,113.41999816894531,113.36344313196801,113.4800033569336,0.0005290529796950771,0.002510894084882967,1
2018-10-04,113.4800033569336,113.72871678049934,113.80000305175781,0.002819877382429281,0.003216966747653091,1
2018-10-05,113.80000305175781,113.69305363289128,112.54000091552734,-0.011072074713894375,-0.00031363002614545154,0
2018-10-08,112.54000091552734,113.36555317067689,112.5999984741211,0.0005331220730910857,-0.0028847238511350926,0
2018-10-09,112.5999984741211,113.0228836704232,112.87999725341797,0.00248666770063255,-0.0030272726534198574,0
2018-10-10,112.87999725341797,112.6347550243152,115.77999877929688,0.025691013434101517,-0.0034399813017223215,0
2018-10-11,115.77999877929688,113.8650698087978,115.2300033569336,-0.004750349180877911,0.010863821954658001,1
2018-10-12,115.2300033569336,114.85896081881837,116.0,0.006682258271583086,0.008690798802380157,1
2018-10-15,116.0,116.06159128711154,115.80000305175781,-0.0017241116227775244,0.010416061546035174,1
2018-10-16,115.80000305175781,116.0149260383405,115.79000091552734,-8.63742311474347e-05,-0.0004021539959126361,0
2018-10-17,115.79000091552734,116.18648542341424,115.91999816894531,0.001122698440194414,0.001477677635211889,1
2018-10-18,115.91999816894531,116.10567790027628,116.01000213623047,0.0007764317521294917,-0.0006957404437700585,0
2018-10-19,116.01000213623047,116.11018133060531,115.70999908447266,-0.002586010225269386,3.878658713941526e-05,1
2018-10-22,115.70999908447266,116.0066245781832,116.38999938964844,0.005876763551604158,-0.0008922814432789798,0
2018-10-23,116.38999938964844,116.11450755067744,116.66000366210938,0.0023198236435848507,0.0009295403591459217,1
2018-10-24,116.66000366210938,116.35503128049218,116.4000015258789,-0.002228717024418514,0.0020692931800908557,1
2018-10-25,116.4000015258789,116.60493747808485,116.7699966430664,0.0031786521678458524,0.0021454870103789054,1
2018-10-26,116.7699966430664,116.73967804330711,116.30999755859375,-0.003939360261170033,0.001154863418610262,1
2018-10-29,116.30999755859375,116.58755551822733,115.80000305175781,-0.0043847864976440665,-0.0013039416300599962,0
2018-10-30,115.80000305175781,116.34663891860521,115.1500015258789,-0.005613139108367582,-0.0020685385939874738,0
2018-10-31,115.1500015258789,115.71447863798063,116.62999725341797,0.01285276342099273,-0.005448235800943152,0
2018-11-01,116.62999725341797,115.82859831405054,116.6500015258789,0.00017151910256396619,0.0009857317853133908,1
2018-11-02,116.6500015258789,116.14797126681943,116.37000274658203,-0.0024003324100665413,0.0027534949338143076,1
2018-11-05,116.37000274658203,116.63782891708476,116.04000091552734,-0.002835798085983776,0.004208661979743797,1
2018-11-06,116.04000091552734,116.41540144477794,116.02999877929688,-8.619558903444346e-05,-0.0019088131882767606,0
2018-11-07,116.02999877929688,116.17519230997259,115.77999877929688,-0.0021546152083956605,-0.002065511045211892,0
2018-11-08,115.77999877929688,115.96126385499747,114.4800033569336,-0.011228151978489587,-0.0018431272629127304,0
2018-11-09,114.4800033569336,115.37752890177977,113.66000366210938,-0.007162820324765118,-0.005046591495920985,0
2018-11-12,113.66000366210938,114.47599054913503,113.69999694824219,0.0003518677181439944,-0.007844500078971563,0
2018-11-13,113.69999694824219,113.6749264176302,114.63999938964844,0.008267391966898296,-0.0070222590730725,0
2018-11-14,114.63999938964844,113.78483607177441,114.7699966430664,0.0011339606953078007,0.000966409720079405,1
2018-11-15,114.7699966430664,114.27330532660515,115.62000274658203,0.00740616997802257,0.004283732199175219,1
2018-11-16,115.62000274658203,115.06074141745073,115.66999816894531,0.0004324115306661991,0.00686718083535031,1
2018-11-19,115.66999816894531,115.48242317245794,115.66999816894531,0.0,0.00365816289550906,1
2018-11-20,115.66999816894531,115.85172726026522,115.86000061035156,0.0016426250921932617,0.0031928221651989484,1
2018-11-21,115.86000061035156,115.94616299937748,115.7699966430664,-0.0007768338236752159,0.00081481107728169,1
2018-11-23,115.7699966430664,115.95663433319018,115.63999938964844,-0.0011228924348919422,9.030795609413415e-05,1
2018-11-26,115.63999938964844,115.89910234624593,114.94999694824219,-0.00596681464067883,-0.000496274010287525,0
2018-11-27,114.94999694824219,115.50533474543614,115.37999725341797,0.0037407596049732206,-0.0034032880771183247,0
2018-11-28,115.37999725341797,115.33188386638717,115.73999786376953,0.0031201301691909933,-0.00150279848921724,0
2018-11-29,115.73999786376953,115.34970826330495,115.54000091552734,-0.0017279847238081958,0.00015453679497090953,1
2018-11-30,115.54000091552734,115.58822412568303,116.41000366210938,0.007529883500850154,0.002065628151420471,1
2018-12-03,116.41000366210938,115.98440218175364,117.12000274658203,0.00609912432039339,0.003421634490326166,1
2018-12-04,117.12000274658203,116.50466560145836,117.13999938964844,0.0001707363609755319,0.004475602170162329,1
2018-12-06,117.13999938964844,117.11708503224847,118.08999633789062,0.00810992789134457,0.005242840890845304,1
2018-12-07,118.08999633789062,117.73769571819443,117.68000030517578,-0.003471894702593792,0.005285071298407605,1
2018-12-10,117.68000030517578,117.91545932696339,117.54000091552734,-0.001189661703648759,0.001508688839348031,1
2018-12-11,117.54000091552734,118.016402766821,117.79000091552734,0.0021269354947484054,0.0008556999899989896,1
2018-12-12,117.79000091552734,117.84068170244696,117.52999877929688,-0.002207336227265433,-0.0014900641825716068,0
2018-12-13,117.52999877929688,117.739377009242,117.05999755859375,-0.0039989894119348834,-0.0008600447763138828,0
2018-12-14,117.05999755859375,117.51189792498516,117.87000274658203,0.0069195729103175285,-0.001933924950836764,0
2018-12-17,117.87000274658203,117.51044114808445,118.1500015258789,0.0023754880187698557,-1.2396922832721946e-05,0
2018-12-18,118.1500015258789,117.73548430534866,117.43000030517578,-0.006093958623821227,0.0019132592879483698,1
2018-12-19,117.43000030517578,117.8772453878737,119.23999786376953,0.015413416962360094,0.0012033399028632248,1
2018-12-20,119.23999786376953,118.4003871716313,118.72000122070312,-0.004360924625816387,0.00442820281333213,1
2018-12-21,118.72000122070312,118.60514198554543,120.0199966430664,0.010950096100037499,0.0017278488445642078,1
2018-12-24,120.0199966430664,119.58712012577725,119.66000366210938,-0.002999441684935489,0.008245303141575927,1
2018-12-26,119.66000366210938,119.71263302224492,120.56999969482422,0.007604847107346435,0.0010490015666636994,1
2018-12-27,120.56999969482422,120.38489595978115,121.05999755859375,0.004064011487183938,0.005599930138297775,1
2018-12-28,121.05999755859375,120.71017220690301,121.25,0.0015694898830167503,0.002698325162397783,1
2018-12-31,121.25,121.27032368643613,121.33000183105469,0.0006598089159148834,0.004629732474994993,1
2019-01-02,121.33000183105469,121.50212233324658,122.43000030517578,0.009066170423806419,0.001909596587667053,1
2019-01-03,122.43000030517578,121.93679847845347,121.44000244140625,-0.00808623590052937,0.0035711348514828314,1
2019-01-04,121.44000244140625,121.9624634586169,121.86000061035156,0.003458482876331992,0.00021045557952343948,1
2019-01-07,121.86000061035156,122.10291644226805,121.52999877929688,-0.00270804061547536,0.001150945695065387,1
2019-01-08,121.52999877929688,121.70718659362406,122.30999755859375,0.006418158373500793,-0.003246216553215261,0
2019-01-09,122.30999755859375,121.99528740330285,121.58999633789062,-0.005886691481276518,0.0023643661811561514,1
2019-01-10,121.58999633789062,121.8635379785746,121.80000305175781,0.001727170986037363,-0.0010805386054062948,0
2019-01-11,121.80000305175781,121.95484450433491,122.08999633789062,0.002380897199235621,0.0007489716657026229,1
2019-01-14,122.08999633789062,121.84728979251723,121.87999725341797,-0.0017200351443329431,-0.0008823115441975467,0
2019-01-15,121.87999725341797,121.95098410500695,122.2699966430664,0.003199863787636481,0.0008506567096222886,1
2019-01-16,122.2699966430664,122.14319668379846,122.11000061035156,-0.001308546962521917,0.0015749053738154583,1
2019-01-17,122.11000061035156,122.13582549458552,121.0199966430664,-0.008926410300850951,-6.0350570830409576e-05,0
2019-01-18,121.0199966430664,121.81014237451386,121.44999694824219,0.0035531343340227117,-0.0026701266384115472,0
2019-01-22,121.44999694824219,121.48304143962541,121.27999877929688,-0.0013997379433262624,-0.002688946125415354,0
2019-01-23,121.27999877929688,121.17375806882112,121.08999633789062,-0.0015666428373899421,-0.002549143802367795,0
2019-01-24,121.08999633789062,121.2133275859897,122.86000061035156,0.01461726258147622,0.00032649856252200764,1
2019-01-25,122.86000061035156,121.7545868138613,123.29000091552734,0.0034999210730881636,0.004455404118436368,1
2019-01-28,123.29000091552734,122.53331559718039,123.9800033569336,0.005596580714432919,0.00637552177900424,1
2019-01-29,123.9800033569336,123.64437344948948,124.69000244140625,0.005726722578225818,0.009026532018600505,1
2019-01-30,124.69000244140625,124.322861622012,124.75,0.00048117377030232333,0.005472415463022976,1
2019-01-31,124.75,124.84786960332804,124.5,-0.002004008016032066,0.004214048380941127,1
2019-02-01,124.5,124.97649735937509,123.95999908447266,-0.004337356751223598,0.0010297455686730215,1
2019-02-04,123.95999908447266,124.62598264011997,124.27999877929688,0.002581475453272253,-0.0028085854729107745,0
2019-02-05,124.27999877929688,124.36850703176644,123.44000244140625,-0.006758902044908588,-0.0020681236798799816,0
2019-02-06,123.44000244140625,123.88929311449995,123.73999786376953,0.002430293392984062,-0.003860619986023695,0
2019-02-07,123.73999786376953,123.78081922596537,124.20999908447266,0.0037982966608789415,-0.0008759546676461914,0
2019-02-08,124.20999908447266,123.731598616242,123.5999984741211,-0.004911042708701019,-0.0003977223510747188,0
2019-02-11,123.5999984741211,123.8045124155929,123.86000061035156,0.002103577179937588,0.0005891164820821533,1
2019-02-12,123.86000061035156,123.8717235145316,123.37000274658203,-0.003956062177902009,0.0005427335435400124,1
2019-02-13,123.37000274658203,123.56647346818649,124.05999755859375,0.005592889654295163,-0.0024672843960063494,0
2019-02-14,124.05999755859375,123.76111085601134,124.80000305175781,0.005964900110646543,0.0015739241422417748,1
2019-02-15,124.80000305175781,124.11888636043109,126.69999694824219,0.015224309695700766,0.002886685145079426,1
2019-02-19,126.69999694824219,125.3990900820549,126.4800033569336,-0.0017363346220005127,0.010261504790014574,1
2019-02-20,126.4800033569336,126.30000896269752,125.05000305175781,-0.011306137470128319,0.007158728271471747,1
2019-02-21,125.05000305175781,126.37019290070737,125.5,0.0035985360836492397,0.0005555379249098904,1
2019-02-22,125.5,125.8591765857908,125.37000274658203,-0.0010358346885893654,-0.004052002470156782,0
2019-02-25,125.37000274658203,125.3732319626045,125.58000183105469,0.001675034536747555,-0.003868491585273974,0
2019-02-26,125.58000183105469,125.54631493078757,124.69000244140625,-0.0070871108191714605,0.0013795895758455358,1
2019-02-27,124.69000244140625,125.19105582523623,123.98999786376953,-0.005613959130088775,-0.002833716746779469,0
2019-02-28,123.98999786376953,124.63908142240146,121.87999725341797,-0.017017506627186707,-0.004418804769211131,0
2019-03-01,121.87999725341797,123.22193927934686,121.55999755859375,-0.0026255308667169075,-0.011435098437895306,0
2019-03-04,121.55999755859375,122.08446301182498,121.72000122070312,0.0013162525939691694,-0.009273988851904589,0
2019-03-05,121.72000122070312,121.28324336945968,121.61000061035156,-0.0009037184460104486,-0.006584460600995602,0
2019-03-06,121.61000061035156,121.25398284240983,121.51000213623047,-0.0008222882461903502,-0.00024128689561454128,0
2019-03-07,121.51000213623047,121.32561312746645,122.83999633789062,0.010945553273622899,0.0005905714110219619,1
2019-03-08,122.83999633789062,121.8330310103134,122.23999786376953,-0.004884390198699684,0.0041735601972006185,1
2019-03-11,122.23999786376953,122.16250124130092,122.9800033569336,0.006053709964792153,0.002700626754868799,1
2019-03-12,122.9800033569336,122.79147968082242,123.83999633789062,0.006992949727453013,0.005135493773205881,1
2019-03-13,123.83999633789062,123.19607217253832,122.41000366210938,-0.011547098821608426,0.0032895392755533403,1
2019-03-14,122.41000366210938,123.25209029439003,122.97000122070312,0.004574769560006908,0.0004546036964179996,1
2019-03-15,122.97000122070312,123.21567765938302,123.04000091552734,0.0005692420438265788,-0.00029547583908632783,0
2019-03-18,123.04000091552734,122.8644308669997,123.37999725341797,0.002763299214570525,-0.0028547372888276046,0
2019-03-19,123.37999725341797,123.21286698869092,124.18000030517578,0.006484057947534483,0.002831926045947814,1
2019-03-20,124.18000030517578,123.63689922558396,123.68000030517578,-0.004026413261163153,0.0034355524047500587,1
2019-03-21,123.68000030517578,123.87432981894753,123.97000122070312,0.002344768069306058,0.0019185446018612996,1
2019-03-22,123.97000122070312,124.07125376763277,124.91999816894531,0.007663119616744263,0.001588445232559146,1
2019-03-25,124.91999816894531,124.32352174038554,124.30000305175781,-0.004963137418149799,0.002031186517261144,1
2019-03-26,124.30000305175781,124.5616626837491,123.6500015258789,-0.005229296137734152,0.0019136616475524185,1
2019-03-27,123.6500015258789,124.40480242989159,121.9000015258789,-0.014152850613865509,-0.0012600915913839792,0
2019-03-28,121.9000015258789,123.2179314028877,122.01000213623047,0.0009023839948698598,-0.009586196692000164,0
2019-03-29,122.01000213623047,122.32297578997304,121.52999877929688,-0.003934131206699276,-0.007289698374762236,0
2019-04-01,121.52999877929688,121.51505688283301,121.9800033569336,0.0037028271386223555,-0.006626709170938617,0
2019-04-02,121.9800033569336,121.59770275940473,121.80000305175781,-0.0014756542074283452,0.0006798975082755747,1
2019-04-03,121.80000305175781,121.55666279966825,122.11000061035156,0.00254513588527594,-0.0003375630129594279,0
2019-04-04,122.11000061035156,121.83206874854713,121.9800033569336,-0.0010645913747292512,0.0022630962795226156,1
2019-04-05,121.9800033569336,121.89962657174564,122.51000213623047,0.004344964459018774,0.0005543622452540133,1
2019-04-08,122.51000213623047,122.22557183439069,123.1500015258789,0.0052240582686200465,0.002670313908228589,1
2019-04-09,123.1500015258789,122.65425309540957,123.52999877929688,0.003085645543724258,0.003501159795780415,1
2019-04-10,123.52999877929688,123.23857144372862,121.94999694824219,-0.012790430232882732,0.004752635212299147,1
2019-04-11,121.94999694824219,123.01530666652314,121.83000183105469,-0.0009839698252590567,-0.0018132899274012132,0
2019-04-12,121.83000183105469,122.47890082905361,121.5999984741211,-0.0018879040751599296,-0.004370015053210827,0
2019-04-15,121.5999984741211,121.71342174567397,120.51000213623047,-0.008963785785923273,-0.006269497604772371,0
2019-04-16,120.51000213623047,121.16541692158798,120.27999877929688,-0.0019085831288392363,-0.004512585427621114,0
2019-04-17,120.27999877929688,120.58569139635516,120.37000274658203,0.0007482870651696061,-0.004796061871346546,0
2019-04-18,120.37000274658203,120.1292800242293,120.37000274658203,0.0,-0.003792135706194828,0
2019-04-22,120.37000274658203,120.12229469667508,120.12000274658203,-0.002076929420084306,-5.8150108396127514e-05,0
2019-04-23,120.12000274658203,120.12773900311744,120.47000122070312,0.0029137401441747812,4.53220035763502e-05,1
2019-04-24,120.47000122070312,120.2381683066526,120.56999969482422,0.0008300695036758121,0.0009188433795830065,1
2019-04-25,120.56999969482422,120.35010701483961,121.37000274658203,0.006635175033447016,0.0009305417407794042,1
2019-04-26,121.37000274658203,120.86210931268162,120.83000183105469,-0.004449212353194509,0.004245249884814794,1
2019-04-29,120.83000183105469,121.02421565143354,121.19999694824219,0.0030621129817147708,0.001340351613884799,1
2019-04-30,121.19999694824219,121.26108097580367,120.4000015258789,-0.0066006224629272525,0.0019552602087672287,1
2019-05-01,120.4000015258789,120.86921170180267,119.94000244140625,-0.0038205903541769226,-0.0032368491509943073,0
2019-05-02,119.94000244140625,120.52207327286318,120.6500015258789,0.005919618726200282,-0.002876149139160053,0
2019-05-03,120.6500015258789,120.29501095488794,120.80999755859375,0.001326117121353887,-0.0018857664188708162,0
2019-05-06,120.80999755859375,120.44362375254997,121.20999908447266,0.003310996887363693,0.00123464035359868,1
2019-05-07,121.20999908447266,120.9360730159834,120.91000366210938,-0.0024750055657883907,0.0040802930258811675,1
2019-05-08,120.91000366210938,121.03255882042947,121.19999694824219,0.002398422606480155,0.0007975067580264212,1
2019-05-09,121.19999694824219,121.19291191337912,121.43000030517578,0.001897717514232511,0.0013239988006910866,1
2019-05-10,121.43000030517578,121.26737713996395,122.66999816894531,0.010211626950944463,0.000614246804842715,1
2019-05-13,122.66999816894531,121.93961223337554,122.45999908447266,-0.001711902564663248,0.0055281043287286795,1
2019-05-14,122.45999908447266,122.39772011374193,122.38999938964844,-0.0005716127335255727,0.0037498028872982973,1
2019-05-15,122.38999938964844,122.72652132920625,121.51000213623047,-0.007190107507202059,0.002682732729564525,1
2019-05-16,121.51000213623047,122.2414321370265,120.6500015258789,-0.007077611679961793,-0.003960434982368313,0
2019-05-17,120.6500015258789,121.51903607056856,120.63999938964844,-8.290208125960596e-05,-0.005927115144016962,0
2019-05-20,120.63999938964844,120.8301291919844,120.36000061035156,-0.002320944800343727,-0.005685257743029038,0
2019-05-21,120.36000061035156,120.38144957431341,120.23999786376953,-0.0009970317877491253,-0.003720220542018577,0
2019-05-22,120.23999786376953,120.23903811516344,121.16999816894531,0.007734533613593886,-0.0011837019960002808,0
2019-05-23,121.16999816894531,120.45761936659981,121.30000305175781,0.0010729131367257505,0.001816238861061325,1
2019-05-24,121.30000305175781,120.8661782012512,120.83000183105469,-0.0038747008151563955,0.003385983720701922,1
2019-05-28,120.83000183105469,121.1403112410048,120.87000274658203,0.00033105118696652447,0.0022655025295759677,1
2019-05-29,120.87000274658203,121.05489722911344,121.69000244140625,0.0067841455794739325,-0.0007053320003477761,0
2019-05-30,121.69000244140625,121.20720756961904,123.33000183105469,0.013476862164072179,0.001257401447079579,1
2019-05-31,123.33000183105469,122.14848818924851,125.11000061035156,0.014432812396575123,0.007735880689738721,1
2019-06-03,125.11000061035156,123.74662909803159,125.1500015258789,0.0003197259638094696,0.012998740512954273,1
2019-06-04,125.1500015258789,125.02452367224639,125.47000122070312,0.00255692921232642,0.010273745971724214,1
2019-06-05,125.47000122070312,125.76279537814003,125.87999725341797,0.003267681746441209,0.005887648875820039,1
2019-06-06,125.87999725341797,125.96344560094573,126.58999633789062,0.0056402851919619135,0.001594194268508405,1
2019-06-07,126.58999633789062,126.41953503243828,125.33000183105469,-0.00995334973762696,0.0036142684965268287,1
2019-06-10,125.33000183105469,126.25996987618119,125.18000030517578,-0.0011968524989021123,-0.0012629847246645484,0
2019-06-11,125.18000030517578,125.88013019606049,125.83000183105469,0.00519253494403471,-0.0030129278710695232,0
2019-06-12,125.83000183105469,125.48012912748834,126.5999984741211,0.006119340633088832,-0.0031826940925415697,0
2019-06-13,126.5999984741211,125.91444182227005,126.55999755859375,-0.00031596300165459557,0.003455230757227285,1
2019-06-14,126.55999755859375,126.43470235679155,126.4800033569336,-0.0006320654488249922,0.004123344846958616,1
2019-06-17,126.4800033569336,126.66488565534262,127.12000274658203,0.005060083591572395,0.0018189153433358794,1
2019-06-18,127.12000274658203,126.83556788628165,127.88999938964844,0.006057242183997058,0.001346603166554775,1
2019-06-19,127.88999938964844,127.32290467723786,131.11000061035156,0.025177896911959374,0.0038349096395920257,1
2019-06-20,131.11000061035156,129.07634311937016,131.97999572753906,0.006635612181659978,0.013677620295894052,1
2019-06-21,131.97999572753906,130.87309853939757,133.94000244140625,0.014850786310930397,0.013824103815543602,1
2019-06-24,133.94000244140625,133.09873563906967,134.1999969482422,0.0019411266395166216,0.016863085769802215,1
2019-06-25,134.1999969482422,134.1459409310096,132.97000122070312,-0.009165393111099984,0.007837092699637001,1
2019-06-26,132.97000122070312,134.39670169618836,132.83999633789062,-0.000977700846950591,0.0018675681121579997,1
2019-06-27,132.83999633789062,133.81113164908197,133.1999969482422,0.0027100317696175935,-0.004366546421938323,0
2019-06-28,133.1999969482422,133.25556801940405,130.6199951171875,-0.019369383559800002,-0.0041604919801208695,0
2019-07-01,130.6199951171875,132.23244741068828,133.41000366210938,0.021359735486276676,-0.007707509297444098,0
2019-07-02,133.41000366210938,132.3342597719045,133.6300048828125,0.001649060899963084,0.000769653652391009,1
2019-07-03,133.6300048828125,132.44884866669213,132.13999938964844,-0.011150231525253074,0.0008655303022686058,1
2019-07-05,132.13999938964844,133.05491502044515,131.2899932861328,-0.006432617734537516,0.004565414802587847,1
2019-07-08,131.2899932861328,132.2653764118296,131.75,0.0035037454291328984,-0.005951606150536833,0
2019-07-09,131.75,131.56751889735887,133.8300018310547,0.015787490178783115,-0.005290160206597986,0
2019-07-10,133.8300018310547,132.2256941182199,132.6999969482422,-0.008443584154164463,0.004990094924031573,1
2019-07-11,132.6999969482422,132.794527946338,133.52999877929688,0.006254723814186791,0.004292764508439868,1
2019-07-12,133.52999877929688,133.50098358891444,133.52999877929688,0.0,0.005305814550370534,1
2019-07-15,133.52999877929688,133.31377001805362,132.39999389648438,-0.008462554430785363,-0.0014033227102585725,0
2019-07-16,132.39999389648438,133.21663401229762,134.5800018310547,0.01646531748539748,-0.0007288925284900087,0
2019-07-17,134.5800018310547,133.61600826324377,136.47999572753906,0.014117951186161548,0.0029934459724538427,1
2019-07-18,136.47999572753906,134.69965831944103,134.47000122070312,-0.014727392803034478,0.008077470555007404,1
2019-07-19,134.47000122070312,135.456959638017,134.4499969482422,-0.00014876383044060137,0.005606402004207713,1
2019-07-22,134.4499969482422,135.3427658101146,133.69000244140625,-0.005652618252780628,-0.0008433822041894275,0
2019-07-23,133.69000244140625,134.22678924643554,134.3699951171875,0.005086339018351538,-0.008279740186794038,0
2019-07-24,134.3699951171875,134.14829752822516,133.4199981689453,-0.007070008058076338,-0.0005849404383375134,0
2019-07-25,133.4199981689453,133.73764571850558,133.63999938964844,0.001648937368628589,-0.0030658729338708278,0
2019-07-26,133.63999938964844,133.71505952102075,134.52999877929688,0.006659678193005059,-0.00016889862840075212,0
2019-07-29,134.52999877929688,133.73029913760405,134.97999572753906,0.003344956160896251,0.00011396433780898288,1
2019-07-30,134.97999572753906,134.3468939133616,133.2100067138672,-0.013112972808538625,0.004600136670087385,1
2019-07-31,133.2100067138672,134.2495449579232,136.41000366210938,0.02402219643390402,-0.0007248715590576549,0
2019-08-01,136.41000366210938,134.95912158107552,135.88999938964844,-0.0038120684590625675,0.005271585610615325,1
2019-08-02,135.88999938964844,135.29107590636602,137.7899932861328,0.013981852270352535,0.0024566456959147632,1
2019-08-05,137.7899932861328,137.03410422584284,138.91000366210938,0.008128386897085838,0.012801255626684679,1
2019-08-06,138.91000366210938,137.93264391705463,141.02000427246094,0.015189695160357397,0.006535647642356086,1
2019-08-07,141.02000427246094,139.81588320174814,141.72999572753906,0.005034686098196239,0.013560958646442686,1
2019-08-08,141.72999572753906,141.2104987832177,141.25999450683594,-0.0033161732510501585,0.009925239191247777,1
2019-08-09,141.25999450683594,141.99853947950254,142.6300048828125,0.009698502260031328,0.005565095908935285,1
2019-08-12,142.6300048828125,142.46859544313799,141.77999877929688,-0.005959518154781018,0.003304820372913129,1
2019-08-13,141.77999877929688,142.29172502656382,142.75,0.0068415942238304606,-0.001242240766040657,0
2019-08-14,142.75,142.74374811719468,143.6999969482422,0.0066549698650941735,0.003171699750765809,1
2019-08-15,143.6999969482422,142.99350566049225,142.77999877929688,-0.006402214255277094,0.0017481627166355165,1
2019-08-16,142.77999877929688,143.2799864861559,141.11000061035156,-0.011696303286335752,0.002001449167699806,1
2019-08-19,141.11000061035156,142.57155441728776,142.2100067138672,0.007795380191040424,-0.004956653492575562,0
2019-08-20,142.2100067138672,141.94650641911602,141.75999450683594,-0.003164420123660472,-0.004393738674281472,0
2019-08-21,141.75999450683594,141.53664683121468,141.39999389648438,-0.0025395077899371676,-0.002891599509766393,0
2019-08-22,141.39999389648438,141.64975933775298,144.1699981689453,0.019589847185487175,0.0007988555247686075,1
2019-08-23,144.1699981689453,142.40061399142576,144.19000244140625,0.00013875475282665306,0.0052867834232512645,1
2019-08-26,144.19000244140625,143.32002182406865,145.57000732421875,0.00957073902105865,0.006435734005730442,1
2019-08-27,145.57000732421875,144.9280038141784,145.16000366210938,-0.002816539407023644,0.011157048979698997,1
2019-08-28,145.16000366210938,145.291590847801,144.1199951171875,-0.007164566813753437,0.0025056007969671405,1
2019-08-29,144.1199951171875,145.23271608502466,143.75,-0.0025672712303844714,-0.0004053000879948353,0
2019-08-30,143.75,144.4419638525535,145.75,0.013913043478260834,-0.005459601763052238,0
2019-09-03,145.75,144.59729317767778,146.66000366210938,0.006243592878966586,0.0010747975321632138,1
2019-09-04,146.66000366210938,145.50360970642487,143.13999938964844,-0.024001119491110168,0.006248305113041746,1
2019-09-05,143.13999938964844,145.2189272333756,141.9199981689453,-0.008523132778435305,-0.0019584485402335972,0
2019-09-06,141.9199981689453,143.734241270265,141.38999938964844,-0.0037344897557421985,-0.010276399020327157,0
2019-09-09,141.38999938964844,141.68454309159523,140.17999267578125,-0.008557937047107611,-0.014362988897749578,0
2019-09-10,140.17999267578125,140.6210059190637,141.02999877929688,0.006063676329913781,-0.007534688622359046,0
2019-09-11,141.02999877929688,140.35888949562855,141.32000732421875,0.002056360685188219,-0.0018657313476672186,0
2019-09-12,141.32000732421875,140.39515310197868,140.14999389648438,-0.008279177519783909,0.000258330075793571,1
2019-09-13,140.14999389648438,140.4658433743424,141.32000732421875,0.008348294532203537,0.0005033826322864584,1
2019-09-16,141.32000732421875,140.6839753558849,141.60000610351562,0.0019813102518067005,0.0015517137894390267,1
2019-09-17,141.60000610351562,140.9125687779084,140.7100067138672,-0.006285306153149484,0.0016235531081504194,1
2019-09-18,140.7100067138672,141.1930540075469,141.27999877929688,0.004050828215713009,0.0019885128080268754,1
2019-09-19,141.27999877929688,141.1917112317148,142.9499969482422,0.011820485442912032,-9.510256907509618e-06,0
2019-09-20,142.9499969482422,141.69740713458947,143.75,0.005596383832365381,0.003575227244200115,1
2019-09-23,143.75,142.8348523221734,144.50999450683594,0.005286918308423871,0.007995235752179308,1
2019-09-24,144.50999450683594,144.05058452421628,141.8300018310547,-0.018545379403875573,0.008475435301790955,1
2019-09-25,141.8300018310547,143.5895842766546,141.7899932861328,-0.0002820880237280887,-0.0032053982181884126,0
2019-09-26,141.7899932861328,142.76565079380055,141.05999755859375,-0.005148429100112373,-0.0057546407798294025,0
2019-09-27,141.05999755859375,141.38767435546288,138.8699951171875,-0.015525325955691782,-0.009698899280017341,0
2019-09-30,138.8699951171875,140.26301324612098,139.6300048828125,0.005472814807717441,-0.007986254864218693,0
2019-10-01,139.6300048828125,139.42136059811958,141.25999450683594,0.011673634369571584,-0.006018607168318904,0
2019-10-02,141.25999450683594,139.50204817450748,141.89999389648438,0.004530648552570016,0.0005785644094465111,1
2019-10-03,141.89999389648438,140.74164682878438,141.89999389648438,0.0,0.008846634275247674,1
2019-10-04,141.89999389648438,141.69475407596042,140.69000244140625,-0.008527071931805796,0.006749206986769156,1
2019-10-07,140.69000244140625,141.55388343887546,141.9199981689453,0.00874259511120079,-0.0009946783852909844,0
2019-10-08,141.9199981689453,141.55984004908487,142.0500030517578,0.0009160434363713055,4.2079275684106153e-05,1
2019-10-09,142.0500030517578,141.61404082879386,140.80999755859375,-0.008729359144837523,0.00038280917860683176,1
2019-10-10,140.80999755859375,141.66792106781202,140.02999877929688,-0.005539370732339566,0.00038040007423805546,1
2019-10-11,140.02999877929688,140.88310048660884,140.58999633789062,0.003999125640758994,-0.00555526287070778,0
2019-10-14,140.58999633789062,140.275365644055,139.61000061035156,-0.006970593591764218,-0.004323083685981822,0
2019-10-15,139.61000061035156,139.83190715233695,140.41000366210938,0.0057302703836425994,-0.0031663502185574283,0
2019-10-16,140.41000366210938,140.01858277238387,140.61000061035156,0.0014243781997433924,0.0013341098511922124,1
2019-10-17,140.61000061035156,140.0562500150932,140.4600067138672,-0.0010667370445437419,0.0002689798477183224,1
2019-10-18,140.4600067138672,140.40251128989803,139.7899932861328,-0.004770136663166058,0.002469250374842206,1
2019-10-21,139.7899932861328,140.20274199356243,140.1999969482422,0.002932997222985456,-0.0014238459740009027,0
2019-10-22,140.1999969482422,140.0807819095619,140.52999877929688,0.0023537934253772264,-0.0008702622972584422,0
2019-10-23,140.52999877929688,140.11529298194688,141.52999877929688,0.007115918371069618,0.00024633516063973234,1
2019-10-24,141.52999877929688,140.77882023130985,141.86000061035156,0.0023316740895991117,0.004724402914193554,1
2019-10-25,141.86000061035156,141.41554014330308,140.63999938964844,-0.008600036764796815,0.004512641511742232,1
2019-10-28,140.63999938964844,141.43599817597112,140.25,-0.0027730332148816483,0.00014465562270064752,1
2019-10-29,140.25,140.92620897526228,141.02000427246094,0.005490226541611021,-0.0036108922632461784,0
2019-10-30,141.02000427246094,140.57982669124033,142.42999267578125,0.009998499224238566,-0.0024609238520491307,0
2019-10-31,142.42999267578125,141.25260656829943,142.55999755859375,0.000912763389017579,0.004774334502513044,1
2019-11-01,142.55999755859375,142.115600348785,142.14999389648438,-0.002876007780098777,0.006090989938309825,1
2019-11-04,142.14999389648438,142.52408197110566,139.85000610351562,-0.016180006273117664,0.0028701683434260903,1
2019-11-05,139.85000610351562,141.50475712885526,140.4499969482422,0.004290245395359271,-0.007177645915528902,0
2019-11-06,140.4499969482422,140.68315686519952,138.27000427246094,-0.015521486102876958,-0.005823088406718752,0
2019-11-07,138.27000427246094,139.20921014884135,137.38999938964844,-0.006364394703267995,-0.01053233682276699,0
2019-11-08,137.38999938964844,138.29707062230204,137.05999755859375,-0.002401934875323586,-0.006573853455759442,0
2019-11-11,137.05999755859375,137.01048992716687,137.42999267578125,0.0026995120660886496,-0.009346565409807765,0
2019-11-12,137.42999267578125,136.756017440687,137.97999572753906,0.004002059820052306,-0.0018590481517688283,0
2019-11-13,137.97999572753906,137.09494788830528,138.55999755859375,0.004203521155341949,0.0024752925027332106,1
2019-11-14,138.55999755859375,137.78858189049822,138.2100067138672,-0.0025259154943226836,0.005046759076295157,1
2019-11-15,138.2100067138672,138.1920176475034,138.6199951171875,0.0029664162029099383,0.002923655105127921,1
2019-11-18,138.6199951171875,138.47701489087711,138.69000244140625,0.0005050304911609071,0.002060204147630303,1
2019-11-19,138.69000244140625,138.56960850422018,138.75999450683594,0.0005046655432805469,0.0006684334618915545,1
2019-11-20,138.75999450683594,138.77897426732846,138.0,-0.005477043362080103,0.001509766524025536,1
2019-11-21,138.0,138.51624880174518,137.74000549316406,-0.0018840181654777854,-0.001894915760103002,0
2019-11-22,137.74000549316406,138.1195358553589,137.0800018310547,-0.004791662812458131,-0.002868126542845229,0
2019-11-25,137.0800018310547,137.45365654885256,137.74000549316406,0.004814733391401704,-0.004832695057605342,0
2019-11-26,137.74000549316406,137.3548756001399,137.00999450683594,-0.005299919828770094,-0.0007189074676436798,0
2019-11-27,137.00999450683594,137.09765224102796,137.86000061035156,0.006203971517371398,-0.0018744475516349127,0
2019-11-29,137.86000061035156,137.41858808962013,137.7899932861328,-0.0005078146228696401,0.002338193138756028,1
2019-12-02,137.7899932861328,137.45771299638244,139.11000061035156,0.00957984896245434,0.00028467282826467584,1
2019-12-03,139.11000061035156,138.29047016022446,138.9199981689453,-0.0013658431498282386,0.0060400013229567,1
2019-12-04,138.9199981689453,138.71200683422512,139.0,0.0005758841931267078,0.0030435612271406667,1
2019-12-05,139.0,139.17441683914257,137.6199951171875,-0.009928092682104261,0.003328053422739329,1
2019-12-06,137.6199951171875,138.5794653629937,137.5800018310547,-0.00029060665275248976,-0.004284025709049758,0
2019-12-09,137.5800018310547,138.03044225141684,137.97000122070312,0.0028347098739491816,-0.00396966137099109,0
2019-12-10,137.97000122070312,137.61197770257627,138.9199981689453,0.00688553265084435,-0.0030362878862933694,0
2019-12-11,138.9199981689453,138.08957846866122,138.42999267578125,-0.003527249493396556,0.003464624940551939,1
2019-12-12,138.42999267578125,138.4174507893918,139.0500030517578,0.004478873140076667,0.002371530845183344,1
2019-12-13,139.0500030517578,138.8217351683018,139.0399932861328,-7.198680622300113e-05,0.0029165044911209173,1
2019-12-16,139.0399932861328,138.87147937506654,139.00999450683594,-0.00021575647831872935,0.0003582673590249824,1
2019-12-17,139.00999450683594,139.10207655471606,139.02000427246094,7.200752478642158e-05,0.001659130716773103,1
2019-12-18,139.02000427246094,139.08958299969407,139.3800048828125,0.002589559770448613,-8.981976706568327e-05,0
2019-12-19,139.3800048828125,139.18553408913954,139.52000427246094,0.0010044438566789715,0.0006896131731204831,1
2019-12-20,139.52000427246094,139.3455431676976,139.9499969482422,0.003081942822633188,0.001148949680847668,1
2019-12-23,139.9499969482422,139.67310755093735,141.27000427246094,0.009431992518777577,0.0023479758997067236,1
2019-12-24,141.27000427246094,140.3772719968976,142.3800048828125,0.007857298625196796,0.0050288518164841225,1
2019-12-26,142.3800048828125,141.43378181929285,142.3300018310547,-0.0003511943393945671,0.00749803641752573,1
2019-12-27,142.3300018310547,142.31313962277517,142.6300048828125,0.0021077991140190377,0.006198203767326262,1
2019-12-30,142.6300048828125,142.77620342602285,142.89999389648438,0.0018929327941459295,0.003248555035595288,1
2019-12-31,142.89999389648438,142.89540686702486,143.9499969482422,0.0073478173310379535,0.0008345487869670237,1
2020-01-02,143.9499969482422,143.4319750481884,145.86000061035156,0.013268521727000326,0.00374793919934774,1
2020-01-03,145.86000061035156,144.57877057429994,147.38999938964844,0.010489502076611812,0.007963602776989166,1
2020-01-06,147.38999938964844,146.19907285682513,147.97000122070312,0.003935150508558971,0.011144721579542088,1
2020-01-07,147.97000122070312,147.6273891627535,146.86000061035156,-0.007501524641443713,0.009722252697910463,1
2020-01-08,146.86000061035156,147.90008286360893,146.02999877929688,-0.005651653463197515,0.001845471599508822,1
2020-01-09,146.02999877929688,147.27065175622,146.91000366210938,0.006026192495848015,-0.004264867668975351,0
2020-01-10,146.91000366210938,146.74019500802092,145.82000732421875,-0.007419483430124996,-0.0036084200947907657,0
2020-01-13,145.82000732421875,146.24970353198097,145.69000244140625,-0.0008915435213457945,-0.0033481832424827364,0
2020-01-14,145.69000244140625,146.04920418428003,146.5399932861328,0.005834242779070742,-0.0013718790857844675,0
2020-01-15,146.5399932861328,145.84126089547607,146.30999755859375,-0.0015695082440052577,-0.0014248038141660838,0
2020-01-16,146.30999755859375,146.02747790197424,146.5800018310547,0.0018454259925253513,0.0012760327298694102,1
2020-01-17,146.5800018310547,146.40311010787713,146.74000549316406,0.0010915790702048511,0.0025690363997509314,1
2020-01-21,146.74000549316406,146.51160806820099,146.7899932861328,0.0003406555206315609,0.0007408160707083309,1
2020-01-22,146.7899932861328,146.70576494403383,147.1199951171875,0.002248122121045526,0.001324320603616926,1
2020-01-23,147.1199951171875,146.89733397903393,147.97999572753906,0.005845572586286041,0.0013049525899967757,1
2020-01-24,147.97999572753906,147.37016340185016,148.99000549316406,0.006825312844883635,0.0032136055387968683,1
2020-01-27,148.99000549316406,148.1798456234393,147.66000366210938,-0.008926785569624784,0.005479169159228229,1
2020-01-28,147.66000366210938,148.35119924229434,148.4600067138672,0.005417872354848807,0.0011557214051944966,1
2020-01-29,148.4600067138672,148.4996337672323,148.47000122070312,6.732120695107646e-05,0.0010000614504205676,1
2020-01-30,148.47000122070312,148.2414018386462,149.3300018310547,0.005792420039608892,-0.001740453545595654,0
2020-01-31,149.3300018310547,148.84812234135956,148.36000061035156,-0.006495688802043542,0.004084434467091603,1
2020-02-03,148.36000061035156,148.77077963787406,146.42999267578125,-0.01300895070524588,-0.0005197432334587928,0
2020-02-04,146.42999267578125,147.9607115546262,146.61000061035156,0.0012293105482077404,-0.005459953659851572,0
2020-02-05,146.61000061035156,146.88131407945883,147.39999389648438,0.005388399719282511,-0.007321902602406126,0
2020-02-06,147.39999389648438,146.50953938770073,147.7899932861328,0.002645857569860688,-0.002534331839946648,0
2020-02-07,147.7899932861328,147.0826726305017,148.1699981689453,0.0025712490701368385,0.0039042859271020865,1
2020-02-10,148.1699981689453,147.69673971411663,147.66000366210938,-0.0034419552752806837,0.004166288052318836,1
2020-02-11,147.66000366210938,147.81942467720467,147.5399932861328,-0.0008127480224853212,0.000830309708364884,1
2020-02-12,147.5399932861328,147.740508823357,148.3800048828125,0.00569345014846645,-0.0005340091587404589,0
2020-02-13,148.3800048828125,147.84658197464745,149.0,0.004178427664004669,0.0007177116940889017,1
2020-02-14,149.0,148.36940916339563,150.91000366210938,0.012818816524224008,0.003530043936257624,1
2020-02-18,150.91000366210938,149.61832838618773,151.7899932861328,0.005831221275388376,0.0083824022153495,1
2020-02-19,151.7899932861328,150.86719981603142,152.41000366210938,0.004084659090851872,0.008312404449665887,1
2020-02-20,152.41000366210938,152.1199833858019,154.6999969482422,0.015025216397275942,0.008269595406313395,1
2020-02-21,154.6999969482422,153.48153837547568,156.08999633789062,0.008985128746405113,0.00891071478221255,1
2020-02-24,156.08999633789062,155.0244729955739,153.3000030517578,-0.017874260693127697,0.010002706125355927,1
2020-02-25,153.3000030517578,155.25189141835034,153.97000122070312,0.004370503298157802,0.0014659090384198604,1
2020-02-26,153.97000122070312,154.81130236980374,154.0,0.00019483522153040944,-0.0028419325731730907,0
2020-02-27,154.0,153.8437682263634,148.3800048828125,-0.03649347478693177,-0.006269375783477545,0
2020-02-28,148.3800048828125,151.8843792972542,149.1999969482422,0.005526297603759334,-0.012818026553993635,0
2020-03-02,149.1999969482422,150.01020702190874,153.88999938964844,0.031434333360162325,-0.012416230283785391,0
2020-03-03,153.88999938964844,149.9178249451507,154.16000366210938,0.0017545277375516921,-0.0006160283123499573,0
2020-03-04,154.16000366210938,152.19623309462042,157.49000549316406,0.021600945458936538,0.015083385132924702,1
2020-03-05,157.49000549316406,155.4576224308882,157.5500030517578,0.00038096105467699815,0.021202474503042183,1
2020-03-06,157.5500030517578,156.89226754301757,157.80999755859375,0.0016502348575044845,0.00918620589841651,1
2020-03-09,157.80999755859375,158.25281194145447,154.47999572753906,-0.02110133630677158,0.008634454032819162,1
2020-03-10,154.47999572753906,157.0336405905378,153.92999267578125,-0.0035603512879937016,-0.007733776175946334,0
2020-03-11,153.92999267578125,155.58309796426124,147.7899932861328,-0.0398882588306293,-0.009280072736975637,0
2020-03-12,147.7899932861328,151.57717492210742,143.27999877929688,-0.03051623730778741,-0.026085080262854932,0
2020-03-13,143.27999877929688,147.22038016874512,141.63999938964844,-0.011446115323986206,-0.029164251728504006,0
2020-03-16,141.63999938964844,142.57179458379943,143.55999755859375,0.0135554799295321,-0.03208495447057939,0
2020-03-17,143.55999755859375,141.11852670820582,140.6999969482422,-0.019921988429849713,-0.010245542262781978,0
2020-03-18,140.6999969482422,140.46938605936572,138.0399932861328,-0.018905499074657994,-0.004610579995301925,0
2020-03-19,138.0399932861328,139.4735777755613,140.11000061035156,0.014995707221804766,-0.007114395520890493,0
2020-03-20,140.11000061035156,138.49635291877541,146.3000030517578,0.044179590424960224,-0.007031184130661017,0
2020-03-23,146.3000030517578,140.93073802323966,153.39999389648438,0.048530353360380474,0.017424557432656418,1
2020-03-24,153.39999389648438,147.10451381984979,151.3000030517578,-0.01368964099270864,0.04287476252276201,1
2020-03-25,151.3000030517578,151.51267818372827,153.24000549316406,0.012822223412266576,0.029525993309449577,1
2020-03-26,153.24000549316406,154.067759867341,152.25,-0.006460489804721581,0.01672319895184518,1
2020-03-27,152.25,153.3626387915524,152.9199981689453,0.004400644787818209,-0.004587199673926156,0
2020-03-30,152.9199981689453,153.79741029892966,148.0500030517578,-0.03184668568859872,0.002830913714346236,1
2020-03-31,148.0500030517578,151.54656854066218,149.4499969482422,0.009456223354449733,-0.01474325799779487,0
2020-04-01,149.4499969482422,150.1611703308551,151.89999389648438,0.0163934225377782,-0.009183774683499719,0
2020-04-02,151.89999389648438,149.4810790995296,152.64999389648438,0.0049374590529023266,-0.004539362526060824,0
2020-04-03,152.64999389648438,151.18042953839404,156.8800048828125,0.027710521817620126,0.011304197484178095,1
2020-04-06,156.8800048828125,154.08097790260047,156.0399932861328,-0.005354484768834378,0.01900427365134998,1
2020-04-07,156.0399932861328,155.63280081281732,154.64999389648438,-0.008907968786563414,0.01002109691800733,1
2020-04-08,154.64999389648438,156.4026920873211,158.69000244140625,0.026123560972308058,0.0049346491300342075,1
2020-04-09,158.69000244140625,156.98078056489805,161.41000366210938,0.017140343933811808,0.0036893402730677942,1
2020-04-13,161.41000366210938,158.93984580280136,162.67999267578125,0.007868093580683189,0.012402421281089319,1
2020-04-14,162.67999267578125,161.8248637134609,161.85000610351562,-0.005101958505246418,0.01798885989475664,1
2020-04-15,161.85000610351562,162.80754687983165,161.7100067138672,-0.0008649946516461338,0.006054147003202375,1
2020-04-16,161.7100067138672,162.70246856606298,158.57000732421875,-0.019417471147623044,-0.0006456226379068549,0
2020-04-17,158.57000732421875,160.91773058322116,159.6999969482422,0.007126124562213176,-0.011029942393646845,0
2020-04-20,159.6999969482422,159.99046352843436,158.61000061035156,-0.006825274631933054,-0.005779033707952194,0
2020-04-21,158.61000061035156,158.68785372849766,161.72999572753906,0.019670860003665247,-0.008175121959199887,0
2020-04-22,161.72999572753906,159.79277864749258,163.33999633789062,0.00995486708021609,0.006938753819465415,1
2020-04-23,163.33999633789062,161.1460967624081,162.63999938964844,-0.004285520778353313,0.008433544452162635,1
2020-04-24,162.63999938964844,162.73444919388385,161.55999755859375,-0.006640444141094992,0.009808339432822308,1
2020-04-27,161.55999755859375,162.69199141933058,160.83999633789062,-0.004456556273727319,-0.0002609362331724736,0
2020-04-28,160.83999633789062,161.71233626749,161.72999572753906,0.005533445721913166,-0.006039735270151704,0
2020-04-29,161.72999572753906,161.3468329562657,158.8000030517578,-0.018116569301821484,-0.002262764855452219,0
2020-04-30,158.8000030517578,160.2343881937627,159.77999877929688,0.00617125761149806,-0.006918620409482819,0
2020-05-01,159.77999877929688,159.8073364594607,160.33999633789062,0.003504803873276119,-0.0026687269494224015,0
2020-05-04,160.33999633789062,159.2099909035863,161.02000427246094,0.004241037483481591,-0.0037449141645609038,0
2020-05-05,161.02000427246094,160.1168494929579,158.9499969482422,-0.012855591040204617,0.00567982964549697,1
2020-05-06,158.9499969482422,159.88477521322199,161.38999938964844,0.015350754880484763,-0.0014504571383722974,0
2020-05-07,161.38999938964844,160.33470295639177,160.4199981689453,-0.006010293229887331,0.002810122868375343,1
2020-05-08,160.4199981689453,160.12020905710813,159.4199981689453,-0.006233636774804485,-0.0013386839974980837,0
2020-05-11,159.4199981689453,160.3413779740622,160.0399932861328,0.0038890673962401756,0.0013803149021294797,1
2020-05-12,160.0399932861328,159.8386633183498,161.5800018310547,0.00962264814750724,-0.0031402024110153155,0
2020-05-13,161.5800018310547,160.24011241825622,163.00999450683594,0.008850059782004704,0.0025084406767356374,1
2020-05-14,163.00999450683594,161.6060020123615,163.92999267578125,0.0056438144895878395,0.008487893643806992,1
2020-05-15,163.92999267578125,163.083964102386,162.69000244140625,-0.007564144999551381,0.009103898809115028,1
2020-05-18,162.69000244140625,163.49086128107018,164.25999450683594,0.00965020617044443,0.0024919090977848493,1
2020-05-19,164.25999450683594,163.87027544934284,164.64999389648438,0.0023742810342795018,0.0023180169885235634,1
2020-05-20,164.64999389648438,164.08418972586048,162.25,-0.0145763375976391,0.0013045366327928583,1
2020-05-21,162.25,163.86563325805054,163.2100067138672,0.005916836449104457,-0.00133286548641735,0
2020-05-22,163.2100067138672,163.35734505390252,160.88999938964844,-0.014214859559966153,-0.0031066804390112246,0
2020-05-26,160.88999938964844,161.82950751708893,161.17999267578125,0.0018024320171106112,-0.009396743852969673,0
2020-05-27,161.17999267578125,161.4094705297233,161.72000122070312,0.003350344766475555,-0.0025989268146386422,0
2020-05-28,161.72000122070312,160.8414039644819,162.91000366210938,0.0073584122707384125,-0.0035256205560663836,0
2020-05-29,162.91000366210938,161.6751580538937,163.66000366210938,0.004603768848692402,0.005170313992742259,1
2020-06-01,163.66000366210938,162.64771405242652,162.60000610351562,-0.0064768271714218395,0.005997473489464923,1
2020-06-02,162.60000610351562,163.03886885346213,159.60000610351562,-0.01845018380928054,0.002402033179372087,1
2020-06-03,159.60000610351562,161.8271209451476,161.27999877929688,0.010526269495827023,-0.007460020845730262,0
2020-06-04,161.27999877929688,160.89468195729899,158.00999450683594,-0.02027532426346157,-0.005778609155955198,0
2020-06-05,158.00999450683594,159.17290941521634,159.72000122070312,0.010822142733466267,-0.010758909661498709,0
2020-06-08,159.72000122070312,159.24793019277786,161.25999450683594,0.00964183116931494,0.00047120520781218883,1
2020-06-09,161.25999450683594,159.23806721300792,163.57000732421875,0.014324773012967418,-6.193666191561092e-05,0
2020-06-10,163.57000732421875,161.4259309273163,162.38999938964844,-0.007214084989501601,0.013646044943585997,1
2020-06-11,162.38999938964844,162.50893812782755,162.6199951171875,0.0014163170663434865,0.0066865986908161016,1
2020-06-12,162.6199951171875,163.078394663761,162.3300018310547,-0.0017832572551969017,0.0034980299246704467,1
2020-06-15,162.3300018310547,162.58717628687072,162.25,-0.0004928345355281749,-0.003016706666196645,0
2020-06-16,162.25,162.47012222102336,162.55999755859375,0.0019106166939522051,-0.0007202057695322729,0
2020-06-17,162.55999755859375,162.4166415093311,162.24000549316406,-0.001968455156468263,-0.00032922678388772064,0
2020-06-18,162.24000549316406,162.2833389067963,164.02999877929688,,-0.0008210817250624552,0
