Date,Open,High,Low,Close,Adj Close,Volume
2018-12-31,1.1438899040222168,1.1465917825698853,1.14223051071167,1.1439945697784424,1.1439945697784424,0
2019-01-01,1.1494252681732178,1.155001163482666,1.146499752998352,1.1493064165115356,1.1493064165115356,0
2019-01-02,1.1461317539215088,1.1497001647949219,1.1345715522766113,1.14617121219635,1.14617121219635,0
2019-01-03,1.131733775138855,1.1409143209457397,1.131733775138855,1.1318106651306152,1.1318106651306152,0
2019-01-04,1.1390948295593262,1.14177405834198,1.1348161697387695,1.1391078233718872,1.1391078233718872,0
2019-01-07,1.141291856765747,1.147446870803833,1.1405240297317505,1.1410444974899292,1.1410444974899292,0
2019-01-08,1.1479343175888062,1.1486331224441528,1.1424654722213745,1.1479737758636475,1.1479737758636475,0
2019-01-09,1.1457247734069824,1.1540148258209229,1.144164800643921,1.1456066370010376,1.1456066370010376,0
2019-01-10,1.1555217504501343,1.157139539718628,1.151145339012146,1.1554949283599854,1.1554949283599854,0
2019-01-11,1.1515165567398071,1.1539002656936646,1.1459741592407227,1.151012897491455,1.151012897491455,0
2019-01-14,1.1462763547897339,1.148369312286377,1.1451605558395386,1.146013617515564,1.146013617515564,0
2019-01-15,1.147315263748169,1.1491611003875732,1.1386150121688843,1.1472889184951782,1.1472889184951782,0
2019-01-16,1.141409158706665,1.14223051071167,1.1378893852233887,1.1416828632354736,1.1416828632354736,0
2019-01-17,1.1398999691009521,1.1407711505889893,1.1372424364089966,1.1398088932037354,1.1398088932037354,0
2019-01-18,1.1391856670379639,1.1410315036773682,1.1354217529296875,1.13926362991333,1.13926362991333,0
2019-01-21,1.1365444660186768,1.1388224363327026,1.1357957124710083,1.1365574598312378,1.1365574598312378,0
2019-01-22,1.1369578838348389,1.1375269889831543,1.1336840391159058,1.136932134628296,1.136932134628296,0
2019-01-23,1.1363766193389893,1.1393154859542847,1.1351640224456787,1.1364023685455322,1.1364023685455322,0
2019-01-24,1.1387057304382324,1.1393414735794067,1.131324052810669,1.1388224363327026,1.1388224363327026,0
2019-01-25,1.1309914588928223,1.1411616802215576,1.1305822134017944,1.1313496828079224,1.1313496828079224,0
2019-01-28,1.141265869140625,1.1445575952529907,1.1390948295593262,1.1413049697875977,1.1413049697875977,0
2019-01-29,1.1429747343063354,1.1450556516647339,1.1411746740341187,1.143000841140747,1.143000841140747,0
2019-01-30,1.1435105800628662,1.1450294256210327,1.140862226486206,1.1435366868972778,1.1435366868972778,0
2019-01-31,1.1485539674758911,1.1513707637786865,1.1450556516647339,1.1487650871276855,1.1487650871276855,0
2019-02-01,1.145081877708435,1.1488442420959473,1.1435105800628662,1.1449507474899292,1.1449507474899292,0
2019-02-04,1.1457247734069824,1.1462632417678833,1.1425436735153198,1.1455278396606445,1.1455278396606445,0
2019-02-05,1.14357590675354,1.1442956924438477,1.1403288841247559,1.1436283588409424,1.1436283588409424,0
2019-02-06,1.1408753395080566,1.141096591949463,1.1375399827957153,1.140992522239685,1.140992522239685,0
2019-02-07,1.1366348266601562,1.1370097398757935,1.1326054334640503,1.1365960836410522,1.1365960836410522,0
2019-02-08,1.1339925527572632,1.1350995302200317,1.132182240486145,1.1338768005371094,1.1338768005371094,0
2019-02-11,1.1324259042739868,1.133144497871399,1.1273448467254639,1.1324259042739868,1.1324259042739868,0
2019-02-12,1.128031611442566,1.1319899559020996,1.125885248184204,1.1279042959213257,1.1279042959213257,0
2019-02-13,1.1332728862762451,1.134429931640625,1.1282861232757568,1.1334655284881592,1.1334655284881592,0
2019-02-14,1.126405119895935,1.130825161933899,1.1250618696212769,1.12649405002594,1.12649405002594,0
2019-02-15,1.1294713020324707,1.1298158168792725,1.1234945058822632,1.1295350790023804,1.1295350790023804,0
2019-02-18,1.1294840574264526,1.1334141492843628,1.1294840574264526,1.1298030614852905,1.1298030614852905,0
2019-02-19,1.131208896636963,1.1341854333877563,1.1277008056640625,1.131196141242981,1.131196141242981,0
2019-02-20,1.1343011856079102,1.1369578838348389,1.1325926780700684,1.1343011856079102,1.1343011856079102,0
2019-02-21,1.1346358060836792,1.1365832090377808,1.1322592496871948,1.1346358060836792,1.1346358060836792,0
2019-02-22,1.1339796781539917,1.1355764865875244,1.131874680519104,1.1343011856079102,1.1343011856079102,0
2019-02-25,1.1340183019638062,1.1367511749267578,1.13379967212677,1.1342240571975708,1.1342240571975708,0
2019-02-26,1.1366219520568848,1.1378635168075562,1.1346487998962402,1.1367511749267578,1.1367511749267578,0
2019-02-27,1.1394193172454834,1.140380859375,1.1363893747329712,1.1393154859542847,1.1393154859542847,0
2019-02-28,1.1377859115600586,1.1422044038772583,1.1360796689987183,1.1380189657211304,1.1380189657211304,0
2019-03-01,1.137255311012268,1.1408882141113281,1.135434627532959,1.1373459100723267,1.1373459100723267,0
2019-03-04,1.1375269889831543,1.1375269889831543,1.1310553550720215,1.1375917196273804,1.1375917196273804,0
2019-03-05,1.133825421333313,1.1339154243469238,1.1293182373046875,1.1337354183197021,1.1337354183197021,0
2019-03-06,1.1306205987930298,1.132502794265747,1.1291651725769043,1.1307101249694824,1.1307101249694824,0
2019-03-07,1.1312474012374878,1.1319899559020996,1.1208752393722534,1.1314009428024292,1.1314009428024292,0
2019-03-08,1.1201971769332886,1.1244546175003052,1.1186057329177856,1.1198333501815796,1.1198333501815796,0
2019-03-11,1.123103380203247,1.1257457733154297,1.1222589015960693,1.1232421398162842,1.1232421398162842,0
2019-03-12,1.125885248184204,1.129433035850525,1.1250239610671997,1.1259232759475708,1.1259232759475708,0
2019-03-13,1.1286808252334595,1.1313753128051758,1.1279042959213257,1.1287446022033691,1.1287446022033691,0
2019-03-14,1.1332857608795166,1.133594036102295,1.1294713020324707,1.133105993270874,1.133105993270874,0
2019-03-15,1.1307612657546997,1.1343011856079102,1.1302244663238525,1.1308379173278809,1.1308379173278809,0
2019-03-18,1.1319899559020996,1.1359764337539673,1.1234692335128784,1.1319772005081177,1.1319772005081177,0
2019-03-19,1.13355553150177,1.1363636255264282,1.1334270238876343,1.133619785308838,1.133619785308838,0
2019-03-20,1.1353057622909546,1.1367511749267578,1.1336454153060913,1.135486125946045,1.135486125946045,0
2019-03-21,1.143000841140747,1.1439945697784424,1.1355119943618774,1.1427918672561646,1.1427918672561646,0
2019-03-22,1.1373976469039917,1.139211654663086,1.1275609731674194,1.1375011205673218,1.1375011205673218,0
2019-03-25,1.129611611366272,1.1331701278686523,1.1290504932403564,1.129586100578308,1.129586100578308,0
2019-03-26,1.1314520835876465,1.1328877210617065,1.1279551982879639,1.131580114364624,1.131580114364624,0
2019-03-27,1.1274465322494507,1.1285535097122192,1.1242650747299194,1.127484679222107,1.127484679222107,0
2019-03-28,1.1251378059387207,1.1262998580932617,1.121516227722168,1.1251758337020874,1.1251758337020874,0
2019-03-29,1.1229519844055176,1.1246063709259033,1.1210887432098389,1.1230024099349976,1.1230024099349976,0
2019-04-01,1.1223469972610474,1.1250239610671997,1.1209882497787476,1.1223849058151245,1.1223849058151245,0
2019-04-02,1.1205987930297852,1.1214005947113037,1.1184556484222412,1.1205737590789795,1.1205737590789795,0
2019-04-03,1.1202850341796875,1.125499963760376,1.1202473640441895,1.1203854084014893,1.1203854084014893,0
2019-04-04,1.124530553817749,1.124985933303833,1.1209254264831543,1.1246949434280396,1.1246949434280396,0
2019-04-05,1.1224603652954102,1.1241512298583984,1.1211642026901245,1.1225864887237549,1.1225864887237549,0
2019-04-08,1.1222084760665894,1.1274083852767944,1.1215540170669556,1.121956706047058,1.121956706047058,0
2019-04-09,1.1256444454193115,1.1287955045700073,1.1256444454193115,1.1256444454193115,1.1256444454193115,0
2019-04-10,1.12649405002594,1.1282861232757568,1.123103380203247,1.126697063446045,1.126697063446045,0
2019-04-11,1.1276118755340576,1.1287446022033691,1.1256064176559448,1.1276500225067139,1.1276500225067139,0
2019-04-12,1.1259359121322632,1.132502794265747,1.1258344650268555,1.1260753870010376,1.1260753870010376,0
2019-04-15,1.130365014076233,1.1322463750839233,1.1299434900283813,1.1305055618286133,1.1305055618286133,0
2019-04-16,1.130441665649414,1.1314995288848877,1.128604531288147,1.1304928064346313,1.1304928064346313,0
2019-04-17,1.1285152435302734,1.13237464427948,1.1281843185424805,1.128502607345581,1.128502607345581,0
2019-04-18,1.1300712823867798,1.130600094795227,1.1237722635269165,1.129713773727417,1.129713773727417,0
2019-04-19,1.123608112335205,1.125112533569336,1.1233052015304565,1.1235954761505127,1.1235954761505127,0
2019-04-22,1.1244546175003052,1.1263798475265503,1.1236711740493774,1.1244546175003052,1.1244546175003052,0
2019-04-23,1.125885248184204,1.1261261701583862,1.1193444728851318,1.1258978843688965,1.1258978843688965,0
2019-04-24,1.1224478483200073,1.1224603652954102,1.1183055639266968,1.122435212135315,1.122435212135315,0
2019-04-25,1.1156978607177734,1.1164003610610962,1.1121737957000732,1.1153494119644165,1.1153494119644165,0
2019-04-26,1.113709807395935,1.1172809600830078,1.112297534942627,1.113684892654419,1.113684892654419,0
2019-04-29,1.1149017810821533,1.116994023323059,1.1145538091659546,1.1150261163711548,1.1150261163711548,0
2019-04-30,1.1184180974960327,1.12296462059021,1.117655634880066,1.1185182332992554,1.1185182332992554,0
2019-05-01,1.1218308210372925,1.1249985694885254,1.1214408874511719,1.121604323387146,1.121604323387146,0
2019-05-02,1.1201846599578857,1.1218183040618896,1.1173559427261353,1.1200841665267944,1.1200841665267944,0
2019-05-03,1.1172560453414917,1.1200717687606812,1.1141316890716553,1.1173559427261353,1.1173559427261353,0
2019-05-06,1.1187058687210083,1.1204482316970825,1.1179929971694946,1.1185808181762695,1.1185808181762695,0
2019-05-07,1.1204482316970825,1.121956706047058,1.1176055669784546,1.1201846599578857,1.1201846599578857,0
2019-05-08,1.118956208229065,1.1214998960494995,1.118956208229065,1.1191065311431885,1.1191065311431885,0
2019-05-09,1.1197456121444702,1.1250998973846436,1.1175681352615356,1.1198333501815796,1.1198333501815796,0
2019-05-10,1.1218559741973877,1.1252391338348389,1.1218559741973877,1.1222084760665894,1.1222084760665894,0
2019-05-13,1.1236711740493774,1.126341700553894,1.1224100589752197,1.1236460208892822,1.1236460208892822,0
2019-05-14,1.1232421398162842,1.1246063709259033,1.120485782623291,1.1232547760009766,1.1232547760009766,0
2019-05-15,1.120360255241394,1.1222715377807617,1.1180429458618164,1.1204482316970825,1.1204482316970825,0
2019-05-16,1.1209505796432495,1.122435212135315,1.1174308061599731,1.1207244396209717,1.1207244396209717,0
2019-05-17,1.117480754852295,1.1184431314468384,1.1157352924346924,1.1173559427261353,1.1173559427261353,0
2019-05-20,1.1165324449539185,1.1177005767822266,1.1151255369186401,1.1165324449539185,1.1165324449539185,0
2019-05-21,1.1169440746307373,1.11831796169281,1.1142433881759644,1.1168566942214966,1.1168566942214966,0
2019-05-23,1.115511178970337,1.1172809600830078,1.1109507083892822,1.1155484914779663,1.1155484914779663,0
2019-05-24,1.1183805465698242,1.1212018728256226,1.1178054809570312,1.1184556484222412,1.1184556484222412,0
2019-05-27,1.1206364631652832,1.1218308210372925,1.118806004524231,1.1209630966186523,1.1209630966186523,0
2019-05-28,1.1193571090698242,1.1199462413787842,1.1171810626983643,1.1193821430206299,1.1193821430206299,0
2019-05-29,1.1170687675476074,1.1175681352615356,1.1125946044921875,1.1170687675476074,1.1170687675476074,0
2019-05-30,1.1138337850570679,1.1146035194396973,1.1118524074554443,1.1137346029281616,1.1137346029281616,0
2019-05-31,1.1129908561706543,1.1179429292678833,1.1126564741134644,1.1131147146224976,1.1131147146224976,0
2019-06-03,1.1173434257507324,1.1211000680923462,1.1162209510803223,1.1174057722091675,1.1174057722091675,0
2019-06-04,1.1245558261871338,1.1277772188186646,1.1227755546569824,1.124631643295288,1.124631643295288,0
2019-06-05,1.1255050897598267,1.130454421043396,1.123987078666687,1.1254037618637085,1.1254037618637085,0
2019-06-06,1.122725009918213,1.1307867765426636,1.1223849058151245,1.1229015588760376,1.1229015588760376,0
2019-06-07,1.127548336982727,1.1348161697387695,1.1253150701522827,1.1276500225067139,1.1276500225067139,0
2019-06-10,1.1319003105163574,1.1326953172683716,1.12920343875885,1.1320157051086426,1.1320157051086426,0
2019-06-11,1.1318362951278687,1.1332728862762451,1.1304799318313599,1.1318106651306152,1.1318106651306152,0
2019-06-12,1.132939100265503,1.1343011856079102,1.1308507919311523,1.1329518556594849,1.1329518556594849,0
2019-06-13,1.1293054819107056,1.1305004358291626,1.127116084098816,1.1295605897903442,1.1295605897903442,0
2019-06-14,1.1279551982879639,1.1290504932403564,1.1215037107467651,1.1280443668365479,1.1280443668365479,0
2019-06-17,1.121604323387146,1.1246000528335571,1.1205360889434814,1.1217050552368164,1.1217050552368164,0
2019-06-18,1.12271249294281,1.12440025806427,1.1182304620742798,1.1224603652954102,1.1224603652954102,0
2019-06-19,1.1197456121444702,1.1222084760665894,1.1188685894012451,1.1198208332061768,1.1198208332061768,0
2019-06-20,1.1235828399658203,1.1315160989761353,1.1235828399658203,1.1238480806350708,1.1238480806350708,0
2019-06-21,1.1293182373046875,1.1333370208740234,1.1283625364303589,1.1295605897903442,1.1295605897903442,0
2019-06-24,1.1383039951324463,1.1401208639144897,1.1373846530914307,1.1384724378585815,1.1384724378585815,0
2019-06-25,1.1400169134140015,1.141396164894104,1.1378376483917236,1.140029788017273,1.140029788017273,0
2019-06-26,1.1368545293807983,1.1389521360397339,1.1350866556167603,1.1369967460632324,1.1369967460632324,0
2019-06-27,1.1374623775482178,1.1383039951324463,1.1348419189453125,1.1374752521514893,1.1374752521514893,0
2019-06-28,1.1371389627456665,1.1393414735794067,1.1361312866210938,1.1372941732406616,1.1372941732406616,0
2019-07-01,1.1363636255264282,1.1367511749267578,1.1305694580078125,1.1364928483963013,1.1364928483963013,0
2019-07-02,1.1287063360214233,1.1321053504943848,1.1276754140853882,1.1287446022033691,1.1287446022033691,0
2019-07-03,1.1290887594223022,1.1305310726165771,1.127039909362793,1.1293054819107056,1.1293054819107056,0
2019-07-04,1.1287955045700073,1.1298158168792725,1.1274338960647583,1.1287955045700073,1.1287955045700073,0
2019-07-05,1.128604531288147,1.1287955045700073,1.120824933052063,1.128579020500183,1.128579020500183,0
2019-07-08,1.1227880716323853,1.123721718788147,1.1208375692367554,1.1227376461029053,1.1227376461029053,0
2019-07-09,1.12147855758667,1.1222084760665894,1.1195324659347534,1.121604323387146,1.121604323387146,0
2019-07-10,1.1204607486724854,1.1262998580932617,1.1202598810195923,1.120824933052063,1.120824933052063,0
2019-07-11,1.1261261701583862,1.1287955045700073,1.1251758337020874,1.125885248184204,1.125885248184204,0
2019-07-12,1.1250239610671997,1.1278001070022583,1.123974323272705,1.1252391338348389,1.1252391338348389,0
2019-07-15,1.1271796226501465,1.1285994052886963,1.1255683898925781,1.1272051334381104,1.1272051334381104,0
2019-07-16,1.1260881423950195,1.126633644104004,1.1209003925323486,1.1261768341064453,1.1261768341064453,0
2019-07-17,1.1213276386260986,1.1233429908752441,1.1201093196868896,1.1212271451950073,1.1212271451950073,0
2019-07-18,1.1227755546569824,1.1247328519821167,1.1206239461898804,1.12296462059021,1.12296462059021,0
2019-07-19,1.1261515617370605,1.1271415948867798,1.1215037107467651,1.1261515617370605,1.1261515617370605,0
2019-07-22,1.1218056678771973,1.12271249294281,1.1208375692367554,1.1218308210372925,1.1218308210372925,0
2019-07-23,1.1204984188079834,1.121076226234436,1.1149640083312988,1.1206114292144775,1.1206114292144775,0
2019-07-24,1.115100622177124,1.1155734062194824,1.1130032539367676,1.1151255369186401,1.1151255369186401,0
2019-07-25,1.114230990409851,1.1186933517456055,1.110383152961731,1.1142433881759644,1.1142433881759644,0
2019-07-26,1.1145166158676147,1.1153244972229004,1.1115680932998657,1.1146159172058105,1.1146159172058105,0
2019-07-29,1.113089919090271,1.1144545078277588,1.1114444732666016,1.1132138967514038,1.1132138967514038,0
2019-07-30,1.1142184734344482,1.1158099174499512,1.1133253574371338,1.1143054962158203,1.1143054962158203,0
2019-07-31,1.1157352924346924,1.1164453029632568,1.1127803325653076,1.1157974004745483,1.1157974004745483,0
2019-08-01,1.1072235107421875,1.1072970628738403,1.1027547121047974,1.1071745157241821,1.1071745157241821,0
2019-08-02,1.1081806421279907,1.1114197969436646,1.1070764064788818,1.1078859567642212,1.1078859567642212,0
2019-08-05,1.1107407808303833,1.1199462413787842,1.1107407808303833,1.1108025312423706,1.1108025312423706,0
2019-08-06,1.1242650747299194,1.1249732971191406,1.1170687675476074,1.1243788003921509,1.1243788003921509,0
2019-08-07,1.1205862760543823,1.1240994930267334,1.1180930137634277,1.1206992864608765,1.1206992864608765,0
2019-08-08,1.120485782623291,1.1228384971618652,1.1184431314468384,1.1204355955123901,1.1204355955123901,0
2019-08-09,1.118730902671814,1.1219818592071533,1.1184055805206299,1.1187183856964111,1.1187183856964111,0
2019-08-12,1.1206867694854736,1.1230276823043823,1.1163331270217896,1.1208499670028687,1.1208499670028687,0
2019-08-13,1.1218308210372925,1.1228259801864624,1.117817997932434,1.1218308210372925,1.1218308210372925,0
2019-08-14,1.1177555322647095,1.1191002130508423,1.1139951944351196,1.1177055835723877,1.1177055835723877,0
2019-08-15,1.114504098892212,1.1158995628356934,1.1095577478408813,1.1143302917480469,1.1143302917480469,0
2019-08-16,1.1111358404159546,1.1113580465316772,1.1067456007003784,1.1113580465316772,1.1113580465316772,0
2019-08-19,1.109385371208191,1.1110000610351562,1.108819603919983,1.109385371208191,1.109385371208191,0
2019-08-20,1.1082541942596436,1.1099001169204712,1.1068925857543945,1.1083157062530518,1.1083157062530518,0
2019-08-21,1.1098532676696777,1.1107407808303833,1.1088809967041016,1.1097793579101562,1.1097793579101562,0
2019-08-22,1.1090408563613892,1.1114000082015991,1.1064517498016357,1.10907781124115,1.10907781124115,0
2019-08-23,1.1083279848098755,1.1149004697799683,1.105299711227417,1.1084016561508179,1.1084016561508179,0
2019-08-26,1.1143054962158203,1.1152499914169312,1.110839605331421,1.1143054962158203,1.1143054962158203,0
2019-08-27,1.110111951828003,1.1118524074554443,1.1088809967041016,1.1103708744049072,1.1103708744049072,0
2019-08-28,1.109004020690918,1.1100010871887207,1.107444167137146,1.109004020690918,1.109004020690918,0
2019-08-29,1.1085368394851685,1.1090162992477417,1.1056197881698608,1.1085859537124634,1.1085859537124634,0
2019-08-30,1.1059622764587402,1.106096863746643,1.0987199544906616,1.1061947345733643,1.1061947345733643,0
2019-09-02,1.0990943908691406,1.0997470617294312,1.0958784818649292,1.0991789102554321,1.0991789102554321,0
2019-09-03,1.0967316627502441,1.0977309942245483,1.0930395126342773,1.0968520641326904,1.0968520641326904,0
2019-09-04,1.0973576307296753,1.103499412536621,1.0972732305526733,1.0974539518356323,1.0974539518356323,0
2019-09-05,1.1037527322769165,1.1082788705825806,1.1018311977386475,1.10349702835083,1.10349702835083,0
2019-09-06,1.1036310195922852,1.10574209690094,1.1021226644515991,1.1036310195922852,1.1036310195922852,0
2019-09-09,1.102074146270752,1.106525182723999,1.1016126871109009,1.1020619869232178,1.1020619869232178,0
2019-09-10,1.1047282218933105,1.1059499979019165,1.1031805276870728,1.1048381328582764,1.1048381328582764,0
2019-09-11,1.1049723625183105,1.1058276891708374,1.0986233949661255,1.1050333976745605,1.1050333976745605,0
2019-09-12,1.1014429330825806,1.1077508926391602,1.0929558277130127,1.1013457775115967,1.1013457775115967,0
2019-09-13,1.1057665348052979,1.110913634300232,1.1057665348052979,1.1058276891708374,1.1058276891708374,0
2019-09-16,1.1084139347076416,1.1084262132644653,1.099493145942688,1.1083402633666992,1.1083402633666992,0
2019-09-17,1.1004005670547485,1.1068068742752075,1.0992876291275024,1.100594401359558,1.100594401359558,0
2019-09-18,1.1074320077896118,1.1077877283096313,1.1037527322769165,1.1074687242507935,1.1074687242507935,0
2019-09-19,1.1031439304351807,1.107499361038208,1.102353572845459,1.1031439304351807,1.1031439304351807,0
2019-09-20,1.1046061515808105,1.1068999767303467,1.0998800992965698,1.1048502922058105,1.1048502922058105,0
2019-09-23,1.1019526720046997,1.102803349494934,1.0968279838562012,1.1019041538238525,1.1019041538238525,0
2019-09-24,1.0993722677230835,1.1013944149017334,1.0985147953033447,1.0993722677230835,1.0993722677230835,0
2019-09-25,1.1015641689300537,1.1019283533096313,1.094834566116333,1.1016855239868164,1.1016855239868164,0
2019-09-26,1.0951822996139526,1.0967316627502441,1.092514157295227,1.0952903032302856,1.0952903032302856,0
2019-09-27,1.0923112630844116,1.0958423614501953,1.0905839204788208,1.0922753810882568,1.0922753810882568,0
2019-09-30,1.0941636562347412,1.0948106050491333,1.088767170906067,1.0942714214324951,1.0942714214324951,0
2019-10-01,1.0899182558059692,1.0937328338623047,1.0881510972976685,1.0899657011032104,1.0899657011032104,0
2019-10-02,1.0935415029525757,1.0957943201065063,1.090524435043335,1.0934937000274658,1.0934937000274658,0
2019-10-03,1.0962027311325073,1.0998317003250122,1.0941877365112305,1.0963709354400635,1.0963709354400635,0
2019-10-04,1.0974900722503662,1.0992271900177002,1.0959144830703735,1.0975382328033447,1.0975382328033447,0
2019-10-07,1.098659634590149,1.1001100540161133,1.0963709354400635,1.098659634590149,1.098659634590149,0
2019-10-08,1.0972732305526733,1.0998003482818604,1.094666838645935,1.0972130298614502,1.0972130298614502,0
2019-10-09,1.0960224866867065,1.0991994142532349,1.095554232597351,1.0960105657577515,1.0960105657577515,0
2019-10-10,1.098587155342102,1.1033873558044434,1.0980443954467773,1.0987803936004639,1.0987803936004639,0
2019-10-11,1.1014429330825806,1.1061996221542358,1.1003884077072144,1.1011033058166504,1.1011033058166504,0
2019-10-14,1.1028155088424683,1.1043000221252441,1.1015156507492065,1.1030004024505615,1.1030004024505615,0
2019-10-15,1.1025844812393188,1.1045451164245605,1.0992755889892578,1.1029006242752075,1.1029006242752075,0
2019-10-16,1.103399634361267,1.1076282262802124,1.102353572845459,1.1034727096557617,1.1034727096557617,0
2019-10-17,1.1074295043945312,1.1139951944351196,1.1065863370895386,1.107493281364441,1.107493281364441,0
2019-10-18,1.1127183437347412,1.1161960363388062,1.1115063428878784,1.1127183437347412,1.1127183437347412,0
2019-10-21,1.1156107187271118,1.118067979812622,1.1140000820159912,1.1155734062194824,1.1155734062194824,0
2019-10-22,1.115200161933899,1.116071343421936,1.1124708652496338,1.1151753664016724,1.1151753664016724,0
2019-10-23,1.1129660606384277,1.1133378744125366,1.1108025312423706,1.112928867340088,1.112928867340088,0
2019-10-24,1.1132633686065674,1.1165698766708374,1.109385371208191,1.1132385730743408,1.1132385730743408,0
2019-10-25,1.1104449033737183,1.1125946044921875,1.1080454587936401,1.1103955507278442,1.1103955507278442,0
2019-10-28,1.1084753274917603,1.1106668710708618,1.107714056968689,1.1084262132644653,1.1084262132644653,0
2019-10-29,1.1102476119995117,1.1118770837783813,1.1075055599212646,1.1099148988723755,1.1099148988723755,0
2019-10-30,1.111222267150879,1.1125946044921875,1.1103339195251465,1.1114816665649414,1.1114816665649414,0
2019-10-31,1.1154240369796753,1.1176930665969849,1.113374948501587,1.1154489517211914,1.1154489517211914,0
2019-11-01,1.1156107187271118,1.1174432039260864,1.1130775213241577,1.1157102584838867,1.1157102584838867,0
2019-11-04,1.1169440746307373,1.1177005767822266,1.1141999959945679,1.1166571378707886,1.1166571378707886,0
2019-11-05,1.1128298044204712,1.1138995885849,1.1064640283584595,1.1128545999526978,1.1128545999526978,0
2019-11-06,1.107444167137146,1.1095085144042969,1.1067456007003784,1.107419729232788,1.107419729232788,0
2019-11-07,1.1070642471313477,1.109139323234558,1.1038014888763428,1.1070396900177002,1.1070396900177002,0
2019-11-08,1.103460431098938,1.103813648223877,1.1017802953720093,1.1019697189331055,1.1019697189331055,0
2019-11-11,1.102280616760254,1.1043622493743896,1.101722002029419,1.102244257926941,1.102244257926941,0
2019-11-12,1.1034847497940063,1.1041183471679688,1.1003884077072144,1.1035456657409668,1.1035456657409668,0
2019-11-13,1.1012123823165894,1.1020498275756836,1.1001100540161133,1.1012367010116577,1.1012367010116577,0
2019-11-14,1.1008729934692383,1.1017826795578003,1.0990822315216064,1.1013215780258179,1.1013215780258179,0
2019-11-15,1.102292776107788,1.1055831909179688,1.1015278100967407,1.1020498275756836,1.1020498275756836,0
2019-11-18,1.1053999662399292,1.1090999841690063,1.1053999662399292,1.105509877204895,1.105509877204895,0
2019-11-19,1.1072235107421875,1.1085245609283447,1.1064271926879883,1.1072357892990112,1.1072357892990112,0
2019-11-20,1.108033299446106,1.1082788705825806,1.1053632497787476,1.1080001592636108,1.1080001592636108,0
2019-11-21,1.107898235321045,1.1096439361572266,1.106378197669983,1.1078859567642212,1.1078859567642212,0
2019-11-22,1.1065618991851807,1.1078613996505737,1.102864146232605,1.1065863370895386,1.1065863370895386,0
2019-11-25,1.1024142503738403,1.1033873558044434,1.100618600845337,1.1022562980651855,1.1022562980651855,0
2019-11-26,1.1012003421783447,1.102657437324524,1.1008002758026123,1.1014429330825806,1.1014429330825806,0
2019-11-27,1.1022076606750488,1.1022076606750488,1.09933602809906,1.1022562980651855,1.1022562980651855,0
2019-11-28,1.1006064414978027,1.1019283533096313,1.100158452987671,1.1004853248596191,1.1004853248596191,0
2019-11-29,1.1011276245117188,1.102669596672058,1.0982855558395386,1.101176142692566,1.101176142692566,0
2019-12-02,1.1017705202102661,1.1089179515838623,1.1003763675689697,1.1019041538238525,1.1019041538238525,0
2019-12-03,1.1076037883758545,1.1092623472213745,1.1066476106643677,1.1079105138778687,1.1079105138778687,0
2019-12-04,1.1081806421279907,1.1113457679748535,1.1067945957183838,1.1085245609283447,1.1085245609283447,0
2019-12-05,1.1082665920257568,1.1104941368103027,1.1079963445663452,1.108303427696228,1.108303427696228,0
2019-12-06,1.1104201078414917,1.1112345457077026,1.1042280197143555,1.1105434894561768,1.1105434894561768,0
2019-12-09,1.105780005455017,1.108033299446106,1.1053999662399292,1.105888843536377,1.105888843536377,0
2019-12-10,1.1064517498016357,1.1097548007965088,1.106353759765625,1.106499433517456,1.106499433517456,0
2019-12-11,1.109385371208191,1.1098779439926147,1.1071745157241821,1.1092746257781982,1.1092746257781982,0
2019-12-12,1.1133253574371338,1.1153370141983032,1.1111851930618286,1.1135857105255127,1.1135857105255127,0
2019-12-13,1.1183431148529053,1.1186933517456055,1.111889362335205,1.1186057329177856,1.1186057329177856,0
2019-12-16,1.1125203371047974,1.115785002708435,1.1123470067977905,1.1124460697174072,1.1124460697174072,0
2019-12-17,1.113709807395935,1.1173185110092163,1.113089919090271,1.1136974096298218,1.1136974096298218,0
2019-12-18,1.1151504516601562,1.1151504516601562,1.1111358404159546,1.115138053894043,1.115138053894043,0
2019-12-19,1.1115927696228027,1.1142433881759644,1.110987663269043,1.1115927696228027,1.1115927696228027,0
2019-12-20,1.112371802330017,1.1125946044921875,1.1074320077896118,1.1125946044921875,1.1125946044921875,0
2019-12-23,1.1079840660095215,1.1097548007965088,1.1071499586105347,1.1079840660095215,1.1079840660095215,0
2019-12-24,1.1092993021011353,1.1097548007965088,1.1070642471313477,1.109385371208191,1.109385371208191,0
2019-12-25,1.109139323234558,1.110864281654358,1.1077877283096313,1.1090162992477417,1.1090162992477417,0
2019-12-26,1.1095085144042969,1.1104941368103027,1.1082788705825806,1.1095454692840576,1.1095454692840576,0
2019-12-27,1.1101243495941162,1.118067979812622,1.1099998950958252,1.110111951828003,1.110111951828003,0
2019-12-30,1.1181554794311523,1.1220699548721313,1.1181554794311523,1.1182304620742798,1.1182304620742798,0
2019-12-31,1.1204482316970825,1.1241008043289185,1.1200717687606812,1.120229721069336,1.120229721069336,0
2020-01-01,1.1220825910568237,1.1228384971618652,1.115946888923645,1.1220825910568237,1.1220825910568237,0
2020-01-02,1.1218937635421753,1.12271249294281,1.1166820526123047,1.1220825910568237,1.1220825910568237,0
2020-01-03,1.1170812845230103,1.118067979812622,1.112569808959961,1.1171437501907349,1.1171437501907349,0
2020-01-06,1.1162458658218384,1.120824933052063,1.1158099174499512,1.1161960363388062,1.1161960363388062,0
2020-01-07,1.1195825338363647,1.1199462413787842,1.1134865283966064,1.1197994947433472,1.1197994947433472,0
2020-01-08,1.1155734062194824,1.1165200471878052,1.111086368560791,1.1154738664627075,1.1154738664627075,0
2020-01-09,1.1114444732666016,1.1122233867645264,1.1095085144042969,1.1113210916519165,1.1113210916519165,0
2020-01-10,1.1109259128570557,1.1120996475219727,1.1086229085922241,1.1111111640930176,1.1111111640930176,0
2020-01-13,1.1116546392440796,1.114466905593872,1.1114075183868408,1.1116669178009033,1.1116669178009033,0
2020-01-14,1.1134493350982666,1.1145787239074707,1.11055588722229,1.1135733127593994,1.1135733127593994,0
2020-01-15,1.1129660606384277,1.1163455247879028,1.112025499343872,1.113089919090271,1.113089919090271,0
2020-01-16,1.1152697801589966,1.117193579673767,1.112978458404541,1.1154004335403442,1.1154004335403442,0
2020-01-17,1.113800287246704,1.1145004034042358,1.1087580919265747,1.1139578819274902,1.1139578819274902,0
2020-01-20,1.1095207929611206,1.1104941368103027,1.1077508926391602,1.1094592809677124,1.1094592809677124,0
2020-01-21,1.1096439361572266,1.1119760274887085,1.1086474657058716,1.109693169593811,1.109693169593811,0
2020-01-22,1.1085859537124634,1.1097793579101562,1.1071622371673584,1.108561396598816,1.108561396598816,0
2020-01-23,1.1097548007965088,1.1103215217590332,1.1037039756774902,1.1096439361572266,1.1096439361572266,0
2020-01-24,1.105534315109253,1.1060845851898193,1.1021226644515991,1.1055220365524292,1.1055220365524292,0
2020-01-27,1.1026331186294556,1.1039965152740479,1.1010063886642456,1.1025358438491821,1.1025358438491821,0
2020-01-28,1.1019648313522339,1.102657437324524,1.099855899810791,1.101976990699768,1.101976990699768,0
2020-01-29,1.102292776107788,1.1030223369598389,1.0993238687515259,1.1022562980651855,1.1022562980651855,0
2020-01-30,1.101406455039978,1.1036553382873535,1.1008244752883911,1.1016855239868164,1.1016855239868164,0
2020-01-31,1.1028763055801392,1.1090162992477417,1.1017948389053345,1.1029127836227417,1.1029127836227417,0
2020-02-03,1.108905553817749,1.108905553817749,1.104349970817566,1.1089794635772705,1.1089794635772705,0
2020-02-04,1.1062926054000854,1.1065618991851807,1.1033873558044434,1.1062926054000854,1.1062926054000854,0
2020-02-05,1.104472041130066,1.1048502922058105,1.0998317003250122,1.1047282218933105,1.1047282218933105,0
2020-02-06,1.1000494956970215,1.1012852191925049,1.0965512990951538,1.1002310514450073,1.1002310514450073,0
2020-02-07,1.0981045961380005,1.0986994504928589,1.0946906805038452,1.0982975959777832,1.0982975959777832,0
2020-02-10,1.0948705673217773,1.0961307287216187,1.090959906578064,1.0949305295944214,1.0949305295944214,0
2020-02-11,1.091226577758789,1.0927003622055054,1.089348316192627,1.0913456678390503,1.0913456678390503,0
2020-02-12,1.0921800136566162,1.0924997329711914,1.0887079238891602,1.091941475868225,1.091941475868225,0
2020-02-13,1.0876421928405762,1.0890873670578003,1.0835527181625366,1.0875948667526245,1.0875948667526245,0
2020-02-14,1.0845986604690552,1.0862481594085693,1.0831302404403687,1.0845986604690552,1.0845986604690552,0
2020-02-17,1.0840578079223633,1.0854003429412842,1.0830246210098267,1.0841753482818604,1.0841753482818604,0
2020-02-18,1.0837054252624512,1.0839003324508667,1.078690528869629,1.0840108394622803,1.0840108394622803,0
2020-02-19,1.0794706344604492,1.0808473825454712,1.0783600807189941,1.079540491104126,1.079540491104126,0
2020-02-20,1.080964207649231,1.0821000337600708,1.0779578685760498,1.081009864807129,1.081009864807129,0
2020-02-21,1.078771948814392,1.0863661766052246,1.078771948814392,1.078799843788147,1.078799843788147,0
2020-02-24,1.0838581323623657,1.0863661766052246,1.0808473825454712,1.0839051008224487,1.0839051008224487,0
2020-02-25,1.084904670715332,1.088174819946289,1.083177089691162,1.0849199295043945,1.0849199295043945,0
2020-02-26,1.0881001949310303,1.090358018875122,1.085564136505127,1.0881996154785156,1.0881996154785156,0
2020-02-27,1.088565707206726,1.1005700826644897,1.088565707206726,1.0885894298553467,1.0885894298553467,0
2020-02-28,1.0995535850524902,1.10527765750885,1.095158338546753,1.0997228622436523,1.0997228622436523,0
2020-03-02,1.1052532196044922,1.116407871246338,1.1037284135818481,1.1051311492919922,1.1051311492919922,0
2020-03-03,1.1144297122955322,1.120749592781067,1.1097301244735718,1.1144047975540161,1.1144047975540161,0
2020-03-04,1.1177304983139038,1.1185681819915771,1.109693169593811,1.118067979812622,1.118067979812622,0
2020-03-05,1.113908290863037,1.1204482316970825,1.1121737957000732,1.113908290863037,1.113908290863037,0
2020-03-06,1.1223849058151245,1.135473370552063,1.1213905811309814,1.1223849058151245,1.1223849058151245,0
2020-03-09,1.1386150121688843,1.1495838165283203,1.1356796026229858,1.1386020183563232,1.1386020183563232,0
2020-03-10,1.1397439241409302,1.1422958374023438,1.1334141492843628,1.1397960186004639,1.1397960186004639,0
2020-03-11,1.1316184997558594,1.1365960836410522,1.1259005069732666,1.1316505670547485,1.1316505670547485,0
2020-03-12,1.1260753870010376,1.1332857608795166,1.1080824136734009,1.1261515617370605,1.1261515617370605,0
2020-03-13,1.118355631828308,1.1221328973770142,1.1065373420715332,1.1184931993484497,1.1184931993484497,0
2020-03-16,1.1159594058990479,1.1235400438308716,1.1088687181472778,1.115536093711853,1.115536093711853,0
2020-03-17,1.1163331270217896,1.1189061403274536,1.0957943201065063,1.1163206100463867,1.1163206100463867,0
2020-03-18,1.1016855239868164,1.1045000553131104,1.0831888914108276,1.101552128791809,1.101552128791809,0
2020-03-19,1.0943433046340942,1.0945589542388916,1.0697933435440063,1.0961546897888184,1.0961546897888184,0
2020-03-20,1.0658481121063232,1.0829894542694092,1.0654505491256714,1.0657345056533813,1.0657345056533813,0
2020-03-23,1.0687528848648071,1.0824854373931885,1.0660412311553955,1.0694386959075928,1.0694386959075928,0
2020-03-24,1.0764726400375366,1.0888501405715942,1.0753382444381714,1.0764610767364502,1.0764610767364502,0
2020-03-25,1.0801235437393188,1.0849517583847046,1.0770175457000732,1.080263614654541,1.080263614654541,0
2020-03-26,1.0887553691864014,1.1025480031967163,1.0876539945602417,1.0889569520950317,1.0889569520950317,0
2020-03-27,1.1046184301376343,1.1086474657058716,1.0955182313919067,1.1048258543014526,1.1048258543014526,0
2020-03-30,1.1135361194610596,1.1137841939926147,1.1012245416641235,1.113908290863037,1.113908290863037,0
2020-03-31,1.1028398275375366,1.1043622493743896,1.0929678678512573,1.1030466556549072,1.1030466556549072,0
2020-04-01,1.1028155088424683,1.1037527322769165,1.0918699502944946,1.102657437324524,1.102657437324524,0
2020-04-02,1.0950982570648193,1.0962989330291748,1.0844340324401855,1.0953621864318848,1.0953621864318848,0
2020-04-03,1.084386944770813,1.085894227027893,1.0776199102401733,1.0847399234771729,1.0847399234771729,0
2020-04-06,1.0808240175247192,1.083435297012329,1.0769248008728027,1.0806955099105835,1.0806955099105835,0
2020-04-07,1.0801936388015747,1.0923351049423218,1.0791398286819458,1.0803803205490112,1.0803803205490112,0
2020-04-08,1.0894314050674438,1.0896213054656982,1.083177089691162,1.0895144939422607,1.0895144939422607,0
2020-04-09,1.0861183404922485,1.0943553447723389,1.0841801166534424,1.0863661766052246,1.0863661766052246,0
2020-04-10,1.0925976037979126,1.0954102277755737,1.0921083688735962,1.0927408933639526,1.0927408933639526,0
2020-04-13,1.093135118484497,1.0968520641326904,1.089360237121582,1.0932666063308716,1.0932666063308716,0
2020-04-14,1.0919533967971802,1.0983941555023193,1.0915720462799072,1.0922993421554565,1.0922993421554565,0
2020-04-15,1.0982372760772705,1.0989010334014893,1.0857645273208618,1.098538875579834,1.098538875579834,0
2020-04-16,1.0903817415237427,1.0907741785049438,1.0829660892486572,1.0905101299285889,1.0905101299285889,0
2020-04-17,1.0860122442245483,1.0893245935440063,1.0812681913375854,1.0858471393585205,1.0858471393585205,0
2020-04-20,1.0866258144378662,1.0897043943405151,1.084304690361023,1.0866966247558594,1.0866966247558594,0
2020-04-21,1.0871928930282593,1.0871928930282593,1.0821340084075928,1.0836584568023682,1.0836584568023682,0
