Date,Open,High,Low,Close,Adj Close,Volume,Direction
18/11/2015,1194.449951,1194.449951,1173,1175.719971,1038.072876,1520352,
19/11/2015,1182.680054,1190.800049,1176,1181.280029,1042.982178,1866906,UP
20/11/2015,1183.25,1211.780029,1180.969971,1199.180054,1058.786377,2012126,UP
23/11/2015,1202.650024,1206.699951,1191.119995,1195.530029,1055.563843,1088082,DOWN
24/11/2015,1190.030029,1196.219971,1182.75,1183.969971,1045.3573,998640,DOWN
26/11/2015,1188.949951,1191.199951,1168.930054,1172.780029,1035.477173,2915292,DOWN
27/11/2015,1174,1179.719971,1166.25,1176.680054,1038.920654,1737206,UP
30/11/2015,1182.5,1195.619995,1175.069946,1186.780029,1047.838257,4100048,UP
01/12/2015,1181.449951,1189.030029,1178.530029,1180.949951,1042.69043,1721994,DOWN
02/12/2015,1189,1189.050049,1173.25,1182.599976,1044.147461,1640296,UP
03/12/2015,1180,1186.5,1173.5,1175.380005,1037.772705,2283358,DOWN
04/12/2015,1170,1173.650024,1160.550049,1164.199951,1027.901733,1246092,DOWN
07/12/2015,1166.099976,1171.949951,1157.619995,1159.900024,1024.105103,1382604,DOWN
08/12/2015,1159.699951,1174.5,1158.650024,1164.5,1028.166626,1139964,UP
09/12/2015,1168.949951,1186.400024,1160,1183.819946,1045.224609,5282806,UP
10/12/2015,1184.5,1195.599976,1176,1192.280029,1052.69397,1723988,UP
11/12/2015,1191.5,1195.969971,1181.619995,1193,1053.329956,1652378,UP
14/12/2015,1167.599976,1193.5,1165.300049,1189.219971,1049.992676,2718532,DOWN
15/12/2015,1189.219971,1192.5,1181.530029,1187.930054,1048.853516,1135868,DOWN
16/12/2015,1192,1207.25,1192,1204.199951,1063.218872,1435934,UP
17/12/2015,1207.5,1222.5,1196.680054,1219.880005,1077.062988,1618844,UP
18/12/2015,1210,1217.099976,1200.319946,1208.400024,1066.92688,3024970,DOWN
21/12/2015,1209.969971,1225,1203.430054,1223.199951,1079.994019,1610104,UP
22/12/2015,1220,1220,1200,1202.530029,1061.744263,1560858,DOWN
23/12/2015,1207.5,1217.5,1205.280029,1212.900024,1070.900146,849834,UP
24/12/2015,1210.5,1219.099976,1202,1217.119995,1074.626099,843160,UP
28/12/2015,1214,1233.199951,1210.099976,1231.349976,1087.189941,3704198,UP
29/12/2015,1229.180054,1232.650024,1222.880005,1227.900024,1084.143921,1708524,DOWN
30/12/2015,1226.530029,1229.5,1206.150024,1209.150024,1067.589111,1605762,DOWN
31/12/2015,1207.880005,1224.25,1203.75,1218.430054,1075.782837,1240318,UP
01/01/2016,1219.5,1219.5,1206.119995,1208.199951,1066.750488,712262,DOWN
04/01/2016,1205.069946,1207,1183.030029,1184.800049,1046.089966,1870184,DOWN
05/01/2016,1192.5,1193.300049,1170.5,1174.469971,1036.969604,2678020,DOWN
06/01/2016,1175.099976,1193.069946,1175.099976,1190.800049,1051.387573,2653228,UP
07/01/2016,1185,1191.449951,1180,1185.619995,1046.813721,3199580,DOWN
08/01/2016,1192.5,1203.680054,1186.25,1198.800049,1058.450806,1907544,UP
11/01/2016,1191.25,1192,1174.430054,1181.180054,1042.893799,2930228,DOWN
12/01/2016,1181.349976,1182.5,1150.800049,1163.530029,1027.309937,3482594,DOWN
13/01/2016,1158.5,1163.5,1127.550049,1139.599976,1006.181702,4746092,DOWN
14/01/2016,1136.5,1149.449951,1125,1139.400024,1006.005249,2742052,DOWN
15/01/2016,1144.430054,1145.849976,1127.5,1130.550049,998.191406,3269408,DOWN
18/01/2016,1131,1145.949951,1130,1138.819946,1005.493225,2213922,UP
19/01/2016,1138.5,1150,1134.150024,1139.650024,1006.226135,967910,UP
20/01/2016,1136.900024,1142.5,1121.5,1140.050049,1006.579102,1615954,UP
21/01/2016,1142.5,1144.949951,1122.880005,1127.25,1000.102539,2675536,DOWN
22/01/2016,1136.5,1151.030029,1130,1147.880005,1018.405396,1343178,UP
25/01/2016,1150.949951,1169.5,1145.75,1152.319946,1022.344788,1397560,UP
27/01/2016,1151,1164.969971,1140.949951,1159.880005,1029.052002,1626986,UP
28/01/2016,1157.75,1174.449951,1154.030029,1165.599976,1034.126709,3106660,UP
29/01/2016,1179.349976,1200,1167.530029,1195.650024,1060.787354,2235744,UP
01/02/2016,1195.550049,1206.469971,1179.5,1201.349976,1065.844238,1495274,UP
02/02/2016,1204.5,1216.5,1189.849976,1199.050049,1063.803833,1475588,DOWN
03/02/2016,1193.75,1214.949951,1180.150024,1208.150024,1071.877441,1308692,UP
04/02/2016,1210.949951,1220,1201,1210.030029,1073.545166,1250046,UP
05/02/2016,1204.050049,1219.969971,1204.050049,1210.969971,1074.379395,1402996,UP
08/02/2016,1200,1206.030029,1173.5,1181.469971,1048.206543,1063658,DOWN
09/02/2016,1166.800049,1166.800049,1127.800049,1140.699951,1012.035278,2489610,DOWN
10/02/2016,1137.5,1144.949951,1129.050049,1134.400024,1006.446106,1890732,DOWN
11/02/2016,1140,1144.5,1085.819946,1098.969971,975.012207,1962408,DOWN
12/02/2016,1100,1121.699951,1082,1113.300049,987.725769,2172568,UP
15/02/2016,1125,1153.430054,1120,1134.569946,1006.59668,2479712,UP
16/02/2016,1133,1141,1121.5,1132.780029,1005.008606,1588702,DOWN
17/02/2016,1132.5,1139.819946,1123.199951,1137.780029,1009.444824,1585178,UP
18/02/2016,1142.5,1159.880005,1139,1157.930054,1027.321899,1529140,UP
19/02/2016,1153.680054,1163.5,1152.719971,1159.819946,1028.998779,879012,UP
22/02/2016,1160.119995,1171.5,1152.5,1157.949951,1027.339966,1324884,DOWN
23/02/2016,1155.119995,1159.949951,1128.380005,1132,1004.316711,1306852,DOWN
24/02/2016,1131.219971,1131.219971,1100.599976,1105.469971,980.779114,1659328,DOWN
25/02/2016,1109.900024,1114,1092.819946,1106.430054,981.63092,1830556,UP
26/02/2016,1114.849976,1128.449951,1099.800049,1105.25,980.583923,1537536,DOWN
29/02/2016,1118.5,1118.5,1057.5,1088.400024,965.63446,2191718,DOWN
01/03/2016,1096.5,1142.550049,1081,1138.319946,1009.92395,1999760,UP
02/03/2016,1152.5,1165,1128.119995,1159.430054,1028.652832,1527486,UP
03/03/2016,1168,1195.5,1150.5,1186.569946,1052.731689,2648284,UP
04/03/2016,1190,1190,1174.780029,1178.780029,1045.82019,1512966,DOWN
08/03/2016,1171.050049,1183.5,1152.099976,1177.150024,1044.373901,1268152,DOWN
09/03/2016,1170.5,1184.699951,1147.569946,1178.619995,1045.678223,2017784,UP
10/03/2016,1178.030029,1179.930054,1157.469971,1174.150024,1041.71228,1661666,DOWN
11/03/2016,1170,1195.430054,1167.5,1182.619995,1049.227173,1530528,UP
14/03/2016,1181,1199,1170,1177.5,1044.68457,1636742,DOWN
15/03/2016,1174.530029,1181.75,1160.050049,1164.949951,1033.550049,1623356,DOWN
16/03/2016,1157.5,1166,1153.449951,1163.530029,1032.290283,1918246,DOWN
17/03/2016,1167,1180.900024,1166,1176.030029,1043.380371,2221088,UP
18/03/2016,1180,1215,1180,1212.930054,1076.118286,3204070,UP
21/03/2016,1213,1227.469971,1210,1223.119995,1085.158691,2336982,UP
22/03/2016,1221,1242.5,1218.25,1236.550049,1097.074097,1951984,UP
23/03/2016,1243.949951,1243.949951,1228.650024,1236.900024,1097.384766,2278434,UP
28/03/2016,1245.5,1258.569946,1230.780029,1236.699951,1097.207397,3320882,DOWN
29/03/2016,1239,1243.469971,1227.5,1234.699951,1095.432495,1838796,DOWN
30/03/2016,1235.449951,1252.5,1230,1244.75,1104.348877,2136504,UP
31/03/2016,1239.150024,1275,1236.069946,1260.150024,1118.011841,4363964,UP
01/04/2016,1252.5,1260.430054,1217.050049,1226.949951,1088.556396,3041400,DOWN
04/04/2016,1228,1244,1223.5,1235.619995,1096.248901,1752352,UP
05/04/2016,1235.400024,1242.449951,1221.030029,1231.380005,1092.487183,1491794,DOWN
06/04/2016,1235,1244.5,1229.680054,1240.949951,1100.977783,1763150,UP
07/04/2016,1240,1242.349976,1228.5,1235.400024,1096.053833,2390942,DOWN
08/04/2016,1233,1236.849976,1213.5,1216.030029,1078.868408,1399500,DOWN
11/04/2016,1216.5,1258.5,1206.5,1253.319946,1111.952515,2400648,UP
12/04/2016,1249,1262.5,1244.050049,1259.069946,1117.053711,1303628,UP
13/04/2016,1265,1272.5,1256.25,1263.099976,1120.629395,1601468,UP
18/04/2016,1226.5,1276.75,1220,1259.880005,1117.772583,7121504,DOWN
20/04/2016,1267.449951,1267.449951,1220,1225.180054,1086.986694,6405024,DOWN
21/04/2016,1225.5,1233.699951,1206.099976,1212.199951,1075.470459,2525724,DOWN
22/04/2016,1209.5,1217.699951,1202.099976,1208.530029,1072.214722,1964126,DOWN
25/04/2016,1201.150024,1228.530029,1201.150024,1225.619995,1087.376587,2267654,UP
26/04/2016,1224.5,1246.75,1221,1244.900024,1104.4823,2554368,UP
27/04/2016,1240,1257.300049,1237.949951,1255.550049,1113.931274,1848670,UP
28/04/2016,1250.650024,1270,1249.050049,1263.880005,1121.321411,4992744,UP
29/04/2016,1258.5,1271,1255,1267.75,1124.754883,2372178,UP
02/05/2016,1264.5,1265,1250,1263.349976,1120.851074,1116692,DOWN
03/05/2016,1262.5,1265,1236,1239.050049,1099.292114,2153118,DOWN
04/05/2016,1236.949951,1247.030029,1228.5,1239,1099.247559,1364892,DOWN
05/05/2016,1239,1244.969971,1231.780029,1235.150024,1095.832031,1246566,DOWN
06/05/2016,1232.5,1242.150024,1215.5,1236.699951,1097.207397,885598,UP
09/05/2016,1236.699951,1259,1228.199951,1256.280029,1114.578491,1821276,UP
10/05/2016,1257.5,1266.969971,1248,1261.449951,1119.165283,1158534,UP
11/05/2016,1250,1262.800049,1245,1259.150024,1117.124634,1598716,DOWN
12/05/2016,1260.280029,1284.949951,1260.280029,1283.099976,1138.373657,1513082,UP
13/05/2016,1282.5,1283,1255.069946,1261.699951,1119.387207,1621730,DOWN
16/05/2016,1269,1282.400024,1261.25,1275.569946,1131.692749,1111526,UP
17/05/2016,1282.099976,1295.619995,1276,1285.099976,1140.147949,1756698,UP
18/05/2016,1282.930054,1282.930054,1263.030029,1275.550049,1131.674927,1500740,DOWN
19/05/2016,1277.5,1280,1263.050049,1278.469971,1134.265625,1038792,UP
20/05/2016,1271.150024,1282.900024,1261.400024,1264.650024,1122.004517,1230918,DOWN
23/05/2016,1272,1272.949951,1240.099976,1245.719971,1105.209595,1533016,DOWN
24/05/2016,1242,1244.119995,1229.800049,1233.849976,1094.678467,1339158,DOWN
25/05/2016,1240.5,1266.469971,1240.5,1263.219971,1120.73584,1548678,UP
26/05/2016,1265,1282.449951,1252.550049,1274.349976,1130.610352,1943248,UP
27/05/2016,1276.569946,1289.930054,1275.300049,1286.319946,1141.230103,1104676,UP
30/05/2016,1291.5,1320.969971,1291,1318.199951,1169.514404,1349464,UP
31/05/2016,1320,1323.5,1281,1284.699951,1139.793091,3722608,DOWN
01/06/2016,1285.599976,1322.5,1285.5,1316.780029,1168.254639,1911942,UP
02/06/2016,1300,1327.150024,1300,1325.069946,1175.609253,1408756,UP
03/06/2016,1325.699951,1329,1310.25,1314.780029,1166.47998,1554922,DOWN
06/06/2016,1310.25,1319.5,1301.599976,1306.25,1183.210815,1322026,UP
07/06/2016,1307,1319.5,1306.5,1315.569946,1191.652344,1202194,UP
08/06/2016,1308.619995,1314.280029,1302.75,1306.550049,1183.482178,938266,DOWN
09/06/2016,1311.199951,1311.199951,1277.599976,1288.619995,1167.240845,1562138,DOWN
10/06/2016,1283,1301.619995,1276.599976,1277.880005,1157.512695,1396832,DOWN
13/06/2016,1270,1276.680054,1259,1273.5,1153.545044,1029978,DOWN
14/06/2016,1279.469971,1279.469971,1259.119995,1267.430054,1148.047119,977570,DOWN
15/06/2016,1265,1282.449951,1261,1278.430054,1158.010986,1270844,UP
16/06/2016,1272.780029,1282.349976,1258.219971,1279.150024,1158.662964,1145070,UP
17/06/2016,1279.5,1305,1279.5,1301.300049,1178.726685,1878988,UP
20/06/2016,1301.300049,1334,1295.900024,1329.650024,1204.406372,1872838,UP
21/06/2016,1331.75,1332.5,1320.699951,1325.599976,1200.737549,1027690,DOWN
22/06/2016,1325,1338.849976,1315.880005,1333.819946,1208.18335,1761712,UP
23/06/2016,1327.5,1329.75,1312.650024,1322.680054,1198.092651,1397014,DOWN
24/06/2016,1282.569946,1296.599976,1257.069946,1286.969971,1165.746216,3766586,DOWN
27/06/2016,1273.5,1273.5,1241.319946,1247.930054,1130.383545,4272566,DOWN
28/06/2016,1247.930054,1251.449951,1229.199951,1231.969971,1115.927124,4499524,DOWN
29/06/2016,1237.5,1256.25,1232.650024,1251.449951,1133.572144,2531264,UP
30/06/2016,1261,1281.449951,1250.180054,1276.550049,1156.308105,5121812,UP
01/07/2016,1281,1282.300049,1247.180054,1250.430054,1132.648315,2197296,DOWN
04/07/2016,1258,1262.930054,1241,1247.099976,1129.631958,1883484,DOWN
05/07/2016,1247.099976,1248.530029,1238.569946,1242.650024,1125.600952,1559748,DOWN
07/07/2016,1243.849976,1245.930054,1212.5,1214.900024,1100.464722,3316800,DOWN
08/07/2016,1217.5,1221.030029,1201.75,1213.300049,1099.015869,2456356,DOWN
11/07/2016,1215,1235.900024,1213.5,1232.069946,1116.017456,1543632,UP
12/07/2016,1235.849976,1237.5,1217.930054,1232.469971,1116.380005,1465536,UP
13/07/2016,1239,1249.619995,1225.619995,1246.550049,1129.133667,2102300,UP
14/07/2016,1243,1264.5,1235.5,1260.949951,1142.177124,2699988,UP
15/07/2016,1258.5,1263.900024,1213.280029,1222.680054,1107.512329,8336366,DOWN
18/07/2016,1223.5,1234.5,1215.300049,1216.719971,1102.113281,2598850,DOWN
19/07/2016,1213.75,1236.400024,1213.75,1233.099976,1116.950317,2362896,UP
20/07/2016,1225,1251.25,1224.069946,1247.469971,1129.967041,2815252,UP
21/07/2016,1244.75,1259.75,1232.219971,1253.030029,1135.003418,2527148,UP
22/07/2016,1249.449951,1262,1246,1257.550049,1139.097656,1517216,UP
25/07/2016,1256,1281.599976,1252.900024,1279.469971,1164.974487,1688796,UP
26/07/2016,1279.469971,1284,1266.5,1276.300049,1162.088013,2311290,DOWN
27/07/2016,1277.5,1290.199951,1272.5,1288.780029,1173.451416,1750510,UP
28/07/2016,1290.25,1314.780029,1288.530029,1309.619995,1192.426147,4632080,UP
29/07/2016,1307,1317.449951,1299.5,1309.650024,1192.453735,2488084,UP
01/08/2016,1316,1362.5,1316,1354.119995,1232.944092,3961704,UP
02/08/2016,1351.449951,1357.849976,1344.900024,1349.599976,1228.828613,2578162,DOWN
03/08/2016,1343,1349.5,1324.530029,1328.150024,1209.297974,2294702,DOWN
04/08/2016,1335,1341.469971,1318.119995,1326,1207.340332,1415416,DOWN
05/08/2016,1336.949951,1342.150024,1316,1324.550049,1206.020142,1868484,DOWN
08/08/2016,1320,1334,1314.530029,1324.75,1206.202515,2058244,UP
09/08/2016,1329,1329.900024,1289.430054,1325.099976,1206.520996,2261914,UP
10/08/2016,1325.5,1341,1324,1337.699951,1217.993652,2062078,UP
11/08/2016,1332.780029,1357.5,1332.780029,1354.949951,1233.699951,2233138,UP
12/08/2016,1352.5,1372.400024,1351.030029,1369.219971,1246.693115,2327358,UP
16/08/2016,1369,1370,1336.930054,1345.849976,1225.414185,3183754,DOWN
17/08/2016,1349.5,1349.5,1309,1312.280029,1194.848145,1848566,DOWN
18/08/2016,1317.5,1328.780029,1315.050049,1319.280029,1201.221924,1292064,UP
19/08/2016,1320,1323.219971,1300,1301.75,1185.260498,2416244,DOWN
22/08/2016,1294,1297.219971,1268.150024,1274.349976,1160.312622,2265274,DOWN
23/08/2016,1272.469971,1302.469971,1270.099976,1300.530029,1184.150024,1503374,UP
24/08/2016,1294.900024,1301,1284.530029,1286.030029,1170.947021,1116878,DOWN
25/08/2016,1290,1294.849976,1263,1275.530029,1161.386719,1939690,DOWN
26/08/2016,1279.900024,1286.280029,1258.599976,1262.469971,1149.495483,1250314,DOWN
29/08/2016,1267.469971,1267.469971,1233.380005,1250.280029,1138.396851,1488728,DOWN
30/08/2016,1255,1274.900024,1250.619995,1272.069946,1158.236572,1444026,UP
31/08/2016,1275,1275,1250.430054,1255.650024,1143.286011,3231668,DOWN
01/09/2016,1262.449951,1267.469971,1243.530029,1253.75,1141.55603,1345736,DOWN
02/09/2016,1256,1259.699951,1248.030029,1257.400024,1144.879272,1742330,UP
06/09/2016,1259.949951,1260.069946,1240,1242.030029,1130.884399,2239066,DOWN
07/09/2016,1249.849976,1249.849976,1211.5,1220.280029,1111.081055,3854040,DOWN
08/09/2016,1180,1180,1142.380005,1161.050049,1057.151611,7021516,DOWN
09/09/2016,1164.849976,1183.319946,1160.030029,1176.219971,1070.963867,2742438,UP
12/09/2016,1168.5,1181.969971,1162,1179.530029,1073.977539,2024454,UP
14/09/2016,1181,1188.800049,1155,1164.219971,1060.037842,2069858,DOWN
15/09/2016,1169.969971,1171.050049,1158.380005,1163.469971,1059.354614,2818964,DOWN
16/09/2016,1168.349976,1188,1160,1180.849976,1075.179688,4358004,UP
19/09/2016,1182.5,1213.5,1175,1205.719971,1097.823975,2802546,UP
20/09/2016,1205.5,1208.449951,1192.699951,1203.25,1095.575317,1184552,DOWN
21/09/2016,1203.849976,1212,1200.349976,1206.699951,1098.716309,1678020,UP
22/09/2016,1212.619995,1214,1185.550049,1189,1082.600098,2857574,DOWN
23/09/2016,1191,1201.930054,1185.569946,1199.050049,1091.751099,1800726,UP
26/09/2016,1200.550049,1209.550049,1197.5,1200.550049,1093.116821,1753476,UP
27/09/2016,1200.550049,1224,1200.550049,1218.050049,1109.050659,2038792,UP
28/09/2016,1215.5,1218.75,1207.599976,1211.530029,1103.114014,1731328,DOWN
29/09/2016,1217.5,1228.25,1209.800049,1218.900024,1109.824707,3603958,UP
30/09/2016,1218.530029,1224.900024,1211.550049,1215.400024,1106.637939,2175364,DOWN
03/10/2016,1225,1228.819946,1200.550049,1205.849976,1097.942383,1818880,DOWN
04/10/2016,1210,1212.530029,1199,1202.569946,1094.955566,1780718,DOWN
05/10/2016,1204,1207.699951,1188.050049,1193.180054,1086.406372,1176354,DOWN
06/10/2016,1197.5,1201.199951,1186.380005,1194.380005,1087.498779,2267572,UP
07/10/2016,1194,1194,1179.099976,1183.900024,1077.956421,1816512,DOWN
10/10/2016,1184.949951,1193.449951,1177.530029,1190.150024,1083.647095,1202142,UP
13/10/2016,1181.650024,1184.949951,1160.449951,1164.449951,1060.246948,5173334,DOWN
14/10/2016,1157.5,1193.5,1145.5,1183.099976,1077.228027,7741214,UP
17/10/2016,1184.449951,1187.900024,1172.199951,1181.219971,1075.516235,2728346,DOWN
18/10/2016,1188,1207.849976,1177.400024,1200.099976,1092.706543,2128632,UP
19/10/2016,1200.5,1205,1185.150024,1197.550049,1090.385132,1985058,DOWN
20/10/2016,1198.449951,1204.680054,1193,1200.569946,1093.134888,1265854,UP
21/10/2016,1200,1215.949951,1199.119995,1214.319946,1105.654297,1259660,UP
24/10/2016,1214.099976,1217.449951,1201.280029,1213.849976,1111.174561,1253190,UP
25/10/2016,1202.5,1207.300049,1190.5,1199.219971,1097.78186,1772466,DOWN
26/10/2016,1199.300049,1201.380005,1186.25,1198.119995,1096.77478,1437130,DOWN
27/10/2016,1189.849976,1214.75,1182.75,1209.050049,1106.780518,2941602,UP
28/10/2016,1205,1207.550049,1194,1199.349976,1097.901123,1752102,DOWN
01/11/2016,1199.849976,1199.849976,1167.069946,1175,1075.610474,2934776,DOWN
02/11/2016,1170.5,1172,1147.5,1152.030029,1054.583374,2325076,DOWN
03/11/2016,1147,1167.5,1142.25,1159.719971,1061.623047,1463310,UP
04/11/2016,1160,1168.069946,1147,1165.280029,1066.712891,1183752,UP
07/11/2016,1168.949951,1172.449951,1130.030029,1138.530029,1042.225586,2048052,DOWN
08/11/2016,1140.219971,1153.5,1130,1141.599976,1045.0354,1933634,UP
09/11/2016,1090,1137.5,1071.430054,1084.930054,993.159119,4500226,DOWN
10/11/2016,1102.400024,1108.75,1070.400024,1077.719971,986.559204,2172426,DOWN
11/11/2016,1073.530029,1073.530029,1043.099976,1050.569946,961.705505,2398424,DOWN
15/11/2016,1058.449951,1078.780029,1025.949951,1060.650024,970.932983,6290324,UP
16/11/2016,1072.550049,1104.449951,1069,1094.800049,1002.194458,4019958,UP
17/11/2016,1092.5,1104.300049,1065.069946,1068.599976,978.210693,2504688,DOWN
18/11/2016,1071,1075,1052.099976,1062.550049,972.672546,2140534,DOWN
21/11/2016,1063.099976,1070,1052.5,1066.449951,976.242493,1793366,UP
22/11/2016,1066,1088.719971,1061.030029,1067.5,977.203796,1318860,UP
23/11/2016,1074.5,1081.469971,1063.599976,1078.180054,986.980164,1275808,UP
24/11/2016,1077.449951,1103.800049,1068.5,1094.219971,1001.66333,3026234,UP
25/11/2016,1106,1153.619995,1096.099976,1150.180054,1052.890137,4276148,UP
28/11/2016,1147,1159.719971,1125.949951,1141.300049,1044.761475,1924296,DOWN
29/11/2016,1137.5,1146,1126.280029,1129.930054,1034.353027,1442296,DOWN
30/11/2016,1132.5,1147.380005,1121.150024,1138.030029,1041.7677,3445832,UP
01/12/2016,1138.5,1145,1127.030029,1131.719971,1035.991577,1123052,DOWN
02/12/2016,1129,1135.400024,1102.599976,1110.930054,1016.960083,1998032,DOWN
05/12/2016,1114.5,1118.930054,1085,1093,1000.546753,2249526,DOWN
06/12/2016,1095,1101.969971,1084.949951,1091.180054,998.880737,1593444,DOWN
07/12/2016,1091.099976,1092.219971,1072.819946,1077.280029,986.156372,2065706,DOWN
08/12/2016,1080.25,1099.5,1080,1097.880005,1005.013977,3239546,UP
09/12/2016,1102.5,1109.949951,1086.650024,1097.619995,1004.775818,1588718,DOWN
12/12/2016,1097.400024,1108.800049,1081.5,1104.099976,1010.707825,1311758,UP
13/12/2016,1109,1109,1091.5,1100.150024,1007.091919,2147534,DOWN
14/12/2016,1107,1112.349976,1094.5,1103.800049,1010.433167,1870366,UP
15/12/2016,1101,1136.050049,1101,1129.650024,1034.096558,4295410,UP
16/12/2016,1138.5,1145,1126,1141.319946,1044.779419,1987230,UP
19/12/2016,1140,1148.849976,1130.650024,1144.449951,1047.644653,1334210,UP
20/12/2016,1146,1172.5,1143.530029,1169.650024,1070.713135,2922760,UP
21/12/2016,1171.900024,1171.900024,1152.800049,1156.800049,1058.949951,2034902,DOWN
22/12/2016,1153,1162.5,1143.099976,1153.849976,1056.249756,1868300,DOWN
23/12/2016,1150,1158.880005,1139.400024,1144.050049,1047.278687,1118954,DOWN
26/12/2016,1133,1150.800049,1133,1146.550049,1049.567261,897408,UP
27/12/2016,1140.75,1165,1140.75,1161.699951,1063.435669,1294692,UP
28/12/2016,1163.349976,1174.949951,1151.569946,1156.699951,1058.858521,1350418,DOWN
29/12/2016,1151.5,1179.949951,1151.5,1175.849976,1076.388428,1963516,UP
30/12/2016,1177.449951,1189.300049,1172.819946,1182.780029,1082.732544,1405748,UP
02/01/2017,1183.300049,1187.550049,1176.199951,1180.680054,1080.810181,823132,DOWN
03/01/2017,1180.619995,1185.849976,1171.650024,1184.119995,1083.958984,1475324,UP
04/01/2017,1184.849976,1194.430054,1179.150024,1189.75,1089.112915,1420066,UP
05/01/2017,1192,1194.969971,1160.199951,1167.199951,1068.470093,2216404,DOWN
06/01/2017,1160.5,1164.680054,1128.550049,1140.699951,1044.211792,3009896,DOWN
09/01/2017,1137.5,1155.650024,1128.5,1151.849976,1054.418823,1854578,UP
10/01/2017,1152,1164.900024,1145.75,1157.680054,1059.755859,1533914,UP
11/01/2017,1157.5,1164.800049,1140.099976,1162.199951,1063.893188,1931296,UP
12/01/2017,1162.199951,1180,1152,1172.180054,1073.029175,2570374,UP
13/01/2017,1174,1178.969971,1118.930054,1124.650024,1029.519165,10235580,DOWN
16/01/2017,1125,1136.949951,1114,1129.280029,1033.75769,3364808,UP
17/01/2017,1127.449951,1143.900024,1126.400024,1139.380005,1043.00354,3009956,UP
18/01/2017,1139,1149,1132.719971,1147.550049,1050.482666,3136574,UP
19/01/2017,1147.5,1147.569946,1141.469971,1145.5,1048.605835,2251676,DOWN
20/01/2017,1143.5,1150,1132.5,1142.680054,1046.024536,2037246,DOWN
23/01/2017,1132.5,1156.75,1129.900024,1153.349976,1061.831909,2318546,UP
24/01/2017,1152,1161.5,1145,1159.180054,1067.199463,2282638,UP
25/01/2017,1161.300049,1180,1159.030029,1176.5,1083.145142,4111648,UP
27/01/2017,1172.530029,1189.380005,1172.530029,1178.900024,1085.354736,2871658,UP
30/01/2017,1170.5,1175.969971,1159.069946,1166.449951,1073.892212,2577956,DOWN
31/01/2017,1160,1166.030029,1100.030029,1114.900024,1026.432861,4666804,DOWN
01/02/2017,1110,1119.969971,1077.780029,1083.949951,997.938843,4864152,DOWN
02/02/2017,1085.030029,1109.5,1076.5,1103.819946,1016.232056,6009482,UP
03/02/2017,1104.849976,1121.5,1095.5,1116.280029,1027.703491,2153372,UP
06/02/2017,1129,1129.25,1107.469971,1120.380005,1031.477661,2408910,UP
07/02/2017,1122,1126.300049,1113,1122.300049,1033.24585,1814638,UP
08/02/2017,1122.449951,1141.300049,1122.030029,1135.469971,1045.370605,2212584,UP
09/02/2017,1137.5,1164,1135.099976,1158.650024,1066.711548,4033202,UP
10/02/2017,1155.5,1212.219971,1155.5,1198.969971,1103.832153,5782160,UP
13/02/2017,1198,1214.5,1191.180054,1207.119995,1111.335205,3819812,UP
14/02/2017,1209.819946,1209.819946,1199,1203.119995,1107.652954,2033328,DOWN
15/02/2017,1198.5,1214,1187.550049,1206.849976,1111.08667,1924972,UP
16/02/2017,1230,1239,1217.800049,1223.880005,1126.765747,4175680,UP
17/02/2017,1236,1237.800049,1201,1203.949951,1108.416748,2723324,DOWN
20/02/2017,1212.5,1277.5,1204.050049,1251.099976,1151.825562,3973948,UP
21/02/2017,1257,1262.949951,1227.569946,1232.680054,1134.867188,5501112,DOWN
22/02/2017,1232.949951,1235,1200.069946,1205.75,1110.074097,4505496,DOWN
23/02/2017,1207.5,1246.619995,1207.5,1240.900024,1142.435181,4853352,UP
27/02/2017,1239.550049,1251,1235.030029,1244.930054,1146.14502,2139892,UP
28/02/2017,1244.75,1245,1225,1233.119995,1135.272217,2354828,DOWN
01/03/2017,1239.949951,1250.949951,1235,1239.780029,1141.403687,1130374,UP
02/03/2017,1243.349976,1255,1235.030029,1250.719971,1151.475708,1544942,UP
03/03/2017,1246,1249.849976,1237.699951,1247.030029,1148.078491,1013970,DOWN
06/03/2017,1240,1242,1227.280029,1236.25,1138.153809,1400694,DOWN
07/03/2017,1241.449951,1252.5,1237.530029,1249.900024,1150.720825,1511672,UP
08/03/2017,1251,1260,1246.099976,1256.099976,1156.428711,1791510,UP
09/03/2017,1257.069946,1262,1252.030029,1259.880005,1159.908936,858468,UP
10/03/2017,1259.800049,1274.780029,1256.969971,1271.119995,1170.256958,1171420,UP
14/03/2017,1278.400024,1293.569946,1275.530029,1283.75,1181.884766,3402294,UP
15/03/2017,1286,1286.069946,1246.930054,1249.150024,1150.030151,3022496,DOWN
16/03/2017,1253,1263.5,1253,1260.449951,1160.433472,1571818,UP
17/03/2017,1273,1273,1254.880005,1262.880005,1162.670654,2593152,UP
20/03/2017,1262.969971,1262.969971,1233,1240,1141.606201,3487540,DOWN
21/03/2017,1241,1246,1232.5,1243.349976,1144.69043,3373700,UP
22/03/2017,1240.069946,1248,1234.969971,1239.469971,1141.118286,1888716,DOWN
23/03/2017,1241,1242.530029,1223.599976,1230.180054,1132.565674,2620638,DOWN
24/03/2017,1234.900024,1234.900024,1211.650024,1213.599976,1117.30127,5099814,DOWN
27/03/2017,1213.469971,1220,1203,1206.030029,1110.331909,2181270,DOWN
28/03/2017,1205,1221.699951,1205,1214.969971,1118.562256,1153158,UP
29/03/2017,1218,1225.400024,1212.800049,1222.300049,1125.310669,1717764,UP
30/03/2017,1222.449951,1232.5,1217.5,1220.5,1123.653442,2986086,DOWN
31/03/2017,1219.199951,1220.430054,1207.5,1215.900024,1119.418701,1867044,DOWN
03/04/2017,1217.5,1217.5,1204.099976,1205.849976,1110.166016,1196888,DOWN
05/04/2017,1209.949951,1209.949951,1197.5,1200.619995,1105.350952,2905568,DOWN
06/04/2017,1200,1205,1196.280029,1200.030029,1104.807983,1720704,DOWN
07/04/2017,1197.449951,1216.619995,1196.069946,1214.530029,1118.157593,2277012,UP
10/04/2017,1216,1224.5,1202.5,1211.119995,1115.017944,2543264,DOWN
11/04/2017,1208.650024,1221.550049,1203,1209.650024,1113.664551,1557784,DOWN
12/04/2017,1211.25,1214,1191.5,1196.619995,1101.668335,1050538,DOWN
13/04/2017,1200,1204.5,1160.530029,1164.319946,1071.931152,2500472,DOWN
17/04/2017,1165.199951,1166.449951,1147.569946,1157.430054,1065.588257,2270882,DOWN
18/04/2017,1165,1167.099976,1151.030029,1154.400024,1062.798828,1730620,DOWN
19/04/2017,1131.75,1174.349976,1126.400024,1149.569946,1058.351807,5626812,DOWN
20/04/2017,1152.650024,1166,1145.469971,1162.75,1070.486206,1268842,UP
21/04/2017,1164.550049,1167.819946,1150.5,1155.400024,1063.71936,1161154,DOWN
24/04/2017,1150,1169.819946,1141.25,1164.050049,1071.682739,2000020,UP
25/04/2017,1164,1172.219971,1151.349976,1155.75,1064.041382,3148710,DOWN
26/04/2017,1170,1171.969971,1151.530029,1155.180054,1063.516479,2187438,DOWN
27/04/2017,1153.030029,1163.900024,1138.819946,1151.319946,1059.963013,5773186,DOWN
28/04/2017,1147,1149.380005,1134,1136.569946,1046.383545,2540510,DOWN
02/05/2017,1147,1151,1140,1144.949951,1054.098267,2382696,UP
03/05/2017,1147.5,1172.5,1134.25,1168.650024,1075.917969,3514406,UP
04/05/2017,1174.969971,1175,1154.400024,1165.050049,1072.60376,2708208,DOWN
05/05/2017,1154,1166.25,1151.25,1160.25,1068.184448,1682474,DOWN
08/05/2017,1160.5,1173.699951,1158.849976,1171.219971,1078.283936,1071782,UP
09/05/2017,1171.969971,1180.5,1166.280029,1176.280029,1082.942627,1790270,UP
10/05/2017,1177.5,1178.069946,1158,1166.219971,1073.680542,1206388,DOWN
11/05/2017,1173.650024,1180,1161.380005,1174.719971,1081.506104,2071302,UP
12/05/2017,1171.650024,1184.949951,1160.030029,1180.319946,1086.661987,2314446,UP
15/05/2017,1187.550049,1188.969971,1170.800049,1182.550049,1088.715088,1817604,UP
16/05/2017,1190,1217.5,1186.719971,1214.569946,1118.194092,3601026,UP
17/05/2017,1216.75,1230.380005,1211.5,1227.680054,1130.263916,2876198,UP
18/05/2017,1225,1286,1221.119995,1268.099976,1167.476563,5138594,UP
19/05/2017,1268.099976,1270.280029,1243,1253.569946,1154.099487,1786044,DOWN
22/05/2017,1255,1276.880005,1255,1265.680054,1165.248535,1663940,UP
23/05/2017,1266.599976,1282.069946,1257,1260.849976,1160.801758,2748596,DOWN
24/05/2017,1267.400024,1285,1264.819946,1279.569946,1178.036743,2534548,UP
25/05/2017,1288.5,1318.780029,1284,1312.300049,1208.169556,4094094,UP
26/05/2017,1312.5,1313.430054,1282.319946,1289.119995,1186.828613,1362550,DOWN
29/05/2017,1289.5,1298.25,1282,1286.430054,1184.352295,1749290,DOWN
30/05/2017,1280,1287.969971,1262.5,1275.550049,1174.335205,927634,DOWN
31/05/2017,1266.5,1286.25,1264,1273.300049,1172.263916,2502730,DOWN
01/06/2017,1265,1282,1265,1276.800049,1175.48645,1080064,UP
02/06/2017,1278.119995,1295.930054,1276.25,1282.449951,1180.687988,1355648,UP
05/06/2017,1282.5,1309.949951,1280.069946,1301.969971,1198.659058,1500188,UP
06/06/2017,1315.5,1354.469971,1315,1348,1241.036255,5946720,UP
07/06/2017,1348.5,1350,1288.280029,1307.619995,1203.860718,4927776,DOWN
08/06/2017,1299,1302.469971,1257.75,1260.800049,1160.755859,3330714,DOWN
09/06/2017,1260,1273.699951,1243,1253.5,1154.035156,3148034,DOWN
12/06/2017,1248.5,1256.449951,1235.199951,1243.599976,1144.920776,1626506,DOWN
13/06/2017,1232.5,1240.550049,1223.5,1225.780029,1141.131714,1175414,DOWN
14/06/2017,1227.5,1238,1227.5,1235.099976,1149.808105,1489142,UP
15/06/2017,1234.5,1234.849976,1202.5,1205.599976,1122.345337,2997198,DOWN
16/06/2017,1207.469971,1217.5,1193.25,1199.849976,1116.992432,2450426,DOWN
19/06/2017,1208.449951,1223.180054,1202.569946,1215.849976,1131.887451,1644742,UP
20/06/2017,1215.5,1224.5,1190.150024,1222.5,1138.078369,1670958,UP
21/06/2017,1220,1221.069946,1198.599976,1203.150024,1120.064331,1657818,DOWN
22/06/2017,1204.5,1215.5,1192.5,1197.430054,1114.73938,5775882,DOWN
23/06/2017,1199.699951,1206.969971,1177,1180.849976,1099.304443,1424756,DOWN
27/06/2017,1175.300049,1192.349976,1165.800049,1171.430054,1090.535156,1974330,DOWN
28/06/2017,1174.949951,1179,1167.5,1175.030029,1093.886353,1789726,UP
29/06/2017,1179.5,1186.030029,1161.550049,1166.619995,1086.057007,2471826,DOWN
30/06/2017,1162.199951,1188.5,1161.550049,1181.180054,1099.611572,1753848,UP
03/07/2017,1178.699951,1191.530029,1171.550049,1186.800049,1104.843506,1475956,UP
04/07/2017,1186.650024,1190.219971,1175.030029,1183.430054,1101.706299,1215134,DOWN
05/07/2017,1180.400024,1182.5,1172.5,1178,1096.651123,815856,DOWN
06/07/2017,1179.5,1180.949951,1170.050049,1173.780029,1092.722656,1026788,DOWN
07/07/2017,1175,1178.219971,1162.75,1165.969971,1085.451904,1232090,DOWN
10/07/2017,1203,1222.449951,1189.469971,1217.469971,1133.39563,783608,UP
11/07/2017,1213,1257.400024,1213,1237.900024,1152.414795,3537504,UP
12/07/2017,1241.25,1241.650024,1215.050049,1219.719971,1135.490356,2646450,DOWN
13/07/2017,1222.5,1236,1213.300049,1223.199951,1138.729736,3131960,UP
14/07/2017,1191.5,1212.5,1187.5,1198.719971,1115.94043,4508432,DOWN
17/07/2017,1198.849976,1211.050049,1191.099976,1197.719971,1115.009521,2211822,DOWN
18/07/2017,1198.069946,1221.5,1198.069946,1204.180054,1121.023438,1908002,UP
19/07/2017,1207.75,1230,1207.550049,1224.800049,1140.219604,3915576,UP
20/07/2017,1224.619995,1228.449951,1215.25,1222.349976,1137.938599,1182504,DOWN
21/07/2017,1217.449951,1250,1217.280029,1245.599976,1159.582886,2148416,UP
24/07/2017,1241,1270,1241,1265.349976,1181.288208,2271402,UP
25/07/2017,1262.880005,1290,1259.199951,1285.75,1200.333252,2678832,UP
26/07/2017,1280,1287.5,1273.5,1278,1193.098389,1459826,DOWN
27/07/2017,1271.099976,1292.400024,1233.25,1240.849976,1158.416016,4255304,DOWN
28/07/2017,1240.5,1246.530029,1221,1242.150024,1159.629883,1382752,UP
31/07/2017,1235.5,1259.5,1231.5,1245.900024,1163.130615,2019662,UP
01/08/2017,1250,1260.380005,1245.5,1250.819946,1167.723633,1747460,UP
02/08/2017,1250,1254,1231,1236.900024,1154.728638,1251024,DOWN
03/08/2017,1240,1251,1233.219971,1244.719971,1162.029175,1882548,UP
04/08/2017,1245.400024,1264.150024,1244,1261.400024,1177.60083,1387890,UP
07/08/2017,1258.25,1260,1240.599976,1251.719971,1168.563721,1885520,DOWN
08/08/2017,1256,1264.300049,1248.150024,1251.530029,1168.386475,1073958,DOWN
09/08/2017,1250,1261.430054,1246.650024,1256,1172.55957,992946,UP
10/08/2017,1254.5,1260.300049,1243.180054,1255.719971,1172.298096,1526172,DOWN
11/08/2017,1249.949951,1267.5,1241.5,1248.030029,1165.119141,1394736,DOWN
14/08/2017,1251.5,1254.949951,1231.5,1234.699951,1152.674316,786504,DOWN
16/08/2017,1242,1271.900024,1232.599976,1246.180054,1163.391968,1373340,UP
17/08/2017,1250.349976,1252.5,1231.050049,1242.819946,1160.255005,1752374,DOWN
18/08/2017,1237,1274.949951,1235.699951,1256.900024,1173.399902,2837356,UP
21/08/2017,1252.75,1274.5,1247.150024,1264.400024,1180.401733,2304834,UP
22/08/2017,1261.5,1269.75,1246,1248.780029,1165.819092,1131326,DOWN
23/08/2017,1252.5,1258.400024,1236.569946,1244.719971,1162.029175,1562272,DOWN
24/08/2017,1248.849976,1258.969971,1243.069946,1248.300049,1165.371216,1623908,UP
28/08/2017,1252.300049,1252.699951,1230.5,1243.650024,1161.029907,2036796,DOWN
29/08/2017,1241,1248,1231.969971,1235.430054,1153.356079,1312602,DOWN
30/08/2017,1240.5,1245,1230.050049,1242.280029,1159.751221,970782,UP
31/08/2017,1242.5,1252.199951,1233.319946,1248.180054,1165.258911,1784664,UP
01/09/2017,1240,1249.030029,1218.280029,1228.219971,1146.625,1702330,DOWN
04/09/2017,1226.550049,1230.5,1219,1228.099976,1146.513184,1062544,DOWN
05/09/2017,1230,1245,1218.530029,1242.180054,1159.657593,1165994,UP
06/09/2017,1234.069946,1237.430054,1225,1226.599976,1145.112671,1228764,DOWN
07/09/2017,1229,1234.199951,1225.530029,1230.050049,1148.333374,870636,UP
08/09/2017,1226.880005,1237,1226.280029,1235.300049,1153.234741,1021134,UP
11/09/2017,1235.599976,1241.469971,1225,1227.219971,1145.691406,732764,DOWN
12/09/2017,1236.949951,1248.5,1228.5,1244.219971,1161.562134,1396460,UP
13/09/2017,1250,1265.819946,1237.599976,1244.599976,1161.91687,1278980,UP
14/09/2017,1241,1248.800049,1235.949951,1243.469971,1160.862061,1081510,DOWN
15/09/2017,1249.5,1258.5,1242.5,1253.030029,1169.786987,2944072,UP
18/09/2017,1252.469971,1259.469971,1244.619995,1249.530029,1166.519409,726600,DOWN
19/09/2017,1252.5,1252.5,1245.75,1249.119995,1166.136597,782754,DOWN
20/09/2017,1257,1257,1237.150024,1246.780029,1163.952393,1334642,DOWN
21/09/2017,1245.530029,1270.5,1240,1262.449951,1178.581177,2438740,UP
22/09/2017,1259.949951,1263.449951,1246,1251.800049,1168.638794,2435396,DOWN
25/09/2017,1248.280029,1267,1246.380005,1255.380005,1171.980713,1599558,UP
26/09/2017,1255,1263.199951,1233,1237.319946,1155.120605,1449230,DOWN
27/09/2017,1245,1256.099976,1236.880005,1247.5,1164.62439,2010356,UP
28/09/2017,1247.349976,1257,1226,1238.219971,1155.960571,4332866,DOWN
29/09/2017,1239.5,1242,1210.75,1217.969971,1137.056152,1985014,DOWN
03/10/2017,1220,1227.150024,1213.530029,1224.219971,1142.890991,1923006,UP
04/10/2017,1224.800049,1227,1212.5,1221.150024,1140.024658,1300778,DOWN
05/10/2017,1220.5,1221.719971,1212.199951,1214.800049,1134.09668,1684686,DOWN
06/10/2017,1215,1227.5,1214.030029,1223.319946,1142.050537,1389188,UP
09/10/2017,1220.530029,1233.969971,1220.530029,1227.050049,1145.532959,1773616,UP
10/10/2017,1227.5,1234.969971,1225.619995,1229.619995,1147.931763,1222010,UP
11/10/2017,1230,1257.219971,1228.380005,1250.180054,1167.126343,1527746,UP
12/10/2017,1256.5,1277.5,1253.5,1274.099976,1189.457153,5006356,UP
13/10/2017,1274.099976,1304.469971,1261.5,1279.300049,1194.311646,4066320,UP
16/10/2017,1277.530029,1295,1277.530029,1292.199951,1206.354492,1218590,UP
17/10/2017,1292.5,1307.469971,1288.780029,1297.280029,1211.09729,1443016,UP
18/10/2017,1297.5,1306.819946,1290,1293.300049,1207.381592,1514144,DOWN
19/10/2017,1296,1297.900024,1285.5,1291.949951,1206.121338,86822,DOWN
23/10/2017,1292,1314.5,1273.719971,1293.949951,1207.988281,1886088,UP
24/10/2017,1310,1310.449951,1284.530029,1289.199951,1203.553833,1339020,DOWN
25/10/2017,1289.25,1307,1277.5,1279.949951,1198.171265,1105106,DOWN
26/10/2017,1267.550049,1284.569946,1258.949951,1269.430054,1188.323486,3007552,DOWN
27/10/2017,1269,1296.569946,1265.150024,1292.150024,1209.592041,1409270,UP
30/10/2017,1293,1310,1290.849976,1308.099976,1224.522705,1137252,UP
31/10/2017,1300.650024,1320,1300.650024,1312,1228.173584,1592634,UP
01/11/2017,1312,1313.430054,1289.430054,1301.430054,1218.278809,741882,DOWN
02/11/2017,1304.25,1337,1303.380005,1313.069946,1229.175171,1468422,UP
03/11/2017,1316.199951,1318.349976,1301.400024,1310.050049,1226.348267,666886,DOWN
06/11/2017,1310,1335.900024,1305.880005,1332.780029,1247.626099,1377000,UP
07/11/2017,1335,1384,1333.030029,1355.030029,1268.45459,2696892,UP
08/11/2017,1361.5,1379.5,1359.119995,1367.5,1280.127808,1402252,UP
09/11/2017,1375,1375,1359.650024,1368.199951,1280.783081,1152432,UP
10/11/2017,1361.099976,1363,1346.680054,1354.380005,1267.845825,1356566,DOWN
13/11/2017,1351.030029,1388.699951,1351.030029,1379.469971,1291.332886,1496996,UP
14/11/2017,1378.280029,1378.280029,1353.75,1357.300049,1270.579346,1657252,DOWN
15/11/2017,1353,1377.5,1350.680054,1352.650024,1266.22644,6670834,DOWN
16/11/2017,1355,1381.5,1343.469971,1373.319946,1285.575684,1653482,UP
17/11/2017,1374.050049,1374.050049,1351.800049,1353.650024,1267.162598,1325464,DOWN
20/11/2017,1357.5,1363.449951,1347.650024,1351.719971,1265.355957,1014498,DOWN
21/11/2017,1350.5,1350.5,1333,1336.469971,1251.080078,1527740,DOWN
22/11/2017,1336.5,1354.849976,1336.199951,1340.319946,1254.684204,1822624,UP
23/11/2017,1340.5,1346.5,1334.5,1340.619995,1254.96521,793470,UP
24/11/2017,1341,1351.449951,1336.550049,1344.030029,1258.157104,2287512,UP
27/11/2017,1344,1347.949951,1331.099976,1342.930054,1257.127441,1856786,DOWN
28/11/2017,1343,1351.199951,1335,1342.650024,1256.865112,911716,DOWN
29/11/2017,1338.75,1346.5,1325,1329.069946,1244.152954,1447532,DOWN
30/11/2017,1326.819946,1333.469971,1311.5,1318.5,1234.258301,4299962,DOWN
01/12/2017,1317.5,1334,1310.75,1314.969971,1230.953857,1031144,DOWN
04/12/2017,1311,1329.25,1301.469971,1316.180054,1232.086426,1259104,UP
05/12/2017,1315.5,1325.849976,1314.069946,1317.780029,1233.584106,1167914,UP
06/12/2017,1318,1322.5,1306.430054,1316.650024,1232.526489,1407518,DOWN
07/12/2017,1316.150024,1322.969971,1307.5,1308.619995,1225.009766,1326300,DOWN
08/12/2017,1309,1322.5,1298.5,1300.75,1217.642334,1385548,DOWN
11/12/2017,1304.180054,1336.319946,1304.180054,1330.550049,1245.538696,1008002,UP
12/12/2017,1330.5,1331,1303.699951,1306.069946,1222.622314,1882246,DOWN
13/12/2017,1305.699951,1325.719971,1300.5,1314.199951,1230.23291,2961458,UP
14/12/2017,1316,1316,1265.550049,1278.900024,1197.188477,5504150,DOWN
15/12/2017,1281.880005,1292.219971,1268.430054,1272.800049,1191.478149,2718138,DOWN
18/12/2017,1268.5,1294.469971,1247.180054,1290.25,1207.813354,2180664,UP
19/12/2017,1288,1298.900024,1282.349976,1287.650024,1205.379517,1801952,DOWN
20/12/2017,1291,1296.380005,1275.319946,1294.469971,1211.763672,1577570,UP
21/12/2017,1293.5,1304,1290.030029,1297.849976,1214.927734,1293648,UP
22/12/2017,1302,1331.949951,1295.099976,1323.380005,1238.826538,3665664,UP
26/12/2017,1343,1344.880005,1315.800049,1324.719971,1240.081055,2175786,UP
27/12/2017,1324.719971,1329.25,1305.25,1309.949951,1226.254517,739284,DOWN
28/12/2017,1304.400024,1326.75,1302.819946,1313.469971,1229.549805,2605088,UP
29/12/2017,1311.550049,1354.449951,1309.280029,1350.599976,1264.307251,2609542,UP
01/01/2018,1341.150024,1347.400024,1317.5,1322.800049,1238.283569,1351760,DOWN
02/01/2018,1330,1334.800049,1310.099976,1315.599976,1231.543457,1920290,DOWN
03/01/2018,1316,1334.5,1315.599976,1319.319946,1235.025879,1257120,UP
04/01/2018,1325,1331,1320,1328.550049,1243.666382,913082,UP
05/01/2018,1325,1349.75,1325,1344.599976,1258.690918,1153706,UP
08/01/2018,1350,1363.430054,1340.930054,1357.199951,1270.485718,1242220,UP
09/01/2018,1357.5,1360.5,1338.280029,1354.5,1267.958252,2149396,DOWN
10/01/2018,1355.5,1408,1347.319946,1403.300049,1313.640015,3365850,UP
11/01/2018,1405,1410.949951,1391.099976,1395.25,1306.104614,2520744,DOWN
12/01/2018,1402.5,1402.5,1370.280029,1388.180054,1299.486206,3360314,DOWN
15/01/2018,1388.569946,1404,1367.530029,1373.050049,1285.32312,1457214,DOWN
16/01/2018,1378,1430.819946,1375.280029,1425.430054,1334.356201,4267752,UP
17/01/2018,1435,1462.5,1431.069946,1444.469971,1352.17981,4280806,UP
18/01/2018,1448.5,1466.5,1434.030029,1459.099976,1365.875122,2209478,UP
19/01/2018,1465.280029,1491,1451.819946,1479.650024,1385.112061,1820000,UP
22/01/2018,1480.5,1567.349976,1461,1558.199951,1462.101807,4367110,UP
23/01/2018,1557.469971,1571.180054,1545.030029,1551,1455.345703,3239610,DOWN
24/01/2018,1545,1629.530029,1541.319946,1587.300049,1489.407104,5621538,UP
25/01/2018,1587.5,1589.900024,1540.5,1560.530029,1464.288208,3833844,DOWN
29/01/2018,1565.699951,1612.5,1561,1599.430054,1500.789307,3141060,UP
30/01/2018,1590,1601.900024,1571.849976,1576.430054,1479.207886,1574758,DOWN
31/01/2018,1568.5,1575,1549.300049,1556.180054,1460.206299,3043214,DOWN
01/02/2018,1562,1595,1544.400024,1569.300049,1472.517456,2400630,UP
02/02/2018,1560,1595,1551.719971,1576.819946,1479.573486,2456490,UP
05/02/2018,1555,1594,1538.430054,1551.599976,1455.908569,2757742,DOWN
06/02/2018,1505,1538.569946,1492.5,1498.619995,1406.196411,2657306,DOWN
07/02/2018,1513.5,1515.5,1473.719971,1477.530029,1386.407104,2180324,DOWN
08/02/2018,1489.880005,1513.800049,1479.5,1487.099976,1395.386719,2755004,UP
09/02/2018,1475,1497,1448.319946,1485.849976,1394.213989,2102458,DOWN
12/02/2018,1489.150024,1511.680054,1477.780029,1483.650024,1392.149536,1974562,DOWN
14/02/2018,1485,1487.219971,1446.25,1455.900024,1366.111206,2847532,DOWN
15/02/2018,1465.969971,1471.5,1452.550049,1462.930054,1372.707397,2465236,UP
16/02/2018,1461.5,1499.800049,1461.5,1466.530029,1376.085327,2515756,UP
19/02/2018,1472.5,1476.650024,1447.599976,1461.800049,1371.647095,1568224,DOWN
20/02/2018,1464,1492.530029,1463.949951,1472.380005,1381.574707,1889068,UP
21/02/2018,1487,1531.300049,1480.030029,1521.150024,1427.337158,3089228,UP
22/02/2018,1526,1539.5,1511.25,1525.099976,1431.043335,3463010,UP
23/02/2018,1525,1544.5,1496.050049,1537.900024,1443.053833,3362500,UP
26/02/2018,1537.5,1544.969971,1510.599976,1515.849976,1422.36377,1363882,DOWN
27/02/2018,1520.5,1539.280029,1516,1521.180054,1427.36499,1717800,UP
28/02/2018,1517.5,1531.969971,1510.719971,1517.530029,1423.940063,2706864,DOWN
01/03/2018,1524.5,1530.599976,1510,1518.849976,1425.178589,1718124,UP
05/03/2018,1524.5,1556.819946,1516.469971,1552.930054,1457.15686,2858168,UP
06/03/2018,1561,1563.5,1515.069946,1521.400024,1427.571533,1906764,DOWN
07/03/2018,1535,1544.5,1509.25,1513.719971,1420.364868,1917772,DOWN
08/03/2018,1527.449951,1527.449951,1493.75,1501.969971,1409.339722,1951826,DOWN
09/03/2018,1502.5,1531.599976,1488.599976,1517.050049,1423.489868,1872436,UP
12/03/2018,1521.5,1541.949951,1517.75,1526.069946,1431.953613,2091340,UP
13/03/2018,1462.449951,1469.849976,1436,1443.400024,1354.381958,88067154,DOWN
14/03/2018,1446.469971,1461.530029,1437.530029,1443.449951,1354.428711,3668668,UP
15/03/2018,1447.5,1451.280029,1427.800049,1434.849976,1346.359253,2348906,DOWN
16/03/2018,1434.400024,1436,1402.5,1412.849976,1325.716064,7197482,DOWN
19/03/2018,1414.5,1424,1410,1415.5,1328.202515,3489940,UP
20/03/2018,1410,1436.599976,1409.5,1432.430054,1344.088501,4024984,UP
21/03/2018,1436.25,1442.150024,1425,1428.380005,1340.288208,3907678,DOWN
22/03/2018,1429.969971,1437.969971,1411.280029,1415.680054,1328.371582,2326094,DOWN
23/03/2018,1401,1417.050049,1399.030029,1409.069946,1322.168945,3654122,DOWN
26/03/2018,1409.5,1413.699951,1390.780029,1408.5,1321.634277,2964210,DOWN
27/03/2018,1412.5,1431.5,1411.530029,1423.849976,1336.037598,2494574,UP
28/03/2018,1417.949951,1437.5,1412.5,1424.569946,1336.713013,6865654,UP
02/04/2018,1420,1457,1420,1454.819946,1365.097656,1662988,UP
03/04/2018,1446.050049,1464.949951,1446.050049,1455.619995,1365.848145,1937290,UP
04/04/2018,1464.719971,1467,1446,1455.449951,1365.688599,2841820,DOWN
05/04/2018,1463.280029,1481.880005,1460.180054,1478.969971,1387.758057,1809424,UP
06/04/2018,1477,1480,1463.280029,1475.150024,1384.17395,1129018,DOWN
09/04/2018,1469.849976,1481.75,1457.5,1461.949951,1371.78772,1235866,DOWN
10/04/2018,1462.849976,1478.619995,1462.849976,1468.800049,1378.215332,1184532,UP
11/04/2018,1475.300049,1512.5,1472.800049,1507.069946,1414.125366,3124416,UP
12/04/2018,1505,1575,1503.969971,1569.619995,1472.817383,6114360,UP
13/04/2018,1575,1620.400024,1566.050049,1576.650024,1479.414063,8179118,UP
16/04/2018,1558,1599.969971,1555.380005,1593.819946,1495.525146,6270274,UP
17/04/2018,1593.819946,1597.469971,1573.599976,1583.300049,1485.653809,3301724,DOWN
18/04/2018,1583,1596.719971,1572.930054,1579.550049,1482.13501,2433066,DOWN
19/04/2018,1589.949951,1608.599976,1582.880005,1595.569946,1497.166992,4820952,UP
20/04/2018,1625,1711.180054,1620,1701.219971,1596.301392,18465662,UP
23/04/2018,1712,1778.949951,1694.780029,1704.319946,1599.210327,15185910,UP
24/04/2018,1705,1721.569946,1671.25,1692.819946,1588.419434,8314336,DOWN
25/04/2018,1692.5,1741.5,1682.530029,1735.119995,1628.110718,8196574,UP
26/04/2018,1733.5,1780,1733.5,1769.619995,1660.483032,12135034,UP
27/04/2018,1762.5,1772,1710,1725.969971,1619.525146,4501330,DOWN
30/04/2018,1725.969971,1774.5,1718.800049,1766.050049,1657.133179,3458558,UP
02/05/2018,1765.25,1766.099976,1735.650024,1749.880005,1641.960327,3158046,DOWN
03/05/2018,1754.900024,1763,1735.199951,1740.930054,1633.562378,3761550,DOWN
04/05/2018,1746,1748.5,1735,1740.380005,1633.046387,2347244,DOWN
07/05/2018,1745,1745,1705.449951,1710.469971,1604.981079,3484426,DOWN
08/05/2018,1717.349976,1743.25,1698.349976,1720.599976,1614.486328,2992820,UP
09/05/2018,1720.099976,1747.380005,1720.099976,1744.650024,1637.053101,2615050,UP
10/05/2018,1751.469971,1755.569946,1720.099976,1725.619995,1619.196777,3858678,DOWN
11/05/2018,1727.099976,1742.5,1721.25,1728.469971,1621.87085,2627876,UP
14/05/2018,1728.5,1735.5,1705.400024,1716.780029,1610.901733,2433894,DOWN
15/05/2018,1725,1747.900024,1716.849976,1741.199951,1633.815918,1952890,UP
16/05/2018,1739.969971,1754.5,1737.619995,1746.949951,1639.211182,1648450,UP
17/05/2018,1756.469971,1766.569946,1738,1745.900024,1638.225952,2968048,DOWN
18/05/2018,1740.400024,1758.849976,1729,1751.030029,1643.039429,1874996,UP
21/05/2018,1764.349976,1796,1759.030029,1778.380005,1668.702759,3446178,UP
22/05/2018,1779,1787.469971,1746.849976,1754.449951,1646.248413,1857416,DOWN
23/05/2018,1762.5,1772.5,1740.5,1747.550049,1639.774048,1507298,DOWN
24/05/2018,1755,1807.5,1751.180054,1801.849976,1690.725342,2962316,UP
25/05/2018,1812.5,1837.400024,1786.280029,1792.900024,1682.327271,3769772,DOWN
28/05/2018,1808.25,1808.25,1743,1751.030029,1643.039429,3716798,DOWN
29/05/2018,1764.949951,1772,1744,1761.75,1653.098267,3525312,UP
30/05/2018,1754.530029,1766.5,1741.25,1757.050049,1648.688477,3779106,DOWN
31/05/2018,1734,1759.050049,1726.099976,1741.050049,1647.269043,5049371,DOWN
01/06/2018,1754,1757.5,1716.300049,1732.449951,1639.13208,1603856,DOWN
04/06/2018,1745,1749,1712.599976,1744.25,1650.296631,1681483,UP
05/06/2018,1744,1751.900024,1711.150024,1721.599976,1628.866455,2449568,DOWN
06/06/2018,1723,1734.900024,1715.199951,1725.75,1632.793213,2236512,UP
07/06/2018,1725,1749,1723.800049,1735.550049,1642.065552,2414762,UP
08/06/2018,1735,1757.300049,1735,1747.099976,1652.993164,2582138,UP
11/06/2018,1747.099976,1763,1743,1749.699951,1655.453125,2179378,UP
12/06/2018,1757,1785,1753,1781,1685.067139,4608875,UP
13/06/2018,1816,1831.650024,1798,1824.099976,1725.845459,5370983,UP
14/06/2018,1830,1832.300049,1784,1787.550049,1691.264282,3819998,DOWN
15/06/2018,1800,1847.099976,1788.599976,1840.050049,1740.936523,9183574,UP
18/06/2018,1867.949951,1867.949951,1822.150024,1829,1730.481567,4674987,DOWN
19/06/2018,1822.150024,1839,1821,1824.5,1726.223999,3245034,DOWN
20/06/2018,1832,1836.300049,1818.599976,1822.449951,1724.284546,3107695,DOWN
21/06/2018,1832,1832,1817.599976,1819.349976,1721.351318,2910659,DOWN
22/06/2018,1827,1827,1799.550049,1809.800049,1712.315918,2949458,DOWN
25/06/2018,1811.900024,1822.349976,1806,1819.25,1721.256958,2083217,UP
26/06/2018,1823,1861,1821,1852,1752.242676,4679712,UP
27/06/2018,1860,1885.150024,1851.25,1858,1757.919556,4081208,UP
28/06/2018,1865,1871,1826.300049,1842.699951,1743.443848,4888125,DOWN
29/06/2018,1844.900024,1867.400024,1842.300049,1847.75,1748.221802,3506276,UP
02/07/2018,1852,1857.800049,1841.099976,1851.349976,1751.627808,2650290,UP
03/07/2018,1859.949951,1879.900024,1857.050049,1874.050049,1773.105225,3242233,UP
04/07/2018,1879.900024,1879.900024,1857.150024,1866.150024,1765.630493,2700614,DOWN
05/07/2018,1873,1887.5,1862.099976,1880.300049,1779.018311,2472571,UP
06/07/2018,1882.849976,1921,1881.650024,1912.949951,1809.909424,3713781,UP
09/07/2018,1924,1924.400024,1876.5,1883,1781.572998,6151747,DOWN
10/07/2018,1898,1898.900024,1870.75,1875.099976,1774.098389,5303302,DOWN
11/07/2018,1900,1998,1894.150024,1979.900024,1873.25354,22903802,UP
12/07/2018,1984,1990.900024,1960.5,1971.349976,1865.163818,6921701,DOWN
13/07/2018,1975,1997.900024,1974,1981.099976,1874.388672,4148185,UP
16/07/2018,1990,1996,1977.449951,1989.199951,1882.05249,2582159,UP
17/07/2018,1989,2009,1981,2002.150024,1898.121826,3315492,UP
18/07/2018,2005,2011.699951,1993.050049,2000.25,1896.320801,2013869,DOWN
19/07/2018,2002.099976,2010.449951,1970,1981.400024,1878.449951,1746318,DOWN
20/07/2018,1984.900024,2000,1984,1996.599976,1892.860229,1934995,UP
23/07/2018,2001,2009.949951,1986,2005.650024,1901.440063,2086201,UP
24/07/2018,2015,2015,1984.150024,1999,1895.13562,2038423,DOWN
25/07/2018,2001.900024,2002,1968.400024,1981.5,1878.5448,1535492,DOWN
26/07/2018,1974.949951,1985,1955.099976,1964.699951,1862.617676,3503036,DOWN
27/07/2018,1960.849976,1964.650024,1940.300049,1943.75,1842.75647,2033977,DOWN
30/07/2018,1943,1954.699951,1931.550049,1944.599976,1843.562134,1579251,UP
31/07/2018,1942,1947,1928,1940.199951,1839.390625,2204803,DOWN
01/08/2018,1949.949951,1981.550049,1949.800049,1976.5,1873.804688,2425180,UP
02/08/2018,1980,1985,1945,1948.400024,1847.164551,1509287,DOWN
03/08/2018,1956.5,1982.050049,1956.5,1979.449951,1876.60144,1505131,UP
06/08/2018,1997,1998.949951,1972.25,1975.550049,1872.903931,1532249,DOWN
07/08/2018,1978.199951,1979.150024,1960.5,1967.349976,1865.129883,1353521,DOWN
08/08/2018,1972,1978.300049,1962,1974,1871.43457,1315062,UP
09/08/2018,1980,1980.800049,1966,1974.349976,1871.766357,2060297,UP
10/08/2018,1980.949951,1996.5,1972.050049,1993.099976,1889.541992,2784105,UP
13/08/2018,1997.800049,2004.25,1990,2000.150024,1896.225586,3559575,UP
14/08/2018,1992,2024.599976,1982.400024,2003.550049,1899.449219,3311765,UP
16/08/2018,2000.300049,2020.050049,1995,2008.5,1904.14209,2152065,UP
17/08/2018,2013.849976,2021.900024,2004,2012.75,1908.171143,1213731,UP
20/08/2018,2024,2024,2003.699951,2009.949951,1905.516602,1587032,DOWN
21/08/2018,2010.150024,2024,2004,2017.650024,1912.816528,1376866,UP
23/08/2018,2022.800049,2038,2020.300049,2035.099976,1929.359741,3046791,UP
24/08/2018,2035.099976,2046,2031,2043,1936.849365,1570533,UP
27/08/2018,2043,2059,2035,2050.899902,1944.338745,1532702,UP
28/08/2018,2055,2072,2052,2069.199951,1961.687988,1987983,UP
29/08/2018,2072.5,2076.600098,2045.599976,2072,1964.342773,1525867,UP
30/08/2018,2068,2085,2065.5,2082.399902,1974.202026,2408020,UP
31/08/2018,2082.300049,2092,2074,2078.399902,1970.410156,2504554,DOWN
03/09/2018,2084.800049,2090,2048.399902,2052.899902,1946.235107,1439711,DOWN
04/09/2018,2059.800049,2104.75,2056.949951,2098.899902,1989.844849,4420803,UP
05/09/2018,2100,2107.25,2075.050049,2079.25,1971.216064,1681106,DOWN
06/09/2018,2075,2081.5,2060.300049,2075.300049,1967.471436,2238097,DOWN
07/09/2018,2079.300049,2084,2065.399902,2079.850098,1971.784912,1312182,UP
10/09/2018,2084.399902,2093.399902,2074.25,2080.75,1972.637817,1530539,UP
11/09/2018,2089,2089,2042.199951,2046.25,1939.930664,3679745,DOWN
12/09/2018,2052.350098,2068.899902,2040,2043.949951,1937.75,2307661,DOWN
14/09/2018,2044,2071.550049,2018.150024,2065.399902,1958.085693,3642038,UP
17/09/2018,2070,2077.800049,2054.550049,2074.149902,1966.380859,1033857,UP
18/09/2018,2073,2078.800049,2057.600098,2070.75,1963.157593,1456507,DOWN
19/09/2018,2071.899902,2089,2066.850098,2077.899902,1969.936035,1301268,UP
21/09/2018,2077,2121,2050.149902,2103.149902,1993.874146,4508530,UP
24/09/2018,2115,2210.5,2098.149902,2198.449951,2084.222168,3032226,UP
25/09/2018,2204.899902,2211.899902,2153.800049,2183.199951,2069.764893,2868778,DOWN
26/09/2018,2187,2199,2135.100098,2142.149902,2030.847656,1970951,DOWN
27/09/2018,2141.899902,2209.699951,2135.800049,2188.850098,2075.121582,3311802,UP
28/09/2018,2178,2190,2158.850098,2183.699951,2070.23877,2904371,DOWN
01/10/2018,2190.899902,2275.949951,2190.350098,2255.550049,2138.355713,3772208,UP
03/10/2018,2250.300049,2255,2155.600098,2162.850098,2050.472168,3902322,DOWN
04/10/2018,2156.600098,2156.649902,2056.350098,2064.800049,1957.516724,4762419,DOWN
05/10/2018,2050,2120,2020.900024,2102.649902,1993.399902,3417624,UP
08/10/2018,2102.649902,2122.199951,2048.149902,2077.550049,1969.604248,2010154,DOWN
09/10/2018,2080.350098,2107.649902,2053.199951,2091.800049,1983.114014,1867130,UP
10/10/2018,2100,2105.949951,2029,2043.599976,1937.418335,2749573,DOWN
11/10/2018,1985,2013,1941,1979.949951,1877.075317,4700256,DOWN
12/10/2018,1978,1978,1903,1918.300049,1818.628784,9373289,DOWN
15/10/2018,1940,1955.550049,1920,1949.5,1848.207397,2638151,UP
16/10/2018,1958,1971.900024,1935,1962.300049,1860.342651,2815425,UP
17/10/2018,1970,1989,1920,1929.400024,1829.151733,2779207,DOWN
19/10/2018,1929,1929,1870.050049,1913.199951,1813.793579,3428776,DOWN
22/10/2018,1914,1916,1886.949951,1903,1804.123657,1778496,DOWN
23/10/2018,1888,1898,1837,1843.650024,1751.53894,2752811,DOWN
24/10/2018,1852.050049,1874,1811.099976,1848.5,1756.146729,2735913,UP
25/10/2018,1844,1876.900024,1825.050049,1853,1760.421875,2507233,UP
26/10/2018,1853.900024,1853.900024,1791.099976,1799.099976,1709.2146,2285970,DOWN
29/10/2018,1808.699951,1877.949951,1784.349976,1871,1777.522339,2609483,UP
30/10/2018,1867,1909.400024,1845,1894.800049,1800.133545,2404883,UP
31/10/2018,1900,1943.900024,1875.449951,1938.150024,1841.317627,2769190,UP
01/11/2018,1943.650024,1944.349976,1901.300049,1935.75,1839.037598,2769759,DOWN
02/11/2018,1934.199951,1954.599976,1905,1913.449951,1817.851685,1818635,DOWN
05/11/2018,1910,1927.349976,1884.75,1890.849976,1796.380859,1713366,DOWN
06/11/2018,1894,1937.5,1891,1932.699951,1836.139771,1398710,UP
07/11/2018,1940,1949,1937,1942.150024,1845.117676,144530,UP
09/11/2018,1961,1961.949951,1905,1909.199951,1813.813843,2570479,DOWN
12/11/2018,1908.5,1946.099976,1908.5,1914.849976,1819.181641,2552008,UP
13/11/2018,1915,1939,1903,1934.949951,1838.277466,1418432,UP
14/11/2018,1925,1929.900024,1870,1880.650024,1786.690186,2422318,DOWN
15/11/2018,1864,1899,1857.599976,1872.849976,1779.280151,1829123,DOWN
16/11/2018,1889,1899.800049,1870.25,1886.599976,1792.34314,1829729,UP
19/11/2018,1899,1907.349976,1864.300049,1902.449951,1807.401001,1740628,UP
20/11/2018,1902,1902,1874.199951,1878.25,1784.410278,1190182,DOWN
21/11/2018,1871,1871.050049,1798.550049,1812,1721.470093,3840461,DOWN
22/11/2018,1820,1847.599976,1809.949951,1812.550049,1721.99292,3194219,UP
26/11/2018,1819,1860,1784.5,1846.099976,1753.866699,4333177,UP
27/11/2018,1854,1897.900024,1835.349976,1890.25,1795.810669,3344839,UP
28/11/2018,1889,1989,1882.5,1983.900024,1884.781982,5313249,UP
29/11/2018,1997,1997,1942.550049,1960.550049,1862.598633,4035441,DOWN
30/11/2018,1966,1991,1959.849976,1968.25,1869.913818,5268901,UP
03/12/2018,1984,1990,1968.300049,1982.400024,1883.356934,1610576,UP
04/12/2018,1983,2019.400024,1971,2010.849976,1910.38562,3270615,UP
05/12/2018,2006,2018,1985,2006.75,1906.490234,2501539,DOWN
06/12/2018,1998,2017,1979.599976,1992.699951,1893.14209,2321216,DOWN
07/12/2018,1985.050049,2003.900024,1973,1995.199951,1895.517212,1680420,UP
10/12/2018,1975,2011,1960,1975.800049,1877.086548,2010786,DOWN
11/12/2018,1970,2010,1961,2000,1900.077393,2942014,UP
12/12/2018,2001.099976,2022,1984.949951,2016.800049,1916.038086,2219993,UP
13/12/2018,2024,2029.699951,1974.5,1982.599976,1883.546753,3748429,DOWN
14/12/2018,1983,1998.949951,1975.25,1989.75,1890.339722,2473761,UP
17/12/2018,1999,2004.900024,1985,1994.300049,1894.662231,1227921,UP
18/12/2018,1991.900024,2002,1976.400024,1987.849976,1888.534546,1768742,DOWN
19/12/2018,1984.800049,1984.800049,1960.050049,1968.449951,1870.10376,2498833,DOWN
20/12/2018,1953.800049,1974.900024,1946,1954.050049,1856.423584,1940277,DOWN
21/12/2018,1948,1950,1886.550049,1895.800049,1801.083496,3729956,DOWN
24/12/2018,1905.800049,1938.900024,1905,1918.5,1822.649414,1864116,UP
26/12/2018,1921.800049,1921.800049,1870.25,1889.199951,1794.812988,2446614,DOWN
27/12/2018,1909,1941.699951,1872.099976,1908.949951,1813.576294,4968201,UP
28/12/2018,1915,1920,1893,1896.050049,1801.320923,2239130,DOWN
31/12/2018,1908,1909,1886.150024,1893.050049,1798.471069,1879740,DOWN
01/01/2019,1896,1910,1885,1902.800049,1807.733765,1094883,UP
02/01/2019,1905,1934.449951,1900,1923.300049,1827.209595,2100463,UP
03/01/2019,1919,1944.949951,1893.099976,1899.949951,1805.026123,2611668,DOWN
04/01/2019,1900,1901.199951,1841,1876.849976,1783.080322,4280862,DOWN
07/01/2019,1891.800049,1908.800049,1881,1897.900024,1803.078613,1856423,UP
08/01/2019,1905.400024,1906.400024,1883.300049,1893.550049,1798.945801,1691756,DOWN
09/01/2019,1907.400024,1919,1866.699951,1886.949951,1792.675781,2414376,DOWN
10/01/2019,1890,1905,1872.099976,1888.550049,1794.196045,3053461,UP
11/01/2019,1870,1875,1835,1842.550049,1750.494019,9209862,DOWN
14/01/2019,1850,1851,1810,1813.25,1722.657715,3615370,DOWN
15/01/2019,1810,1869.349976,1808,1867.800049,1774.4823,7711653,UP
16/01/2019,1870,1875,1847,1870.150024,1776.714966,2359280,UP
17/01/2019,1878,1898,1871.300049,1894.300049,1803.515869,2625816,UP
18/01/2019,1881,1904.199951,1876,1900.650024,1809.561646,1683728,UP
21/01/2019,1902,1932,1895.449951,1908.699951,1817.225586,2409803,UP
22/01/2019,1907.099976,1918.25,1890,1901.900024,1810.751587,2457093,DOWN
23/01/2019,1901,1906.099976,1870,1875.599976,1785.711914,2578169,DOWN
24/01/2019,1884.800049,1905.25,1875,1901.550049,1810.418335,1962927,UP
25/01/2019,1902,1935,1901,1920.800049,1828.74585,2327080,UP
28/01/2019,1933,1962,1925.5,1955,1861.307007,2769033,UP
29/01/2019,1962,1989.050049,1936.650024,1982.75,1887.726807,2557626,UP
30/01/2019,1979.599976,1989.5,1954.650024,1981.400024,1886.441528,2429575,DOWN
31/01/2019,1987,2019.75,1985,2014.099976,1917.574341,4094319,UP
01/02/2019,2009.5,2034.75,1998.099976,2029.949951,1932.664917,3064163,UP
04/02/2019,2029.949951,2055.449951,2023,2050.25,1951.992065,1590764,UP
05/02/2019,2050,2055,2028,2044.550049,1946.565186,1111404,DOWN
06/02/2019,2049.899902,2086.850098,2041.050049,2074.800049,1975.365601,1789812,UP
07/02/2019,2074.75,2097.949951,2067,2082.899902,1983.077026,1339945,UP
08/02/2019,2075,2089.5,2051,2061.399902,1962.607422,1684474,DOWN
11/02/2019,2060,2096,2048.899902,2065.899902,1966.891724,1778730,UP
12/02/2019,2070,2070,2018,2051.600098,1953.277466,2422903,DOWN
14/02/2019,2060.050049,2075,2033.050049,2044.599976,1946.612671,1724085,DOWN
15/02/2019,2049,2052,2010.949951,2029.699951,1932.426758,1930065,DOWN
18/02/2019,2037.599976,2041.949951,1962.650024,1970.300049,1875.873657,2942184,DOWN
19/02/2019,1970,1971,1892,1904.800049,1813.512695,4408554,DOWN
20/02/2019,1915,1933.800049,1881.300049,1914.75,1822.98584,4645778,UP
21/02/2019,1914.75,1940,1897.050049,1914.199951,1822.462158,4683919,DOWN
22/02/2019,1917.199951,1930,1905.099976,1925.650024,1833.363403,2271955,UP
25/02/2019,1932.5,1990,1930.5,1985.150024,1890.011963,2934880,UP
26/02/2019,1984,2045.150024,1972.25,2038.699951,1940.995361,6453309,UP
27/02/2019,2040,2074.949951,2022,2058.100098,1959.465942,4732082,UP
28/02/2019,2060,2071.350098,1977.599976,1983.449951,1888.393311,8454295,DOWN
01/03/2019,1995.050049,2005,1980.349976,1995.400024,1899.77063,4148548,UP
05/03/2019,2005,2007,1976.599976,1988.099976,1892.820313,2449622,DOWN
06/03/2019,1989.300049,2015,1985.050049,1999.599976,1903.769409,2635047,UP
07/03/2019,2005,2024.050049,2000.199951,2013.300049,1916.812866,2539884,UP
08/03/2019,2025,2033,2010.050049,2022.699951,1925.762329,2031071,UP
11/03/2019,2028.900024,2033,2003.650024,2014.800049,1918.240967,3111689,DOWN
12/03/2019,2014.050049,2024.800049,2003,2012.449951,1916.00354,2658550,DOWN
13/03/2019,2013,2015.900024,1978.599976,2000.5,1904.626343,1833163,DOWN
14/03/2019,2004.949951,2007.800049,1981,1987.400024,1892.154175,1905495,DOWN
15/03/2019,1998.900024,2068.949951,1991,2039.949951,1942.185547,5184318,UP
18/03/2019,2043,2064.600098,2011,2022.800049,1925.857422,2349915,DOWN
19/03/2019,2030,2030,1995.099976,2022.800049,1925.857422,2373993,DOWN
20/03/2019,2028,2044.800049,2000,2015.050049,1918.478882,3091165,DOWN
22/03/2019,2015,2016,1983.300049,2005.650024,1909.529541,3148149,DOWN
25/03/2019,2007.800049,2007.800049,1977.199951,1984.25,1889.155029,2429205,DOWN
26/03/2019,1984,1994.949951,1958.050049,1982.650024,1887.631714,2316539,DOWN
27/03/2019,1994,1998,1961,1967.900024,1873.588623,2266166,DOWN
28/03/2019,1980,2014.599976,1972.800049,2000.300049,1904.435913,4054489,UP
01/04/2019,2010,2039.949951,2008.25,2031.650024,1934.283325,2095740,UP
02/04/2019,2037.099976,2086,2037,2079.300049,1979.64978,3719663,UP
03/04/2019,2085,2089.600098,2058.100098,2079.300049,1979.64978,2939886,DOWN
04/04/2019,2078.149902,2079.699951,2007.400024,2014.5,1917.9552,4397518,DOWN
05/04/2019,2028.650024,2054.399902,2018.800049,2048.300049,1950.135498,3152103,UP
08/04/2019,2059,2075,2032.699951,2070.75,1971.509399,2194294,UP
09/04/2019,2070,2098,2057.649902,2091.5,1991.265137,2690970,UP
10/04/2019,2083,2085.5,2036,2040.25,1942.471313,3313062,DOWN
11/04/2019,2045,2055,2013.650024,2019.5,1922.715454,3422442,DOWN
12/04/2019,2038,2039,2007,2014.5,1917.9552,3198471,DOWN
15/04/2019,2070,2119.800049,2041,2113.300049,2012.020386,9189201,UP
16/04/2019,2120,2155.949951,2115.550049,2131.800049,2029.633789,5771952,UP
18/04/2019,2149.899902,2155,2114.199951,2150.050049,2047.008789,3413728,UP
22/04/2019,2148,2176,2145.600098,2161.449951,2057.862305,2007135,UP
23/04/2019,2163,2165.5,2134.050049,2155.050049,2051.769775,2163524,DOWN
24/04/2019,2158,2195,2156.100098,2183.449951,2078.808594,3003071,UP
25/04/2019,2175,2205,2168.050049,2195,2089.804688,4211526,UP
26/04/2019,2203,2243.949951,2193.149902,2238.550049,2131.267822,2716958,UP
30/04/2019,2238.550049,2266.949951,2230.100098,2260.350098,2152.022949,3488395,UP
02/05/2019,2255,2259.399902,2211.100098,2215.399902,2109.227051,2457699,DOWN
03/05/2019,2185,2186.050049,2125,2132,2029.823975,3780886,DOWN
06/05/2019,2110,2165,2108.5,2157.850098,2054.435059,2891422,UP
07/05/2019,2160.050049,2184.350098,2138.800049,2151.949951,2048.817871,2201698,DOWN
08/05/2019,2151,2168,2130.399902,2152.850098,2049.675049,1824895,UP
09/05/2019,2145,2184.100098,2136.100098,2172.550049,2068.430664,2264162,UP
10/05/2019,2175,2192,2125.850098,2135.800049,2033.442017,2039633,DOWN
13/05/2019,2133,2167,2121.649902,2128.75,2026.729736,1701744,DOWN
14/05/2019,2135,2159.800049,2072.350098,2092.350098,1992.074463,2456110,DOWN
15/05/2019,2097,2124,2084.5,2095.399902,1994.977905,2346876,UP
16/05/2019,2096,2124,2077.050049,2108.75,2007.68811,1946529,UP
17/05/2019,2112.600098,2135,2090,2095.449951,1995.025879,1947908,DOWN
20/05/2019,2125,2151.399902,2050,2143.949951,2041.20105,2625116,UP
21/05/2019,2148.050049,2148.699951,2102.550049,2109.75,2008.640503,1863157,DOWN
22/05/2019,2110,2121.949951,2075,2081.75,1981.982056,2595795,DOWN
23/05/2019,2098,2115.350098,2050,2054.050049,1955.609741,2541294,DOWN
24/05/2019,2070,2070,2032.25,2048,1949.849731,2274208,DOWN
27/05/2019,2054.800049,2068.949951,2040.099976,2055.149902,1956.657104,2329820,UP
28/05/2019,2060,2097.5,2045,2073.75,1974.365601,5872979,UP
29/05/2019,2080,2123.699951,2077.100098,2107.550049,2006.546265,3281320,UP
30/05/2019,2123,2156.550049,2114.399902,2146.300049,2043.439087,4971725,UP
31/05/2019,2160,2204.949951,2152.25,2196.550049,2091.280762,4265370,UP
03/06/2019,2201,2247.649902,2185.649902,2242.300049,2134.837646,3682419,UP
04/06/2019,2224,2224,2175,2183.100098,2095.295166,2408658,DOWN
06/06/2019,2199,2199,2152,2166.100098,2078.97876,3735467,DOWN
07/06/2019,2174,2189.800049,2142.100098,2181.75,2093.999512,2659446,UP
10/06/2019,2196.699951,2235.850098,2185.5,2231.5,2141.748291,2080593,UP
11/06/2019,2237,2263.949951,2231,2252.800049,2162.19165,3048937,UP
12/06/2019,2245,2266.899902,2219,2260.899902,2169.966064,2404448,UP
13/06/2019,2264,2285,2243.050049,2254.100098,2163.439697,3320916,DOWN
14/06/2019,2257.25,2263.100098,2234,2254.5,2163.823242,2131408,UP
17/06/2019,2256,2262,2241.449951,2249.199951,2158.736328,1489497,DOWN
18/06/2019,2244,2260,2231.199951,2250.850098,2160.320557,1877447,UP
19/06/2019,2255,2276,2243.149902,2259.899902,2169.006104,1652817,UP
20/06/2019,2230,2284,2212,2277.949951,2186.330322,2199377,UP
21/06/2019,2285,2292.5,2242,2249.850098,2159.36084,3871804,DOWN
24/06/2019,2254.149902,2280,2250.800049,2275.5,2183.97876,1382424,UP
25/06/2019,2270,2274.449951,2250.5,2267.800049,2176.588867,1386077,DOWN
26/06/2019,2265,2266.800049,2250,2254.199951,2163.5354,1762224,DOWN
27/06/2019,2255,2264,2241.300049,2252.550049,2161.952393,2813464,DOWN
28/06/2019,2260,2261.949951,2222.5,2227.199951,2137.621338,2372928,DOWN
01/07/2019,2235,2255,2206.600098,2239.550049,2149.474609,2769940,UP
02/07/2019,2244.899902,2257,2216.449951,2252.100098,2161.52002,1771746,UP
03/07/2019,2252.199951,2258.800049,2232,2237.649902,2147.650879,1656881,DOWN
04/07/2019,2234,2252,2230.100098,2242.649902,2152.449951,984140,UP
05/07/2019,2247,2250,2140,2163.100098,2076.099854,4088470,DOWN
08/07/2019,2149,2188.800049,2132.100098,2175.399902,2087.905029,2788062,UP
09/07/2019,2174,2174.399902,2104.550049,2133.350098,2047.546021,3977224,DOWN
10/07/2019,2080,2127.850098,2071.300049,2108.199951,2023.407349,6343581,DOWN
11/07/2019,2128,2129,2086.050049,2102.550049,2017.984985,2400346,DOWN
12/07/2019,2102.100098,2119.75,2093.100098,2107.600098,2022.831665,1560725,UP
15/07/2019,2125,2153.600098,2098,2145.699951,2059.39917,2900415,UP
16/07/2019,2126,2132.5,2100,2106,2026.017212,2735399,DOWN
17/07/2019,2108,2125,2092.100098,2117.25,2036.84021,1802969,UP
18/07/2019,2116.199951,2116.199951,2060,2065.949951,1987.488403,3072096,DOWN
19/07/2019,2077,2097,2062.5,2076.949951,1998.070435,1953177,UP
22/07/2019,2077,2117.449951,2068.800049,2109.899902,2029.769043,1920167,UP
23/07/2019,2127.899902,2130,2102.399902,2112.449951,2032.222046,3538588,UP
24/07/2019,2110,2120.800049,2076.5,2096.800049,2017.166504,2413196,DOWN
25/07/2019,2108.899902,2135,2092.550049,2127.899902,2047.085327,2544464,UP
26/07/2019,2129.800049,2129.800049,2095,2109.050049,2028.951538,1720592,DOWN
29/07/2019,2110.800049,2142,2103.300049,2130,2049.105469,1647090,UP
30/07/2019,2130,2185,2120.449951,2179.149902,2096.38916,2851672,UP
31/07/2019,2171.75,2211.699951,2147.149902,2205.699951,2121.930908,3000677,UP
01/08/2019,2200,2217.5,2166.25,2180.050049,2097.255127,2375236,DOWN
02/08/2019,2173,2210,2165.5,2205.300049,2121.546387,2500816,UP
05/08/2019,2199.899902,2252.25,2195.600098,2248.600098,2163.20166,3039682,UP
06/08/2019,2232.800049,2251.949951,2211.449951,2214.899902,2130.781006,2885467,DOWN
07/08/2019,2230,2238.5,2207.25,2213.449951,2129.38623,2165362,DOWN
08/08/2019,2228.899902,2281,2218.899902,2258.100098,2172.34082,2073298,UP
09/08/2019,2260,2267.899902,2241.350098,2246.25,2160.940918,1744550,DOWN
13/08/2019,2245,2246.25,2194.300049,2199.449951,2115.917725,1647281,DOWN
14/08/2019,2181.100098,2217.850098,2167.399902,2204.399902,2120.679932,1945002,UP
16/08/2019,2241.399902,2241.399902,2143.25,2165.100098,2082.872803,3755507,DOWN
19/08/2019,2180,2186,2157.699951,2163,2080.852295,974884,DOWN
20/08/2019,2172,2205,2166.5,2186.75,2103.700439,1843611,UP
21/08/2019,2184.949951,2202,2182.25,2186.199951,2103.171143,1214408,DOWN
22/08/2019,2187,2235.649902,2170,2216,2131.8396,2131601,UP
23/08/2019,2214.949951,2259.899902,2213.899902,2247.699951,2162.335449,2826425,UP
26/08/2019,2247,2282,2225,2276.300049,2189.849365,2345475,UP
27/08/2019,2270,2274.850098,2229,2236.5,2151.561279,3432106,DOWN
28/08/2019,2240,2252.149902,2216,2239.25,2154.206543,1294621,UP
29/08/2019,2222.199951,2248.199951,2222.199951,2233.449951,2148.626709,1670652,DOWN
30/08/2019,2241,2266,2218,2259.600098,2173.783691,2583625,UP
03/09/2019,2270,2296.199951,2236.949951,2251.600098,2166.087646,2545060,DOWN
04/09/2019,2265,2270,2233,2245.399902,2160.123047,2228092,DOWN
05/09/2019,2242.199951,2253.649902,2207.300049,2215.300049,2131.16626,2055943,DOWN
06/09/2019,2216,2233.5,2192.600098,2197.5,2114.041992,1890550,DOWN
09/09/2019,2200,2202.850098,2179.800049,2182.850098,2099.94873,1703945,DOWN
11/09/2019,2186,2195,2146.550049,2154,2072.194336,2627440,DOWN
12/09/2019,2155,2165,2120.350098,2133.600098,2052.569092,2118859,DOWN
13/09/2019,2135,2157.949951,2115.550049,2141.949951,2060.602295,2291174,UP
16/09/2019,2159.949951,2173.399902,2126.399902,2150,2068.346191,2597948,UP
17/09/2019,2154.949951,2156.550049,2105.600098,2122.649902,2042.034912,2796530,DOWN
18/09/2019,2126.399902,2142.949951,2113.149902,2138.550049,2057.331055,1454663,UP
19/09/2019,2135,2135.800049,2091,2101.949951,2022.12085,1652691,DOWN
20/09/2019,2104.899902,2129.399902,2057,2065.449951,1987.007446,6941979,DOWN
23/09/2019,2099,2099,1975,2015.800049,1939.242798,6323401,DOWN
24/09/2019,2015,2061,2013,2044.699951,1967.045166,4620978,UP
25/09/2019,2065,2092,2060.050049,2088.449951,2009.133667,4002232,UP
26/09/2019,2097.899902,2107,2063,2087.600098,2008.315918,4234281,DOWN
27/09/2019,2085,2085.199951,2051.399902,2056.149902,1978.060303,2046795,DOWN
30/09/2019,2061.850098,2104,2060,2099.300049,2019.571655,2620039,UP
01/10/2019,2095.949951,2095.949951,2039.699951,2059.949951,1981.716064,3342877,DOWN
03/10/2019,2070,2081.149902,2046.150024,2060.25,1982.004639,2317618,UP
04/10/2019,2060.600098,2087.949951,2054.949951,2079.350098,2000.379761,2163251,UP
07/10/2019,2080,2094.5,2041,2047.699951,1969.931396,2177916,DOWN
09/10/2019,2060,2060,2015.5,2020.099976,1943.379517,2066920,DOWN
10/10/2019,2028,2039.050049,1997.099976,2004.449951,1928.323853,2881452,DOWN
11/10/2019,1931,1995,1925,1986.849976,1911.392334,12593069,DOWN
14/10/2019,1995,2032.75,1968,2021,1944.245239,3510704,UP
15/10/2019,2032,2047,2022.699951,2037.300049,1959.926392,2261310,UP
16/10/2019,2038,2056,2016,2046.400024,1968.680786,3034082,UP
17/10/2019,2014,2038,1999.300049,2030.949951,1992.769165,3818774,UP
18/10/2019,2037.5,2063.899902,2025,2057.350098,2018.673096,3087901,UP
22/10/2019,2080,2111.5,2040.050049,2051.399902,2012.834717,5552505,DOWN
23/10/2019,2060,2083.850098,2052.5,2070.100098,2031.183228,2348134,UP
24/10/2019,2084,2099,2061.300049,2082,2042.859497,2798671,UP
25/10/2019,2094,2130,2075.050049,2124.949951,2085.001953,3954245,UP
27/10/2019,null,null,null,null,null,null,UP
29/10/2019,2121.5,2201.699951,2121.5,2194.850098,2153.588135,5064173,DOWN
30/10/2019,2225,2260,2176.850098,2252.800049,2210.448486,5195136,UP
31/10/2019,2250,2284.949951,2237,2269.649902,2226.981934,4879261,UP
01/11/2019,2264,2275,2195,2200.899902,2159.523926,4172620,DOWN
04/11/2019,2207,2229.199951,2180.899902,2193.949951,2152.704834,2646411,DOWN
05/11/2019,2197,2211,2169,2201.850098,2160.456299,2693475,UP
06/11/2019,2200,2210.800049,2179,2188.5,2147.357422,2540719,DOWN
07/11/2019,2204.5,2204.5,2175.199951,2185.350098,2144.266602,1915598,DOWN
08/11/2019,2189.600098,2189.600098,2124,2129.949951,2089.907959,2788759,DOWN
11/11/2019,2135,2139,2091,2100.949951,2061.453125,2983768,DOWN
13/11/2019,2118,2183.800049,2118,2178.600098,2137.643555,3823365,UP
14/11/2019,2187.5,2200,2146.699951,2196.800049,2155.501221,2995915,UP
15/11/2019,2196,2211.5,2168.75,2174.449951,2133.571289,2724180,DOWN
18/11/2019,2178.399902,2187.75,2148.75,2152.600098,2112.132324,1611089,DOWN
19/11/2019,2153,2154.649902,2105,2108.800049,2069.155762,2975313,DOWN
20/11/2019,2121.949951,2135,2094.5,2108.550049,2068.910156,2894129,DOWN
21/11/2019,2112,2126.600098,2107.399902,2118.100098,2078.281006,2052574,UP
22/11/2019,2097,2107,2060.5,2071.699951,2032.753174,3742049,DOWN
25/11/2019,2074.550049,2084.949951,2052.199951,2081.5,2042.368896,2737010,UP
26/11/2019,2089.850098,2097.899902,2035.050049,2046.650024,2008.17395,6561580,DOWN
27/11/2019,2052,2071.699951,2046.550049,2054.300049,2015.680298,2907521,UP
28/11/2019,2067.050049,2094.399902,2060,2077.350098,2038.296997,2924429,UP
29/11/2019,2085,2085,2045.800049,2053.25,2014.650024,2064271,DOWN
02/12/2019,2060,2067.699951,2016,2021.050049,1983.055298,3809860,DOWN
03/12/2019,2027.699951,2062,2010,2051,2012.442261,4664774,UP
04/12/2019,2053,2082,2045.5,2078.5,2039.425171,3334301,UP
05/12/2019,2083,2126.800049,2068.350098,2121.300049,2081.420654,3902721,UP
06/12/2019,2124,2128,2101,2123.600098,2083.67749,1829461,UP
09/12/2019,2127.949951,2127.949951,2053.5,2060.449951,2021.714478,2244747,DOWN
10/12/2019,2060,2060.850098,2003.25,2012.849976,1975.009399,4520045,DOWN
11/12/2019,2025.400024,2048,2006.75,2041.900024,2003.513184,4943024,UP
12/12/2019,2051.100098,2083.649902,1984,2020.900024,1982.908203,7137306,DOWN
13/12/2019,2023,2077.399902,2007,2071.25,2032.311401,5711133,UP
16/12/2019,2096,2136,2080.300049,2126.75,2086.768066,5574177,UP
17/12/2019,2126.5,2169,2119,2164.949951,2124.25,6059673,UP
18/12/2019,2174,2203.449951,2153,2167.75,2126.997314,8251081,UP
19/12/2019,2179.800049,2236.5,2167.550049,2229.050049,2187.145264,6251505,UP
20/12/2019,2220,2246.699951,2208.25,2222.899902,2181.110596,5548338,DOWN
23/12/2019,2210,2241.949951,2210,2231.699951,2189.744873,2247329,UP
24/12/2019,2239,2243.550049,2211.149902,2215.600098,2173.947998,1805896,DOWN
26/12/2019,2216.399902,2229,2195.199951,2201.949951,2160.554688,1880367,DOWN
27/12/2019,2208,2226.399902,2176,2198.5,2157.169434,2720261,DOWN
30/12/2019,2207,2225,2177.100098,2183.199951,2142.156738,2288830,DOWN
31/12/2019,2189,2197,2157.449951,2161.699951,2121.061035,1909289,DOWN
01/01/2020,2168,2183.899902,2154,2167.600098,2126.850586,1354908,UP
02/01/2020,2179.949951,2179.949951,2149.199951,2157.649902,2117.087158,2380752,DOWN
03/01/2020,2164,2223,2164,2200.649902,2159.278564,4655761,UP
06/01/2020,2205,2225.949951,2187.899902,2200.449951,2159.08252,3023209,DOWN
07/01/2020,2200.5,2214.649902,2183.800049,2205.850098,2164.381104,2429317,UP
08/01/2020,2205,2260,2202.050049,2255.25,2212.852539,5197454,UP
09/01/2020,2248.75,2251.949951,2210,2214.350098,2172.72168,3734173,DOWN
10/01/2020,2228,2234,2208,2213.550049,2171.936523,1915807,DOWN
13/01/2020,2217.850098,2218.949951,2184.699951,2190.350098,2149.172852,2843893,DOWN
14/01/2020,2195,2229.800049,2195,2206.899902,2165.411377,2948452,UP
15/01/2020,2213,2231,2194.199951,2226.899902,2185.0354,2620681,UP
16/01/2020,2226.949951,2249,2215,2238.800049,2196.71167,3117214,UP
17/01/2020,2240.75,2253.550049,2213,2219.100098,2177.38208,3281059,DOWN
20/01/2020,2194.899902,2242.199951,2156.199951,2170.350098,2129.548828,5817599,DOWN
21/01/2020,2169.949951,2186.550049,2158.050049,2171.050049,2130.235352,1902980,UP
22/01/2020,2181,2210,2173.699951,2206.899902,2165.411377,1773686,UP
23/01/2020,2209.800049,2217.75,2183.699951,2190.949951,2154.642822,2069866,DOWN
24/01/2020,2190.949951,2190.949951,2170,2183.399902,2147.218018,1319430,DOWN
27/01/2020,2189.699951,2193.449951,2165,2169.25,2133.30249,1549101,DOWN
28/01/2020,2174,2187.800049,2152,2183.75,2147.562012,1743024,UP
29/01/2020,2185,2186.949951,2150,2154.600098,2118.895508,2306761,DOWN
30/01/2020,2160,2165,2125,2137.850098,2102.423096,2098567,DOWN
31/01/2020,2139.399902,2144.350098,2071.600098,2079.050049,2044.597412,3287223,DOWN
03/02/2020,2152,2194.699951,2093.199951,2102.5,2067.658691,4728073,UP
04/02/2020,2129,2136.699951,2086.600098,2107.75,2072.821533,3509339,UP
05/02/2020,2115,2156.699951,2104.300049,2146.550049,2110.97876,2439322,UP
06/02/2020,2145,2174.199951,2115.5,2128.350098,2093.080322,2640065,DOWN
07/02/2020,2139,2151,2119,2136.550049,2101.144531,2083442,UP
10/02/2020,2140.899902,2167,2119,2161.949951,2126.123291,2383032,UP
11/02/2020,2163,2174.800049,2147.600098,2153.399902,2117.715088,1335820,DOWN
12/02/2020,2151.100098,2185,2150,2170.75,2134.777344,1620407,UP
13/02/2020,2172.949951,2197,2171,2191.949951,2155.626221,1645948,UP
14/02/2020,2188,2212,2171,2184.199951,2148.004639,1500115,DOWN
17/02/2020,2196.949951,2217,2190.199951,2203.25,2166.739014,1774724,UP
18/02/2020,2199.949951,2221,2186.050049,2215.75,2179.031738,2486223,UP
19/02/2020,2215.75,2230,2190.5,2196.350098,2159.953613,1760463,DOWN
20/02/2020,2204.5,2214.399902,2151.25,2156.800049,2121.059082,2317278,DOWN
24/02/2020,2156,2178.949951,2106.699951,2115.350098,2080.295898,3092877,DOWN
25/02/2020,2115.5,2176.649902,2111,2156.149902,2120.419434,2674567,UP
26/02/2020,2154,2163.899902,2112.949951,2123.600098,2088.408936,2686842,DOWN
27/02/2020,2119.949951,2119.949951,2086.199951,2105.5,2070.609131,2349001,DOWN
28/02/2020,2068,2069.5,1990,2000.150024,1967.004639,4298076,DOWN
02/03/2020,2035,2053.949951,1985.699951,2001.300049,1968.135742,2667076,UP
03/03/2020,2020,2060,2012,2036.199951,2002.457275,2757585,UP
04/03/2020,2056,2094.449951,2025,2083.199951,2048.678467,3237002,UP
05/03/2020,2085.699951,2147.75,2084.050049,2125.050049,2089.834961,3937056,UP
06/03/2020,2098,2123.649902,2071.600098,2116.449951,2081.377441,2595027,DOWN
09/03/2020,2075,2079.899902,1935,1972.349976,1939.665405,4940975,DOWN
11/03/2020,1933,1987.300049,1920,1953.699951,1921.324341,6796449,DOWN
12/03/2020,1904,1908.400024,1758.349976,1769.849976,1740.52124,8728786,DOWN
13/03/2020,1687.900024,1820,1506.050049,1806.300049,1776.367188,8029720,UP
16/03/2020,1755,1842.25,1675.849976,1696.400024,1668.28833,7844271,DOWN
17/03/2020,1730,1731,1623.150024,1658,1630.52478,5713248,DOWN
18/03/2020,1676.800049,1713.550049,1627.75,1654.400024,1626.984253,7258778,DOWN
19/03/2020,1559.699951,1685.449951,1546.75,1636.349976,1620.991089,5135111,DOWN
20/03/2020,1630,1869,1627,1797.449951,1780.579102,8547498,UP
23/03/2020,1620,1750,1617.75,1669.699951,1654.028076,7003490,DOWN
24/03/2020,1653.050049,1770,1632.849976,1703.150024,1687.164185,6350865,UP
25/03/2020,1700,1810,1680,1750.300049,1733.871704,2765520,UP
26/03/2020,1831.599976,1832.050049,1722.550049,1790.949951,1774.139893,4556067,UP
27/03/2020,1820,1850,1750.400024,1824.5,1807.375122,4331250,UP
30/03/2020,1766,1905,1763.550049,1778.5,1761.806885,8513547,DOWN
31/03/2020,1837.400024,1855,1780,1826.099976,1808.960083,3927593,UP
01/04/2020,1825.900024,1834.75,1702,1708.75,1692.711548,4941878,DOWN
03/04/2020,1740,1740,1650,1654.199951,1638.673462,5735369,DOWN
07/04/2020,1710,1785.849976,1705,1775.199951,1758.53772,5427577,UP
08/04/2020,1760,1806,1701,1705.449951,1689.442505,6285615,DOWN
09/04/2020,1750.449951,1778.800049,1731.199951,1766.150024,1749.572876,5307397,UP
13/04/2020,1761,1787,1746,1759.25,1742.737549,2990438,DOWN
15/04/2020,1785,1812,1727.800049,1735.150024,1718.863647,4761399,DOWN
16/04/2020,1709.949951,1764.900024,1675.050049,1716.050049,1699.943115,6245533,DOWN
17/04/2020,1800,1851.949951,1753,1806.199951,1789.246948,9895823,UP
20/04/2020,1830,1830,1802.5,1818.650024,1801.580078,3244282,UP
21/04/2020,1765,1794.599976,1727.699951,1737.650024,1721.340332,5122541,DOWN
22/04/2020,1737.650024,1790,1719.150024,1769.5,1752.891479,3829836,UP
23/04/2020,1780,1900,1760.849976,1878.25,1860.620605,5934366,UP
24/04/2020,1840.699951,1851.949951,1807.800049,1818.550049,1801.481079,2987102,DOWN
27/04/2020,1832.300049,1875,1825,1836.599976,1819.361572,3374741,UP
28/04/2020,1865,1868,1832.599976,1859.050049,1841.60083,2678505,UP
29/04/2020,1874,1912.550049,1850.050049,1905.650024,1887.763428,4241510,UP
30/04/2020,1980,2032,1942.199951,2014.449951,1995.542236,5915544,UP
04/05/2020,1966,1966,1913.650024,1930.449951,1912.330566,3729348,DOWN
05/05/2020,1955.099976,1977,1927,1932.75,1914.609009,2905528,UP
06/05/2020,1939.800049,1953.699951,1893.599976,1903.599976,1885.732666,3517431,DOWN
07/05/2020,1910,1934.449951,1883.349976,1891.650024,1873.894775,3166754,DOWN
08/05/2020,1939.099976,1939.5,1886.25,1893.400024,1875.628418,2686530,UP
11/05/2020,1909,1951.400024,1909,1935.300049,1917.135132,2449841,UP
12/05/2020,1933.400024,1956.5,1910.25,1949.5,1931.201904,3256595,UP
13/05/2020,1994,1994,1925.650024,1949.650024,1931.350464,2656665,UP
14/05/2020,1910,1923.099976,1891.099976,1902.349976,1884.494385,2263146,DOWN
15/05/2020,1916,1917.400024,1865.199951,1892.900024,1875.133179,3173682,DOWN
18/05/2020,1907,1952.949951,1872.099976,1945.599976,1927.338501,3727694,UP
19/05/2020,1903,1966.449951,1903,1948.650024,1930.359741,3198693,UP
20/05/2020,1950,1962.900024,1931.699951,1953.599976,1935.263428,2778505,UP
21/05/2020,1946,1998,1941.150024,1991.199951,1972.510376,3400908,UP
22/05/2020,1977.099976,2032,1961.25,2020.349976,2001.386841,3663418,UP
26/05/2020,2015,2024,1925,1943,1924.762939,4575317,DOWN
27/05/2020,1959,2010,1941.25,2005.300049,1986.478149,3482160,UP
28/05/2020,1988.5,2014,1971.300049,2004.300049,1985.487549,3475681,DOWN
29/05/2020,1982,2002.650024,1962.400024,1972.349976,1953.83728,7237735,DOWN
01/06/2020,1990,2060,1981.099976,2045.25,2026.053101,3747773,UP
02/06/2020,2060.199951,2081,2040.050049,2047.150024,2027.935303,2443886,UP
03/06/2020,2051.850098,2063.75,2020,2046.150024,2032.902954,3699799,UP
04/06/2020,2046.75,2100,2046.75,2091.550049,2078.009033,4048593,UP
05/06/2020,2091.600098,2098,2040.300049,2048.25,2034.989258,3573289,DOWN
08/06/2020,2078.25,2095,2062.100098,2071.75,2058.337158,2957841,UP
09/06/2020,2063.100098,2095.5,2060.25,2072.050049,2058.635254,2909439,UP
10/06/2020,2077.050049,2132,2073.5,2108.75,2095.097656,5168397,UP
11/06/2020,2100,2105,2061.800049,2067.649902,2054.263428,2269513,DOWN
12/06/2020,2011.199951,2049.199951,2011,2039.5,2026.295898,2842642,DOWN
15/06/2020,2039.099976,2059,2000.949951,2029.900024,2016.758179,2399022,DOWN
16/06/2020,2065,2073.949951,2031,2045.800049,2032.555176,2146528,UP
17/06/2020,2046,2058.850098,2026.550049,2047.800049,2034.542236,2703527,UP
18/06/2020,2045,2059.199951,2025.199951,2038.099976,2024.905029,1944389,DOWN
19/06/2020,2042,2090,2032,2044.599976,2031.362793,5681758,UP
22/06/2020,2050,2052.25,2019.150024,2027.949951,2014.820679,3196138,DOWN
23/06/2020,2027,2044,2010,2035.300049,2022.123169,4205944,UP
24/06/2020,2034,2064.25,2031.599976,2042.199951,2028.978394,2560937,UP
25/06/2020,2035,2060,2009.25,2016.099976,2003.047363,3043931,DOWN
26/06/2020,2025,2132,2019.949951,2118.850098,2105.132324,6300722,UP
29/06/2020,2108,2127.600098,2091.300049,2101.649902,2088.043457,3076341,DOWN
30/06/2020,2100,2111.899902,2075.050049,2082.149902,2068.669678,3071725,DOWN
01/07/2020,2079.699951,2113.949951,2079.5,2092.050049,2078.505859,2503466,UP
02/07/2020,2102,2165,2098,2157.149902,2143.184082,3758699,UP
03/07/2020,2163.649902,2205,2160.25,2199.649902,2185.408936,4185208,UP
06/07/2020,2205,2269.899902,2205,2263.199951,2248.547607,5190366,UP
07/07/2020,2275,2302.699951,2232.149902,2269.899902,2255.204102,5630055,UP
08/07/2020,2270,2274.399902,2207.600098,2218.899902,2204.534424,2793358,DOWN
09/07/2020,2229,2244.5,2191.050049,2204.350098,2190.078613,3443998,DOWN
10/07/2020,2205.25,2249.850098,2176,2222.350098,2207.962158,9610320,UP
13/07/2020,2220,2244.949951,2210,2220,2205.627441,2963503,DOWN
14/07/2020,2210,2239,2165,2171.949951,2157.888428,2976738,DOWN
15/07/2020,2185,2260,2181.100098,2233.899902,2219.437256,5569321,UP
16/07/2020,2244,2333,2220.100098,2234.75,2225.262451,8582118,UP
17/07/2020,2237,2243.899902,2190.050049,2200.75,2191.406738,4509135,DOWN
20/07/2020,2201,2226.899902,2190.800049,2207.899902,2198.526367,2952646,UP
21/07/2020,2230,2238.649902,2201.149902,2225.050049,2215.60376,2665286,UP
22/07/2020,2231,2231,2184.199951,2190.949951,2181.648438,2861534,DOWN
23/07/2020,2190.949951,2190.949951,2163,2171.199951,2161.982178,2265766,DOWN
24/07/2020,2154.5,2163,2125.100098,2157.399902,2148.240723,3665100,DOWN
27/07/2020,2165,2215,2163.5,2206.800049,2197.431152,4248480,UP
28/07/2020,2215,2320,2215,2309.75,2299.944092,8092319,UP
29/07/2020,2292,2342,2246.050049,2276.050049,2266.387207,6090431,DOWN
30/07/2020,2285.899902,2358,2272.25,2279.5,2269.82251,7098496,UP
31/07/2020,2303.149902,2334.800049,2257.449951,2281.399902,2271.714355,4723290,UP
03/08/2020,2290.449951,2303.850098,2230.699951,2254.149902,2244.580078,4012337,DOWN
04/08/2020,2259.949951,2269.649902,2225.050049,2249.699951,2240.148926,2927928,DOWN
05/08/2020,2260,2300,2253,2259.5,2249.907471,3800641,UP
06/08/2020,2275,2319.5,2265.350098,2308.100098,2298.30127,4748047,UP
07/08/2020,2308,2328,2287,2295.350098,2285.605225,3165491,DOWN
10/08/2020,2318,2325,2276.050049,2282.800049,2273.108398,2929353,DOWN
11/08/2020,2283,2312,2275.600098,2279.899902,2270.220703,2774423,DOWN
12/08/2020,2288.350098,2296.399902,2246.550049,2257.350098,2247.766602,3415751,DOWN
13/08/2020,2273,2300,2250.5,2254.449951,2244.878662,2695682,DOWN
14/08/2020,2277,2281.300049,2233.100098,2242.149902,2232.630859,2270405,DOWN
17/08/2020,2263,2270,2238.25,2253.399902,2243.833252,2625630,UP
18/08/2020,2262.800049,2289,2248.300049,2269.75,2260.11377,3493374,UP
19/08/2020,2276.350098,2284.600098,2252.5,2256.600098,2247.019775,2843005,DOWN
20/08/2020,2257,2276.550049,2240.050049,2252.850098,2243.285645,2895164,DOWN
21/08/2020,2260,2271,2241.050049,2248.600098,2239.053711,1975294,DOWN
24/08/2020,2250.600098,2259.949951,2230,2248.100098,2238.555908,2167966,DOWN
25/08/2020,2245,2250,2233.550049,2242.649902,2233.128906,1663419,DOWN
26/08/2020,2242,2259.899902,2216.449951,2253.5,2243.932861,2618149,UP
27/08/2020,2266,2287.350098,2241.75,2248.399902,2238.854492,3579393,DOWN
28/08/2020,2268.399902,2279.949951,2235.100098,2238.550049,2229.046387,2941136,DOWN
31/08/2020,2240,2276.199951,2228,2257.25,2247.666992,6018154,UP
01/09/2020,2269,2278,2241.300049,2246.350098,2236.813232,3610908,DOWN
02/09/2020,2247,2268.75,2241.649902,2265.149902,2255.533203,2084137,UP
03/09/2020,2268,2324,2268,2299.5,2289.737549,4654146,UP
04/09/2020,2275,2324.25,2262.949951,2288.800049,2279.083008,5231303,DOWN
07/09/2020,2289,2343.5,2283.350098,2327.050049,2317.170654,4620401,UP
08/09/2020,2335.949951,2390.449951,2327.050049,2348.199951,2338.230713,7453998,UP
09/09/2020,2325,2359,2320,2327.649902,2317.768066,3866535,DOWN
10/09/2020,2335,2348.5,2324.300049,2331.149902,2321.253174,2308813,UP
11/09/2020,2330.949951,2383,2330.149902,2374.100098,2364.020996,4145424,UP
14/09/2020,2384.100098,2505.75,2381.850098,2491.399902,2480.822754,7512131,UP
15/09/2020,2491.399902,2538,2464.600098,2491.399902,2480.822754,7318770,DOWN
16/09/2020,2488.949951,2507.600098,2477.300049,2503,2492.373535,3074003,UP
17/09/2020,2480,2495.75,2450.600098,2460.949951,2450.502197,4828176,DOWN
18/09/2020,2485,2500.399902,2436.399902,2449.899902,2439.499023,4183256,DOWN
21/09/2020,2465,2504.899902,2452.149902,2465.300049,2454.83374,4598809,UP
22/09/2020,2485,2555,2458,2522.949951,2512.23877,7499613,UP
23/09/2020,2510,2519.850098,2409,2467.449951,2456.974609,7502280,DOWN
24/09/2020,2450,2450,2302.600098,2332.25,2322.348633,8424708,DOWN
25/09/2020,2368,2440,2352.100098,2422.300049,2412.016357,8228267,UP
28/09/2020,2440,2444,2366,2426.300049,2415.999268,4347166,UP
29/09/2020,2434.850098,2511.050049,2426.300049,2488.399902,2477.835449,6995811,UP
30/09/2020,2489,2505,2460,2492.300049,2481.718994,3917166,UP
01/10/2020,2510,2540,2492.300049,2523.449951,2512.736816,2610337,UP
05/10/2020,2620,2728.100098,2603.050049,2705.800049,2694.312744,17412105,UP
06/10/2020,2736,2736,2650.100098,2714.300049,2702.776611,9846367,UP
07/10/2020,2742,2770,2703,2735.949951,2724.334473,9656101,UP
08/10/2020,2800,2885,2800,2825.699951,2813.703613,19839329,UP
09/10/2020,2810,2829.850098,2780,2812.949951,2801.007568,7739245,DOWN
12/10/2020,2815.5,2854,2800.75,2830,2817.985352,4623203,UP
13/10/2020,2845,2854.899902,2812.199951,2826.550049,2814.550049,4209878,DOWN
14/10/2020,2842,2842,2787.550049,2809.600098,2809.600098,4395936,DOWN
15/10/2020,2811,2827.75,2727,2740.600098,2740.600098,6629355,DOWN
16/10/2020,2750.100098,2771.649902,2731.300049,2763.300049,2763.300049,5273773,UP
19/10/2020,2774,2774,2706.600098,2711.550049,2711.550049,3331194,DOWN
20/10/2020,2725,2759.899902,2717.949951,2739,2739,3406273,UP
21/10/2020,2739,2749,2663.050049,2675.399902,2675.399902,4570143,DOWN
22/10/2020,2661,2686.649902,2638.100098,2671.149902,2671.149902,5262294,DOWN
23/10/2020,2687.800049,2702,2670.100098,2686.800049,2686.800049,3499091,UP
26/10/2020,2689.949951,2709.949951,2670.5,2688.199951,2688.199951,2672752,UP
27/10/2020,2699.75,2718.149902,2624.100098,2630.149902,2630.149902,3537502,DOWN
28/10/2020,2650,2655.949951,2606,2622.199951,2622.199951,3569445,DOWN
29/10/2020,2608,2655,2600.25,2632.649902,2632.649902,3105968,UP
30/10/2020,2636.100098,2674.350098,2621.600098,2664.850098,2664.850098,3427003,UP
02/11/2020,2660,2664.850098,2600.050049,2604.600098,2604.600098,2571196,DOWN
03/11/2020,2604,2665,2601.050049,2633.600098,2633.600098,2879269,UP
04/11/2020,2610,2721.850098,2610,2653.149902,2653.149902,4893928,UP
05/11/2020,2685,2710,2667,2685.699951,2685.699951,2816502,UP
06/11/2020,2699,2713.25,2681.300049,2707.449951,2707.449951,3884421,UP
09/11/2020,2731.100098,2744,2695.100098,2726.600098,2726.600098,3646592,UP
10/11/2020,2697.199951,2713.149902,2638.350098,2649.600098,2649.600098,4760020,DOWN
11/11/2020,2667.949951,2692.800049,2643.399902,2687.800049,2687.800049,3242441,UP
12/11/2020,2686,2713,2661.75,2671.050049,2671.050049,2437505,DOWN
13/11/2020,2655.75,2664.899902,2636,2656.850098,2656.850098,2548093,DOWN
17/11/2020,2695,2695,2650.050049,2666.050049,2666.050049,2827273,UP
