Date,Open,High,Low,Close,Volume
01/01/2015,8272.8,8294.7,8248.75,8284,56560411
02/01/2015,8288.7,8410.6,8288.7,8395.45,101887024
05/01/2015,8407.95,8445.6,8363.9,8378.4,118160545
06/01/2015,8325.3,8327.85,8111.35,8127.35,172799618
07/01/2015,8118.65,8151.2,8065.45,8102.1,164075424
08/01/2015,8191.4,8243.5,8167.3,8234.6,143802802
09/01/2015,8285.45,8303.3,8190.8,8284.5,152612528
12/01/2015,8291.35,8332.6,8245.6,8323,103153908
13/01/2015,8346.15,8356.65,8267.9,8299.4,129561892
14/01/2015,8307.25,8326.45,8236.65,8277.55,150621631
15/01/2015,8424.5,8527.1,8380.55,8494.15,232138802
16/01/2015,8504.05,8530.75,8452.25,8513.8,181365905
19/01/2015,8550.05,8570.95,8531.5,8550.7,129346422
20/01/2015,8575.1,8707.9,8574.5,8695.6,158713840
21/01/2015,8719.65,8741.85,8689.6,8729.5,191651012
22/01/2015,8745.85,8774.15,8727,8761.4,180912372
23/01/2015,8827.95,8866.4,8795.4,8835.6,197124706
27/01/2015,8871.35,8925.05,8825.45,8910.5,192010521
28/01/2015,8902.75,8985.05,8874.05,8914.3,190805926
29/01/2015,8901.5,8966.65,8861.25,8952.35,264245843
30/01/2015,8996.6,8996.6,8775.1,8808.9,275587957
02/02/2015,8802.5,8840.8,8751.1,8797.4,216556534
03/02/2015,8823.15,8837.3,8726.65,8756.55,208672175
04/02/2015,8789.15,8792.85,8704.4,8723.7,201252375
05/02/2015,8733.1,8838.45,8683.65,8711.7,179008853
06/02/2015,8696.85,8726.2,8645.55,8661.05,176554075
09/02/2015,8584.4,8605.55,8516.35,8526.35,151329604
10/02/2015,8478.1,8646.25,8470.5,8565.55,202294693
11/02/2015,8603.3,8651.95,8593.65,8627.4,166560867
12/02/2015,8676.95,8732.55,8599.25,8711.55,163681352
13/02/2015,8741.5,8822.1,8729.65,8805.5,228807812
16/02/2015,8831.4,8870.1,8793.4,8809.35,140637331
18/02/2015,8811.55,8894.3,8808.9,8869.1,152152801
19/02/2015,8883.05,8913.45,8794.45,8895.3,219867400
20/02/2015,8895.5,8899.95,8816.3,8833.6,203714864
23/02/2015,8856.85,8869,8736.1,8754.95,143932325
24/02/2015,8772.9,8800.5,8726.75,8762.1,154368611
25/02/2015,8801.9,8840.65,8751.4,8767.25,139406599
26/02/2015,8779,8786.05,8669.45,8683.85,224185492
27/02/2015,8729.5,8856.95,8717.45,8844.6,257226273
02/03/2015,8953.85,8972.35,8885.45,8956.75,224772586
03/03/2015,8962.85,9008.4,8925.55,8996.25,183251960
04/03/2015,9109.15,9119.2,8893.95,8922.65,256060375
05/03/2015,8929.4,8957.55,8849.35,8937.75,165081476
09/03/2015,8891.15,8891.3,8740.45,8756.75,160332840
10/03/2015,8769.75,8778,8677.35,8712.05,168916337
11/03/2015,8728.75,8755.6,8682.35,8699.95,178053293
12/03/2015,8740.65,8787.2,8732.9,8776,179337979
13/03/2015,8844.05,8849.75,8631.75,8647.75,184665971
16/03/2015,8656.75,8663.55,8612,8633.15,168438040
17/03/2015,8689.1,8742.55,8630.8,8723.3,182504639
18/03/2015,8742.9,8747.25,8664,8685.9,161153533
19/03/2015,8749.45,8788.2,8614.65,8634.65,168628424
20/03/2015,8627.9,8627.9,8553,8570.9,179982752
23/03/2015,8591.55,8608.35,8540.55,8550.9,155425780
24/03/2015,8537.05,8627.75,8535.85,8542.95,161465466
25/03/2015,8568.9,8573.75,8516.55,8530.8,165952155
26/03/2015,8474.95,8499.45,8325.35,8342.15,288758332
27/03/2015,8396,8413.2,8269.15,8341.4,198979321
30/03/2015,8390.95,8504.55,8380.75,8492.3,142061290
31/03/2015,8527.6,8550.45,8454.15,8491,177059509
01/04/2015,8483.7,8603.4,8464.75,8586.25,136312446
06/04/2015,8615.8,8667.55,8573.75,8659.9,150877855
07/04/2015,8684.45,8693.6,8586.85,8660.3,141765381
08/04/2015,8698.95,8730.5,8679.8,8714.4,149617725
09/04/2015,8756.2,8785.5,8682.45,8778.3,158192905
10/04/2015,8774.35,8787.4,8733.6,8780.35,141464357
13/04/2015,8801.75,8841.65,8762.1,8834,122833397
15/04/2015,8844.75,8844.8,8722.4,8750.2,170458015
16/04/2015,8757.05,8760,8645.65,8706.7,149337173
17/04/2015,8698.05,8699.85,8596.7,8606,155474164
20/04/2015,8618.8,8619.95,8422.75,8448.1,154492312
21/04/2015,8416.1,8469.35,8352.7,8377.75,418959074
22/04/2015,8400.4,8449.95,8284.7,8429.7,176926942
23/04/2015,8478.2,8504.95,8361.85,8398.3,169840748
24/04/2015,8405.7,8413.3,8273.35,8305.25,177843969
27/04/2015,8330.55,8334.45,8202.35,8213.8,174706337
28/04/2015,8215.55,8308,8185.15,8285.6,183754628
29/04/2015,8274.8,8308.2,8219.2,8239.75,174958511
30/04/2015,8224.5,8229.4,8144.75,8181.5,281696257
04/05/2015,8230.05,8346,8220.45,8331.95,136913823
05/05/2015,8338.4,8355.65,8280.6,8324.8,156019941
06/05/2015,8316.6,8331.95,8083,8097,212509839
07/05/2015,8077,8122.6,7997.15,8057.3,166563657
08/05/2015,8131.5,8224.95,8123.45,8191.5,188776090
11/05/2015,8243.2,8332.75,8224.65,8325.25,197882948
12/05/2015,8326.15,8326.65,8115.3,8126.95,178753978
13/05/2015,8181.55,8254.95,8089.8,8235.45,175015183
14/05/2015,8232.45,8236.25,8137.3,8224.2,138964395
15/05/2015,8240.3,8279.2,8212.2,8262.35,133838055
18/05/2015,8284.95,8384.6,8271.95,8373.65,153340463
19/05/2015,8356.2,8427.8,8335,8365.65,144642344
20/05/2015,8392.65,8440.35,8391.45,8423.25,127388797
21/05/2015,8434.5,8446.35,8382.5,8421,148189485
22/05/2015,8432.5,8489.55,8420.6,8458.95,193080657
25/05/2015,8438.15,8441.95,8364.15,8370.25,125051166
26/05/2015,8377.1,8378.9,8320.05,8339.35,120428892
27/05/2015,8302.75,8342.85,8277.95,8334.6,170583401
28/05/2015,8345.7,8364.5,8270.15,8319,239549060
29/05/2015,8327.1,8443.9,8305.7,8433.65,375232198
01/06/2015,8417.25,8467.15,8405.4,8433.4,125990614
02/06/2015,8442.8,8445.35,8226.05,8236.45,151337661
03/06/2015,8232.45,8236.7,8094.15,8135.1,176661646
04/06/2015,8155.15,8160.05,8056.75,8130.65,159470840
05/06/2015,8119.15,8191,8100.15,8114.7,167055308
08/06/2015,8124.35,8131,8030.55,8044.15,140075743
09/06/2015,8026.5,8057.15,8005.15,8022.4,140217686
10/06/2015,8024.15,8152.25,8023.8,8124.45,141030200
11/06/2015,8157.3,8163.05,7958.25,7965.35,171348959
12/06/2015,7959.85,7995.6,7940.3,7982.9,140839875
15/06/2015,7986.6,8057.7,7944.85,8013.9,137116389
16/06/2015,8004.2,8061.85,7952.35,8047.3,127809460
17/06/2015,8084.2,8136.85,8048.95,8091.55,157205716
18/06/2015,8113.7,8186.9,8101.8,8174.6,149266110
19/06/2015,8201.15,8250.8,8195.65,8224.95,151575997
22/06/2015,8259.3,8369.45,8257.4,8353.1,126542473
23/06/2015,8377.45,8398.45,8334.95,8381.55,135844708
24/06/2015,8399.4,8421.35,8338.9,8360.85,134062733
25/06/2015,8336.25,8423.15,8329.5,8398,207421340
26/06/2015,8393.95,8408.55,8339.7,8381.1,113959476
29/06/2015,8247.05,8329.45,8195.65,8318.4,136106699
30/06/2015,8316.35,8378,8298.95,8368.5,163366250
01/07/2015,8376.25,8481.6,8370.15,8453.05,135887471
02/07/2015,8471.95,8479.25,8433.2,8444.9,115472141
03/07/2015,8440.1,8497.75,8424.15,8484.9,91142979
06/07/2015,8386.15,8533.15,8386.15,8522.15,104578132
07/07/2015,8525.5,8561.35,8483.85,8510.8,126038231
08/07/2015,8439.2,8457.5,8341.4,8363.05,193886999
09/07/2015,8364.85,8400.3,8323,8328.55,135358659
10/07/2015,8365.7,8377.1,8315.4,8360.55,158883926
13/07/2015,8397.25,8471.65,8355.4,8459.65,121380175
14/07/2015,8470.6,8480.25,8424.1,8454.1,104893796
15/07/2015,8463.4,8531.4,8462.95,8523.8,108835522
16/07/2015,8546.15,8616.1,8542.9,8608.05,119637042
17/07/2015,8623.65,8642.95,8593.15,8609.85,108190401
20/07/2015,8623.9,8624.1,8559,8603.45,93439295
21/07/2015,8601.5,8646.75,8517.9,8529.45,169151098
22/07/2015,8512.25,8643.9,8498.65,8633.5,141018383
23/07/2015,8643.95,8654.75,8573.8,8589.8,136962516
24/07/2015,8588.15,8589.15,8513.5,8521.55,131344832
27/07/2015,8492.1,8492.2,8351.55,8361,140828066
28/07/2015,8371.1,8397.4,8321.75,8337,179983810
29/07/2015,8365.6,8381.5,8338.45,8375.05,145399010
30/07/2015,8417,8458.9,8408.3,8421.8,221939186
31/07/2015,8456.1,8548.95,8448,8532.85,209629301
03/08/2015,8510.65,8563.95,8508.1,8543.05,161485758
04/08/2015,8564.1,8565.15,8448.25,8516.9,193226091
05/08/2015,8547.45,8591.85,8545.85,8567.95,136948290
06/08/2015,8585.8,8606.3,8551.5,8588.65,139116393
07/08/2015,8580.8,8595.95,8552.7,8564.6,148073594
10/08/2015,8577,8621.55,8497.8,8525.6,127194886
11/08/2015,8548.45,8556.25,8441.3,8462.35,159192694
12/08/2015,8445.7,8446.95,8337.95,8349.45,195904304
13/08/2015,8384.45,8429.5,8339.75,8355.85,195079107
14/08/2015,8402.35,8530.1,8381.2,8518.55,160680260
17/08/2015,8530.5,8530.6,8428.05,8477.3,180083830
18/08/2015,8505.85,8525.75,8433.6,8466.55,157991554
19/08/2015,8468.05,8520.45,8425.95,8495.15,134512114
20/08/2015,8471.05,8501.35,8359.75,8372.75,189841783
21/08/2015,8305.4,8322.2,8225.05,8299.95,207542070
24/08/2015,8055.95,8060.05,7769.4,7809,322096413
25/08/2015,7895.4,7925.4,7667.25,7880.7,308255265
26/08/2015,7865.25,7930.05,7777.1,7791.85,223261362
27/08/2015,7921.6,7963.6,7862.3,7948.95,314422773
28/08/2015,8053.7,8091.8,7961.65,8001.95,201572450
31/08/2015,8009.25,8043.6,7947.95,7971.3,204254629
01/09/2015,7907.95,7929.1,7746.5,7785.85,190581167
02/09/2015,7856.65,7862.55,7699.25,7717,222003483
03/09/2015,7774.45,7845.6,7754.05,7823,160609681
04/09/2015,7803.4,7804.9,7626.85,7655.05,199569987
07/09/2015,7685.85,7705.05,7545.9,7558.8,145763902
08/09/2015,7587.7,7720.9,7539.5,7688.25,177514609
09/09/2015,7805.85,7846.05,7764.55,7818.6,214842731
10/09/2015,7729.05,7819.85,7678.5,7788.1,165313439
11/09/2015,7833.8,7864.85,7759.9,7789.3,140576943
14/09/2015,7811.1,7879.95,7761.85,7872.25,126630775
15/09/2015,7867.35,7880,7799.75,7829.1,140722007
16/09/2015,7886.85,7913.9,7853.3,7899.15,144331414
18/09/2015,7967.45,8055,7955.85,7981.9,249313429
21/09/2015,7911.5,7987.9,7908.35,7977.1,125628591
22/09/2015,8014.8,8021.6,7787.75,7812,173569429
23/09/2015,7737.35,7882.9,7723.25,7845.95,151196367
24/09/2015,7838.4,7894.5,7804.1,7868.5,208766516
28/09/2015,7892.8,7893.95,7787.95,7795.7,140480206
29/09/2015,7725.7,7926.55,7691.2,7843.3,248106979
30/09/2015,7924.25,7957.7,7874.5,7948.9,217187896
01/10/2015,7992.05,8008.25,7930.65,7950.9,161809883
05/10/2015,8005.1,8128.9,8005.1,8119.3,188830270
06/10/2015,8180.45,8180.95,8096.5,8152.9,184037905
07/10/2015,8146.2,8188.9,8132.9,8177.4,199911165
08/10/2015,8196.75,8196.75,8105.85,8129.35,177030502
09/10/2015,8186.35,8232.2,8139.65,8189.7,205859184
12/10/2015,8231.5,8244.5,8128.2,8143.6,205255913
13/10/2015,8121.95,8150.25,8088.6,8131.7,150431773
14/10/2015,8102.4,8139.3,8096.35,8107.9,143158108
15/10/2015,8134.35,8190.55,8129.8,8179.5,172429864
16/10/2015,8193.65,8246.4,8147.65,8238.15,161153559
19/10/2015,8262.55,8283.05,8239.2,8275.05,128300205
20/10/2015,8280.3,8294.05,8229.2,8261.65,159947752
21/10/2015,8258.35,8294.4,8217.15,8251.7,149270047
23/10/2015,8308.25,8328.1,8280.75,8295.45,156664310
26/10/2015,8333.65,8336.3,8252.05,8260.55,138006303
27/10/2015,8230.35,8241.95,8217.05,8232.9,161493491
28/10/2015,8188.9,8209.1,8131.8,8171.2,194708669
29/10/2015,8175.45,8179.6,8098,8111.75,224234135
30/10/2015,8123.55,8146.1,8044.4,8065.8,205663493
02/11/2015,8054.55,8060.7,7995.6,8050.8,140323983
03/11/2015,8086.35,8100.35,8031.75,8060.7,136625382
04/11/2015,8104.9,8116.1,8027.3,8040.2,125935846
05/11/2015,8030.35,8031.2,7944.1,7955.45,136223827
06/11/2015,7956.55,8002.65,7926.15,7954.3,226329409
09/11/2015,7788.25,7937.75,7771.7,7915.2,218422388
10/11/2015,7877.6,7885.1,7772.85,7783.35,170267413
13/11/2015,7762.45,7775.1,7730.9,7762.25,165876819
16/11/2015,7732.95,7838.85,7714.15,7806.6,154134885
17/11/2015,7848.75,7860.45,7793,7837.55,149451211
18/11/2015,7823.15,7843.4,7725.05,7731.8,148037721
19/11/2015,7788.5,7854.9,7765.45,7842.75,136702518
20/11/2015,7841.9,7906.95,7817.8,7856.55,156610433
23/11/2015,7869.5,7877.5,7825.2,7849.25,130871603
24/11/2015,7837,7870.35,7812.65,7831.6,134562905
26/11/2015,7837.15,7897.1,7832,7883.8,226632193
27/11/2015,7910.6,7959.3,7879.45,7942.7,154863047
30/11/2015,7936.25,7966,7922.8,7935.25,223041699
01/12/2015,7958.15,7972.15,7934.15,7954.9,142945421
02/12/2015,7976.7,7979.3,7910.8,7931.35,130207404
03/12/2015,7902.3,7912.3,7853.3,7864.15,129628400
04/12/2015,7817.6,7821.4,7775.7,7781.9,157231681
07/12/2015,7816.55,7825.4,7746.05,7765.4,141893279
08/12/2015,7738.5,7771.25,7685.45,7701.7,139318392
09/12/2015,7695.5,7702.85,7606.9,7612.5,144315690
10/12/2015,7643.3,7691.95,7610,7683.3,145249292
11/12/2015,7699.6,7703.05,7575.3,7610.45,172996480
14/12/2015,7558.2,7663.95,7551.05,7650.05,153492615
15/12/2015,7659.15,7705,7625.1,7700.9,138479057
16/12/2015,7725.25,7776.6,7715.75,7750.9,159149338
17/12/2015,7783.05,7852.9,7737.55,7844.35,181256780
18/12/2015,7828.9,7836.15,7753.35,7761.95,197319843
21/12/2015,7745.65,7840.75,7733.45,7834.45,130174102
22/12/2015,7829.4,7846.3,7776.85,7786.1,129633328
23/12/2015,7830.45,7871.45,7826.1,7865.95,121480721
24/12/2015,7888.75,7888.75,7835.5,7861.05,96374245
28/12/2015,7863.2,7937.2,7863,7925.15,126737811
29/12/2015,7929.2,7942.15,7902.75,7928.95,116535971
30/12/2015,7938.6,7944.75,7889.85,7896.25,110145855
31/12/2015,7897.8,7955.55,7891.15,7946.35,155645098
01/01/2016,7938.45,7972.55,7909.8,7963.2,64843836
04/01/2016,7924.55,7937.55,7781.1,7791.3,138864905
05/01/2016,7828.4,7831.2,7763.25,7784.65,149672973
06/01/2016,7788.05,7800.95,7721.2,7741,151715828
07/01/2016,7673.35,7674.95,7556.6,7568.3,194732861
08/01/2016,7611.65,7634.1,7581.05,7601.35,162348690
11/01/2016,7527.45,7605.1,7494.35,7563.85,194836791
12/01/2016,7587.2,7588.3,7487.8,7510.3,168975973
13/01/2016,7557.9,7590.95,7425.8,7562.4,221908258
14/01/2016,7467.4,7604.8,7443.8,7536.8,206988549
15/01/2016,7561.65,7566.5,7427.3,7437.8,203643071
18/01/2016,7420.35,7463.65,7336.4,7351,240798183
19/01/2016,7381.8,7462.75,7364.15,7435.1,194068339
20/01/2016,7357,7470.9,7241.5,7309.3,232614141
21/01/2016,7376.65,7398.7,7250,7276.8,248113284
22/01/2016,7355.7,7433.4,7327.6,7422.45,236282061
25/01/2016,7468.75,7487.15,7421.2,7436.15,168202502
27/01/2016,7469.6,7477.9,7419.7,7437.75,193389891
28/01/2016,7426.5,7468.85,7409.6,7424.65,283036298
29/01/2016,7413.35,7575.65,7402.8,7563.55,307934042
01/02/2016,7589.5,7600.45,7541.25,7555.95,206645021
02/02/2016,7566.65,7576.3,7428.05,7455.55,237338907
03/02/2016,7392.45,7419.4,7350.3,7361.8,197863301
04/02/2016,7411.45,7457.05,7365.95,7404,229563364
05/02/2016,7418.25,7503.15,7406.65,7489.1,257518899
08/02/2016,7489.7,7512.55,7363.2,7387.25,176758985
09/02/2016,7303.95,7323.45,7275.15,7298.2,218730280
10/02/2016,7264.3,7271.85,7177.75,7215.7,254481339
11/02/2016,7203.6,7208.65,6959.95,6976.35,301302956
12/02/2016,7023.65,7034.8,6869,6980.95,344210729
15/02/2016,7057.35,7182.8,7056.8,7162.95,365217073
16/02/2016,7201.25,7204.65,7037.7,7048.25,261607451
17/02/2016,7058.85,7123.7,6960.65,7108.45,268017961
18/02/2016,7177.4,7215.1,7127.85,7191.75,254331498
19/02/2016,7170.55,7226.85,7145.95,7210.75,198206480
22/02/2016,7208.85,7252.4,7200.7,7234.55,159162842
23/02/2016,7240.3,7241.7,7090.7,7109.55,200396978
24/02/2016,7075,7090.8,7009.75,7018.7,205898417
25/02/2016,7029.85,7034.2,6961.4,6970.6,291932544
26/02/2016,7039.3,7052.9,6985.1,7029.75,213142575
29/02/2016,7050.45,7094.6,6825.8,6987.05,487969285
01/03/2016,7038.25,7235.5,7035.1,7222.3,283561570
02/03/2016,7321.7,7380.35,7308.15,7368.85,348965708
03/03/2016,7429.55,7483.95,7406.05,7475.6,287248532
04/03/2016,7505.4,7505.9,7444.1,7485.35,290441230
08/03/2016,7486.4,7527.15,7442.15,7485.3,264945393
09/03/2016,7436.1,7539,7424.3,7531.8,252709391
10/03/2016,7545.35,7547.1,7447.4,7486.15,231584305
11/03/2016,7484.85,7543.95,7460.6,7510.2,204806572
14/03/2016,7542.6,7583.7,7515.05,7538.75,172067214
15/03/2016,7535.85,7545.2,7452.8,7460.6,199653871
16/03/2016,7457.05,7508,7405.15,7498.75,201430035
17/03/2016,7557.4,7585.3,7479.4,7512.55,247043954
18/03/2016,7534.65,7613.6,7517.9,7604.35,244727490
21/03/2016,7619.2,7713.55,7617.7,7704.25,202853386
22/03/2016,7695.55,7728.2,7643.8,7714.9,215355848
23/03/2016,7717.45,7726.85,7670.6,7716.5,205794773
28/03/2016,7741,7749.4,7587.7,7615.1,249905118
29/03/2016,7606.55,7652.9,7582.25,7597,223493457
30/03/2016,7651.1,7741.95,7643.45,7735.2,239843751
31/03/2016,7727.65,7777.6,7702,7738.4,391914059
01/04/2016,7718.05,7740.15,7666.1,7713.05,189571551
04/04/2016,7733.15,7764.45,7704.4,7758.8,160277940
05/04/2016,7736.3,7736.3,7588.65,7603.2,210126897
06/04/2016,7636.05,7638.65,7591.75,7614.35,170653808
07/04/2016,7630.4,7630.75,7535.85,7546.45,241684050
08/04/2016,7542.35,7569.35,7526.7,7555.2,147816460
11/04/2016,7577.8,7678.8,7516.85,7671.4,185353268
12/04/2016,7669.25,7717.4,7663.35,7708.95,168508978
13/04/2016,7777.15,7864.8,7772.2,7850.45,227217288
18/04/2016,7908.15,7920.6,7842.75,7914.7,190258561
20/04/2016,7950.05,7950.4,7877.55,7914.75,211630060
21/04/2016,7953.65,7978.45,7884.1,7912.05,230577117
22/04/2016,7891.8,7923.35,7873.35,7899.3,188988540
25/04/2016,7894.8,7911,7827,7855.05,150776959
26/04/2016,7828.15,7974.5,7822.55,7962.65,208656803
27/04/2016,7942,7991,7940.55,7979.9,213174058
28/04/2016,7967.4,7992,7834.45,7847.25,301485186
29/04/2016,7844.25,7889.05,7788.7,7849.8,251227047
02/05/2016,7822.7,7829.8,7777.3,7805.9,150818181
03/05/2016,7824.8,7890.25,7735.15,7747,192271370
04/05/2016,7724.15,7749,7697.25,7706.55,205939089
05/05/2016,7731,7777.55,7706.85,7735.5,190792828
06/05/2016,7717.65,7738.9,7678.35,7733.45,168662226
09/05/2016,7755.25,7873.65,7753.55,7866.05,165616829
10/05/2016,7873.55,7896.9,7837.7,7887.8,166957276
11/05/2016,7804.65,7893.1,7780.9,7848.85,220712496
12/05/2016,7871.45,7916.05,7849.65,7900.4,157444918
13/05/2016,7881,7881,7784.2,7814.9,185061782
16/05/2016,7831.2,7873.9,7772.15,7860.75,211547775
17/05/2016,7896.85,7940.1,7879.7,7890.75,189140810
18/05/2016,7846.75,7882.05,7810.75,7870.15,161169418
19/05/2016,7875.5,7876.2,7766.8,7783.4,175711829
20/05/2016,7792.2,7812.4,7735.75,7749.7,161889432
23/05/2016,7813.95,7820.6,7722.2,7731.05,177347948
24/05/2016,7738.05,7761.55,7715.8,7748.85,151538169
25/05/2016,7811.8,7941.2,7809.3,7934.9,181636649
26/05/2016,7974.45,8083,7948.5,8069.65,272456307
27/05/2016,8081.95,8164.2,8077.05,8156.65,268963949
30/05/2016,8166.5,8200,8150.8,8178.5,255086293
31/05/2016,8209.85,8213.6,8134.3,8160.1,485645737
01/06/2016,8179.2,8215.35,8171.05,8179.95,200371829
02/06/2016,8156.9,8229.5,8154.75,8218.95,187316365
03/06/2016,8246.2,8262,8209.85,8220.8,390652017
06/06/2016,8228.75,8234.7,8186.05,8201.05,176885226
07/06/2016,8235.55,8294.95,8216.4,8266.45,249365706
08/06/2016,8285.5,8288.9,8252.05,8273.05,179710369
09/06/2016,8273.35,8273.35,8184.6,8203.6,180293039
10/06/2016,8180.25,8265.6,8162.85,8170.05,187757375
13/06/2016,8102.25,8125.25,8063.9,8110.6,174916286
14/06/2016,8134.4,8134.95,8069.5,8108.85,150042362
15/06/2016,8139.4,8213.2,8123.15,8206.6,174953935
16/06/2016,8180.65,8180.65,8074.45,8140.75,195028743
17/06/2016,8176.65,8195.25,8135.8,8170.2,171842760
20/06/2016,8115.75,8244.15,8107.35,8238.5,173750792
21/06/2016,8255.4,8257.25,8202.15,8219.9,141161921
22/06/2016,8213.65,8238.35,8153.25,8203.7,140268297
23/06/2016,8201.15,8285.6,8188.3,8270.45,158852677
24/06/2016,8029.1,8100.7,7927.05,8088.6,306803641
27/06/2016,8039.35,8120.65,8039.35,8094.7,167462711
28/06/2016,8096.05,8146.35,8086.85,8127.85,175724276
29/06/2016,8173.1,8212.4,8157.65,8204,151499716
30/06/2016,8260.25,8308.15,8242.1,8287.75,288031935
01/07/2016,8313.05,8356.75,8308.65,8328.35,170581881
04/07/2016,8376.75,8398.45,8364.7,8370.7,158955823
05/07/2016,8379.3,8381.45,8319.95,8335.95,143253937
07/07/2016,8342,8361.95,8317.7,8337.9,160327315
08/07/2016,8350,8353.3,8287.55,8323.2,142159935
11/07/2016,8413.35,8475.25,8407.05,8467.9,154399933
12/07/2016,8502.6,8526.6,8479.2,8521.05,189339750
13/07/2016,8540.45,8550.25,8493.55,8519.5,201492184
14/07/2016,8515.75,8571.4,8500.7,8565,158738499
15/07/2016,8565.45,8594.8,8510.05,8541.4,228598684
18/07/2016,8564.05,8587.1,8494.35,8508.7,169400452
19/07/2016,8514.3,8540.05,8476.7,8528.55,173050805
20/07/2016,8515.45,8569.9,8512.55,8565.85,165349380
21/07/2016,8582.7,8585.25,8503.45,8510.1,154575685
22/07/2016,8519.65,8548.95,8489.8,8541.2,147619642
25/07/2016,8519.95,8641.15,8517.2,8635.65,154631398
26/07/2016,8633.75,8644.9,8577.15,8590.65,159563469
27/07/2016,8599.4,8665,8572.05,8615.8,189796380
28/07/2016,8636.95,8674.7,8625.25,8666.3,240721865
29/07/2016,8668.3,8670.35,8631.15,8638.5,161935155
01/08/2016,8654.3,8711.3,8590.5,8636.55,194186858
02/08/2016,8647.45,8687.2,8611.4,8622.9,174556789
03/08/2016,8635.2,8635.45,8529.6,8544.85,168033073
04/08/2016,8599.95,8601.4,8518.15,8551.1,169780463
05/08/2016,8600.2,8689.4,8590.15,8683.15,162784913
08/08/2016,8712.85,8723.5,8697.6,8711.35,177877012
09/08/2016,8727.8,8728.35,8638.2,8678.25,206261255
10/08/2016,8686.7,8690.1,8564.6,8575.3,178963496
11/08/2016,8572.8,8601.15,8540.05,8592.15,195114539
12/08/2016,8605.45,8684.3,8604.45,8672.15,272014034
16/08/2016,8670.25,8682.35,8600.45,8642.55,231771409
17/08/2016,8639.8,8667.1,8603.6,8624.05,179540691
18/08/2016,8648.85,8690.7,8645.05,8673.25,169431656
19/08/2016,8694.3,8696.6,8647.1,8666.9,197770568
22/08/2016,8667,8684.85,8614,8629.15,156976546
23/08/2016,8628.35,8642.15,8580,8632.6,193302503
24/08/2016,8648.5,8661.05,8620.9,8650.3,154168043
25/08/2016,8668.85,8683.05,8583.65,8592.2,219736214
26/08/2016,8614.35,8622.95,8547.55,8572.55,152146666
29/08/2016,8583.75,8622,8543.75,8607.45,133723771
30/08/2016,8646.75,8750.6,8642.25,8744.35,154828719
31/08/2016,8754.05,8819.2,8754.05,8786.2,373422334
01/09/2016,8793.6,8813.25,8759.95,8774.65,246336047
02/09/2016,8796.35,8824.1,8768.2,8809.65,197385217
06/09/2016,8852.7,8950.85,8848.45,8943,201617132
07/09/2016,8968.7,8968.7,8913.35,8917.95,299145644
08/09/2016,8915.5,8960.35,8896,8952.5,223937056
09/09/2016,8934.3,8939.15,8858.7,8866.7,181344327
12/09/2016,8732.95,8746.95,8699.4,8715.6,190199613
14/09/2016,8710.65,8739.85,8688.9,8726.6,189984289
15/09/2016,8743.85,8751.95,8704.35,8742.55,149889703
16/09/2016,8780.85,8847.65,8750.5,8779.85,274039556
19/09/2016,8788.45,8824.3,8774.2,8808.4,135814177
20/09/2016,8816.1,8816.45,8759.3,8775.9,140718486
21/09/2016,8790.3,8826.85,8757.3,8777.15,153441330
22/09/2016,8873.35,8893.35,8837.8,8867.45,178136644
23/09/2016,8880.75,8885.2,8820.3,8831.55,191618169
26/09/2016,8807.9,8809.55,8715.1,8723.05,169050086
27/09/2016,8748.9,8768.5,8690.5,8706.4,156100521
28/09/2016,8711.2,8767.05,8703.15,8745.15,170643694
29/09/2016,8792.7,8800.65,8558.25,8591.25,384395249
30/09/2016,8581.5,8637.15,8555.2,8611.15,187333285
03/10/2016,8666.15,8745.2,8635,8738.1,141472076
04/10/2016,8770,8783.65,8736.1,8769.15,189990151
05/10/2016,8806.35,8806.95,8731.4,8743.95,162103951
06/10/2016,8768.7,8781.15,8684.65,8709.55,168713605
07/10/2016,8721.7,8723.7,8663.8,8697.6,155053800
10/10/2016,8735.35,8745.8,8703.95,8708.8,111794053
13/10/2016,8671.5,8681.55,8541.35,8573.35,218861324
14/10/2016,8594,8604.45,8549.8,8583.4,167848947
17/10/2016,8612.95,8615.4,8506.15,8520.4,203516577
18/10/2016,8556.05,8685.1,8555.9,8677.9,216626083
19/10/2016,8697.5,8698.75,8636.7,8659.1,177397872
20/10/2016,8693.35,8727,8678.3,8699.4,165952091
21/10/2016,8708.6,8709.1,8652.05,8693.05,162162047
24/10/2016,8709.85,8736.95,8684.15,8708.95,161966274
25/10/2016,8721.7,8722.65,8663.45,8691.3,195696479
26/10/2016,8657.3,8657.3,8596.6,8615.25,226133074
27/10/2016,8607.1,8624.85,8550.25,8615.25,250336333
28/10/2016,8625,8653.75,8581.75,8638,180906084
01/11/2016,8653.15,8669.6,8614.5,8626.25,170068995
02/11/2016,8542.8,8549.5,8504.85,8514,160130480
03/11/2016,8499.85,8537.65,8476.15,8484.95,175773254
04/11/2016,8503.6,8504,8400.25,8433.75,231783152
07/11/2016,8535.75,8535.85,8481.45,8497.05,178070534
08/11/2016,8540,8559.4,8480.1,8543.55,201759648
09/11/2016,8067.5,8476.2,8002.25,8432,323968654
10/11/2016,8555.6,8598.45,8510.7,8525.75,271196930
11/11/2016,8456.65,8460.6,8284.95,8296.3,275221694
15/11/2016,8284.85,8288.55,8093.2,8108.45,370298063
16/11/2016,8205.65,8210.05,8089.4,8111.6,277801233
17/11/2016,8105.1,8151.25,8060.3,8079.95,197183084
18/11/2016,8097.55,8128.95,8048.3,8074.1,166199545
21/11/2016,8102.1,8102.45,7916.4,7929.1,225608889
22/11/2016,7989.15,8019.05,7938.15,8002.3,216677654
23/11/2016,8051.2,8055.2,7973.1,8033.3,186602328
24/11/2016,8011.8,8024.85,7952.55,7965.5,268619026
25/11/2016,8007.95,8122.25,7976.75,8114.3,183355873
28/11/2016,8080.65,8146.5,8066.5,8126.9,195595287
29/11/2016,8131.55,8197.35,8128.7,8142.15,195618384
30/11/2016,8172.15,8234.25,8139.25,8224.5,255725357
01/12/2016,8244,8250.8,8185.05,8192.9,162597213
02/12/2016,8153.55,8159.3,8070.05,8086.8,176767415
05/12/2016,8088.75,8141.9,8056.85,8128.75,130435865
06/12/2016,8153.15,8178.7,8130.85,8143.15,118854323
07/12/2016,8168.4,8190.45,8077.5,8102.05,175024334
08/12/2016,8152.1,8256.25,8151.75,8246.85,146857616
09/12/2016,8271.7,8274.95,8241.95,8261.75,154344775
12/12/2016,8230.65,8230.65,8154.45,8170.8,111432551
13/12/2016,8196.15,8228.85,8155.8,8221.8,189739559
14/12/2016,8229.35,8229.4,8165.1,8182.45,149132520
15/12/2016,8128.4,8225.9,8121.95,8153.6,187425988
16/12/2016,8178.2,8178.7,8127.45,8139.45,209268331
19/12/2016,8126,8132.5,8094.85,8104.35,110669713
20/12/2016,8110.6,8124.1,8062.75,8082.4,132026742
21/12/2016,8105.85,8112.55,8053.25,8061.3,127543733
22/12/2016,8043.85,8046.45,7964.95,7979.1,126409580
23/12/2016,7972.5,8022.6,7942.05,7985.75,127921701
26/12/2016,7965.1,7970.05,7893.8,7908.25,110171222
27/12/2016,7915.05,8044.65,7903.7,8032.85,122463312
28/12/2016,8047.55,8100.55,8028.4,8034.85,130580701
29/12/2016,8030.6,8111.1,8020.8,8103.6,183984077
30/12/2016,8119.65,8197,8114.75,8185.8,131457250
02/01/2017,8210.1,8212,8133.8,8179.5,122016111
03/01/2017,8196.05,8219.1,8148.6,8192.25,131186021
04/01/2017,8202.65,8218.5,8180.9,8190.5,136476345
05/01/2017,8226.65,8282.65,8223.7,8273.8,163957452
06/01/2017,8281.85,8306.85,8233.25,8243.8,143689850
09/01/2017,8259.35,8263,8227.75,8236.05,102211190
10/01/2017,8262.7,8293.8,8261,8288.6,147312927
11/01/2017,8327.8,8389,8322.25,8380.65,192285417
12/01/2017,8391.05,8417.2,8382.3,8407.2,177948383
13/01/2017,8457.65,8461.05,8373.15,8400.35,190949616
16/01/2017,8390.95,8426.7,8374.4,8412.8,127938836
17/01/2017,8415.05,8440.9,8378.3,8398,125781216
18/01/2017,8403.85,8460.3,8397.4,8417,168867039
19/01/2017,8418.4,8445.15,8404.05,8435.1,170956149
20/01/2017,8404.35,8423.65,8340.95,8349.35,208901233
23/01/2017,8329.6,8404.15,8327.2,8391.5,200993100
24/01/2017,8407.05,8480.95,8398.15,8475.8,184745781
25/01/2017,8499.45,8612.6,8493.95,8602.75,301490150
27/01/2017,8610.5,8672.7,8606.9,8641.25,283905821
30/01/2017,8635.55,8662.6,8617.75,8632.75,314110760
31/01/2017,8629.45,8631.75,8552.4,8561.3,537110119
01/02/2017,8570.35,8722.4,8537.5,8716.4,337797412
02/02/2017,8724.75,8757.6,8685.8,8734.25,292329202
03/02/2017,8735.15,8748.25,8707.75,8740.95,196936238
06/02/2017,8785.45,8814.1,8770.2,8801.05,200403782
07/02/2017,8805.7,8809.3,8741.05,8768.3,233294532
08/02/2017,8774.55,8791.25,8715,8769.05,225485726
09/02/2017,8795.55,8821.4,8724.1,8778.4,193282248
10/02/2017,8812.35,8822.1,8771.2,8793.55,232947341
13/02/2017,8819.8,8826.9,8754.2,8805.05,211180353
14/02/2017,8819.9,8820.45,8772.5,8792.3,194133563
15/02/2017,8778.95,8807.9,8712.85,8724.7,222828919
16/02/2017,8739,8783.95,8719.6,8778,190277738
17/02/2017,8883.7,8896.45,8804.25,8821.7,307526025
20/02/2017,8818.55,8886.25,8809.8,8879.2,173022362
21/02/2017,8890.75,8920.8,8860.95,8907.85,181091326
22/02/2017,8931.6,8960.75,8905.25,8926.9,254677956
23/02/2017,8956.4,8982.15,8927.55,8939.5,388874096
27/02/2017,8943.7,8951.8,8888.65,8896.7,195847099
28/02/2017,8898.95,8914.75,8867.6,8879.6,302722890
01/03/2017,8904.4,8960.8,8898.6,8945.8,212328974
02/03/2017,8982.85,8992.5,8879.8,8899.75,225608140
03/03/2017,8883.5,8907.1,8860.1,8897.55,208915878
06/03/2017,8915.1,8967.8,8914,8963.45,180194586
07/03/2017,8977.75,8977.85,8932.8,8946.9,178827506
08/03/2017,8950.7,8957.05,8891.95,8924.3,183325544
09/03/2017,8914.5,8945.8,8899.5,8927,176810453
10/03/2017,8953.7,8975.7,8903.95,8934.55,157419999
14/03/2017,9091.65,9122.75,9060.5,9087,278726933
15/03/2017,9086.85,9106.55,9075.5,9084.8,248033251
16/03/2017,9129.65,9158.45,9128.55,9153.7,215096446
17/03/2017,9207.8,9218.4,9147.6,9160.05,295554265
20/03/2017,9166.95,9167.6,9116.3,9126.85,342395900
21/03/2017,9133.95,9147.75,9087.2,9121.5,255396073
22/03/2017,9047.2,9072.9,9019.3,9030.45,239463699
23/03/2017,9048.75,9099.05,9048.6,9086.3,197705274
24/03/2017,9104,9133.55,9089.4,9108,210021581
27/03/2017,9093.45,9094.85,9024.65,9045.2,209036051
28/03/2017,9081.5,9110.4,9079.8,9100.8,188985603
29/03/2017,9128.7,9153.15,9109.1,9143.8,250902906
30/03/2017,9142.6,9183.15,9136.35,9173.75,333410368
31/03/2017,9158.9,9191.7,9152.1,9173.75,196771674
03/04/2017,9220.6,9245.35,9192.4,9237.85,143444541
05/04/2017,9264.4,9273.9,9215.4,9265.15,190529461
06/04/2017,9245.8,9267.95,9218.85,9261.95,191937207
07/04/2017,9223.7,9250.5,9188.1,9198.3,195918747
10/04/2017,9225.6,9225.65,9174.85,9181.45,139968750
11/04/2017,9184.55,9242.7,9172.85,9237,206261727
12/04/2017,9242.5,9246.4,9161.8,9203.45,166755013
13/04/2017,9202.5,9202.65,9144.95,9150.8,171695600
17/04/2017,9144.75,9160,9120.25,9139.3,132244225
18/04/2017,9163,9217.9,9095.45,9105.15,179569574
19/04/2017,9112.2,9120.5,9075.15,9103.5,179117382
20/04/2017,9108.1,9143.9,9102.65,9136.4,175629897
21/04/2017,9179.1,9183.65,9088.75,9119.4,159981265
24/04/2017,9135.35,9225.4,9130.55,9217.95,172908048
25/04/2017,9273.05,9309.2,9250.35,9306.6,173896951
26/04/2017,9336.2,9367,9301.35,9351.85,191395120
27/04/2017,9359.15,9367.15,9322.65,9342.15,215881711
28/04/2017,9340.95,9342.65,9282.25,9304.05,167229353
02/05/2017,9339.85,9352.55,9269.9,9313.8,166558241
03/05/2017,9344.7,9346.3,9298.4,9311.95,156342492
04/05/2017,9360.95,9365.65,9323.25,9359.9,277895923
05/05/2017,9374.55,9377.1,9272,9285.3,239133531
08/05/2017,9311.45,9338.7,9297.95,9314.05,179709949
09/05/2017,9337.35,9338.95,9307.7,9316.85,136417428
10/05/2017,9339.65,9414.75,9336,9407.3,157363135
11/05/2017,9448.6,9450.65,9411.3,9422.4,176439840
12/05/2017,9436.65,9437.75,9372.55,9400.9,159079418
15/05/2017,9433.55,9449.25,9423.1,9445.4,145163953
16/05/2017,9461,9517.2,9456.35,9512.25,171709433
17/05/2017,9517.6,9532.6,9486.1,9525.75,211856040
18/05/2017,9453.2,9489.1,9418.1,9429.45,199340647
19/05/2017,9469.9,9505.75,9390.75,9427.9,259861396
22/05/2017,9480.25,9498.65,9427.9,9438.25,202874757
23/05/2017,9445.05,9448.05,9370,9386.15,231345629
24/05/2017,9410.9,9431.9,9341.65,9360.55,218265181
25/05/2017,9384.05,9523.3,9379.2,9509.75,298147347
26/05/2017,9507.75,9604.9,9495.4,9595.1,225647631
29/05/2017,9560.05,9637.75,9547.7,9604.9,242266034
30/05/2017,9590.65,9635.3,9581.2,9624.55,199894193
31/05/2017,9636.55,9649.6,9609.25,9621.25,427053433
01/06/2017,9603.55,9634.65,9589.9,9616.1,181533283
02/06/2017,9657.15,9673.5,9637.45,9653.5,167195027
05/06/2017,9656.3,9687.2,9640.7,9675.1,131685021
06/06/2017,9704.25,9709.3,9630.2,9637.15,150379695
07/06/2017,9663.95,9678.55,9630.55,9663.9,165669924
08/06/2017,9682.4,9688.7,9641.5,9647.25,160165459
09/06/2017,9638.55,9676.25,9608.15,9668.25,163897548
12/06/2017,9646.7,9647.05,9598.5,9616.4,145786938
13/06/2017,9615.55,9654.15,9595.4,9606.9,133734363
14/06/2017,9621.55,9627.4,9580.45,9618.15,187378750
15/06/2017,9617.9,9621.4,9560.8,9578.05,176423424
16/06/2017,9595.45,9615.85,9565.5,9588.05,219808528
19/06/2017,9626.4,9673.3,9614.9,9657.55,146146062
20/06/2017,9670.5,9676.5,9643.75,9653.5,164437226
21/06/2017,9648.1,9650.45,9608.6,9633.6,148490556
22/06/2017,9642.65,9698.85,9617.75,9630,204888654
23/06/2017,9643.25,9647.65,9565.3,9574.95,180580579
27/06/2017,9594.05,9615.4,9473.45,9511.4,209593904
28/06/2017,9520.2,9522.5,9474.35,9491.25,177652206
29/06/2017,9522.95,9575.8,9493.8,9504.1,267283587
30/06/2017,9478.5,9535.8,9448.75,9520.9,185202600
03/07/2017,9587.95,9624,9543.55,9615,188690599
04/07/2017,9645.9,9650.65,9595.5,9613.3,149313755
05/07/2017,9619.75,9643.65,9607.35,9637.6,134849476
06/07/2017,9653.6,9700.7,9639.95,9674.55,152001940
07/07/2017,9670.35,9684.25,9642.65,9665.8,146232151
10/07/2017,9719.3,9782.15,9646.45,9771.05,40142973
11/07/2017,9797.45,9830.05,9778.85,9786.05,185322358
12/07/2017,9807.3,9824.95,9787.7,9816.1,150045594
13/07/2017,9855.8,9897.25,9853.45,9891.7,186866752
14/07/2017,9913.3,9913.3,9845.45,9886.35,164456602
17/07/2017,9908.15,9928.2,9894.7,9915.95,168596771
18/07/2017,9832.7,9885.35,9792.05,9827.15,303007860
19/07/2017,9855.95,9905.05,9851.65,9899.6,206376192
20/07/2017,9920.2,9922.55,9863.45,9873.3,166083004
21/07/2017,9899.6,9924.7,9838,9915.25,193286125
24/07/2017,9936.8,9982.05,9919.6,9966.4,179905535
25/07/2017,10010.55,10011.3,9949.1,9964.55,191206247
26/07/2017,9983.65,10025.95,9965.95,10020.65,203697844
27/07/2017,10063.25,10114.85,10005.5,10020.55,296782048
28/07/2017,9996.55,10026.05,9944.5,10014.5,197491415
31/07/2017,10034.7,10085.9,10016.95,10077.1,245096535
01/08/2017,10101.05,10128.6,10065.75,10114.65,190000516
02/08/2017,10136.3,10137.85,10054.2,10081.5,166463276
03/08/2017,10081.15,10081.15,9998.25,10013.65,198665837
04/08/2017,10008.6,10075.25,9988.35,10066.4,184082134
07/08/2017,10074.8,10088.1,10046.35,10057.4,141566282
08/08/2017,10068.35,10083.8,9947,9978.55,209645343
09/08/2017,9961.15,9969.8,9893.05,9908.05,174395293
10/08/2017,9872.85,9892.65,9776.2,9820.25,242820594
11/08/2017,9712.15,9771.65,9685.55,9710.8,294732998
14/08/2017,9755.75,9818.3,9752.1,9794.15,201613585
16/08/2017,9825.85,9903.95,9773.85,9897.3,226269013
17/08/2017,9945.55,9947.8,9883.75,9904.15,203652311
18/08/2017,9865.95,9865.95,9783.65,9837.4,253931517
21/08/2017,9864.25,9884.35,9740.1,9754.35,211627775
22/08/2017,9815.75,9828.45,9752.6,9765.55,189267122
23/08/2017,9803.05,9857.9,9786.75,9852.5,173815509
24/08/2017,9881.2,9881.5,9848.85,9857.05,190398702
28/08/2017,9907.15,9925.75,9882,9912.8,164493772
29/08/2017,9886.4,9887.35,9783.75,9796.05,178668444
30/08/2017,9859.5,9909.45,9850.8,9884.4,162704136
31/08/2017,9905.7,9925.1,9856.95,9917.9,337782004
01/09/2017,9937.65,9983.45,9909.85,9974.4,162730656
04/09/2017,9984.15,9988.4,9861,9912.85,153369495
05/09/2017,9933.25,9963.1,9901.05,9952.2,143522342
06/09/2017,9899.25,9931.55,9882.55,9916.2,153767846
07/09/2017,9945.85,9964.85,9917.2,9929.9,194626599
08/09/2017,9958.65,9963.6,9913.3,9934.8,168698771
11/09/2017,9971.75,10028.65,9968.8,10006.05,178409875
12/09/2017,10056.85,10097.55,10028.05,10093.05,188248293
13/09/2017,10099.25,10131.95,10063.15,10079.3,221608053
14/09/2017,10107.4,10126.5,10070.35,10086.6,232637517
15/09/2017,10062.35,10115.15,10043.65,10085.4,274799134
18/09/2017,10133.1,10171.7,10131.3,10153.1,160852680
19/09/2017,10175.6,10178.95,10129.95,10147.55,193345992
20/09/2017,10160.95,10171.05,10134.2,10141.15,205605243
21/09/2017,10139.6,10158.9,10058.6,10121.9,197710666
22/09/2017,10094.35,10095.05,9952.8,9964.4,233621596
25/09/2017,9960.1,9960.5,9816.05,9872.6,228206970
26/09/2017,9875.25,9891.35,9813,9871.5,196792799
27/09/2017,9920.6,9921.05,9714.4,9735.75,206305991
28/09/2017,9736.4,9789.2,9687.55,9768.95,396874518
29/09/2017,9814.3,9854,9775.35,9788.6,202350211
03/10/2017,9893.3,9895.4,9831.05,9859.5,167833406
04/10/2017,9884.35,9938.3,9850.65,9914.9,160993982
05/10/2017,9927,9945.95,9881.85,9888.7,152362417
06/10/2017,9908.15,9989.35,9906.6,9979.7,201858899
09/10/2017,9988.2,10015.75,9959.45,9988.75,148395842
10/10/2017,10013.7,10034,10002.3,10016.95,153246570
11/10/2017,10042.6,10067.25,9955.8,9984.8,195593061
12/10/2017,10011.2,10104.45,9977.1,10096.4,207106672
13/10/2017,10123.7,10191.9,10120.1,10167.45,237230047
16/10/2017,10207.4,10242.95,10175.1,10230.85,209327364
17/10/2017,10227.65,10251.85,10212.6,10234.45,201782377
18/10/2017,10209.4,10236.45,10175.75,10210.85,262111790
19/10/2017,10210.35,10211.95,10123.35,10146.55,31086379
23/10/2017,10176.65,10224.15,10124.5,10184.85,224799211
24/10/2017,10218.55,10237.75,10182.4,10207.7,223914325
25/10/2017,10321.15,10340.55,10240.9,10295.35,612620774
26/10/2017,10291.8,10355.65,10271.85,10343.8,443036008
27/10/2017,10362.3,10366.15,10311.3,10323.05,322411410
30/10/2017,10353.85,10384.5,10344.3,10363.65,244193178
31/10/2017,10364.9,10367.7,10323.95,10335.3,239809700
01/11/2017,10390.35,10451.65,10383.05,10440.5,268270466
02/11/2017,10440.5,10453,10412.55,10423.8,207735021
03/11/2017,10461.55,10461.7,10403.6,10452.5,206101238
06/11/2017,10431.75,10490.45,10413.75,10451.8,199559409
07/11/2017,10477.15,10485.75,10340.8,10350.15,295830692
08/11/2017,10361.95,10384.25,10285.5,10303.15,282950322
09/11/2017,10358.65,10368.45,10266.95,10308.95,247606613
10/11/2017,10304.35,10344.95,10254.1,10321.75,287962940
13/11/2017,10322,10334.15,10216.25,10224.95,216799588
14/11/2017,10223.4,10248,10175.55,10186.6,314413476
15/11/2017,10171.95,10175.45,10094,10118.05,213836202
16/11/2017,10152.9,10232.25,10139.2,10214.75,188180035
17/11/2017,10324.55,10343.6,10268.05,10283.6,209592893
20/11/2017,10287.2,10309.85,10261.5,10298.75,151751415
21/11/2017,10329.25,10358.7,10315.05,10326.9,191859084
22/11/2017,10350.8,10368.7,10309.55,10342.3,162504058
23/11/2017,10358.45,10374.3,10307.3,10348.75,157651842
24/11/2017,10366.8,10404.5,10362.25,10389.7,133177324
27/11/2017,10361.05,10407.15,10340.2,10399.55,146276512
28/11/2017,10387.9,10409.55,10355.2,10370.25,202050866
29/11/2017,10376.65,10392.95,10345.9,10361.3,157192930
30/11/2017,10332.7,10332.7,10211.25,10226.55,353105240
01/12/2017,10263.7,10272.7,10108.55,10121.8,147765528
04/12/2017,10175.05,10179.2,10095.7,10127.75,153240126
05/12/2017,10118.25,10147.95,10069.1,10118.25,160253042
06/12/2017,10088.8,10104.2,10033.35,10044.1,171208366
07/12/2017,10063.45,10182.65,10061.9,10166.7,171339022
08/12/2017,10198.45,10270.85,10195.25,10265.65,206234019
11/12/2017,10310.5,10329.2,10282.05,10322.25,152034656
12/12/2017,10324.9,10326.1,10230.2,10240.15,180546894
13/12/2017,10236.6,10296.55,10169.85,10192.95,187191964
14/12/2017,10229.3,10276.1,10141.55,10252.1,159103960
15/12/2017,10345.65,10373.1,10319.65,10333.25,262974703
18/12/2017,10263.1,10443.55,10074.8,10388.75,237506982
19/12/2017,10414.8,10472.2,10406,10463.2,174340665
20/12/2017,10494.4,10494.45,10437.15,10444.2,180597460
21/12/2017,10473.95,10473.95,10426.9,10440.3,156646972
22/12/2017,10457.3,10501.1,10448.25,10493,143119167
26/12/2017,10512.3,10545.45,10477.95,10531.5,160417384
27/12/2017,10531.05,10552.4,10469.25,10490.75,170307122
28/12/2017,10498.2,10534.55,10460.45,10477.9,281309989
29/12/2017,10492.35,10538.7,10488.65,10530.7,156736221
01/01/2018,10531.7,10537.85,10423.1,10435.55,134532090
02/01/2018,10477.55,10495.2,10404.65,10442.2,158092430
03/01/2018,10482.65,10503.6,10429.55,10443.2,172516859
04/01/2018,10469.4,10513,10441.45,10504.8,180257392
05/01/2018,10534.25,10566.1,10520.1,10558.85,186469717
08/01/2018,10591.7,10631.2,10588.55,10623.6,174181231
09/01/2018,10645.1,10659.15,10603.6,10637,211291563
10/01/2018,10652.05,10655.5,10592.7,10632.2,181900014
11/01/2018,10637.05,10664.6,10612.35,10651.2,158630055
12/01/2018,10682.55,10690.4,10597.1,10681.25,180592153
15/01/2018,10718.5,10782.65,10713.8,10741.55,181262074
16/01/2018,10761.5,10762.35,10687.85,10700.45,217468081
17/01/2018,10702.45,10803,10666.75,10788.55,260488465
18/01/2018,10873.4,10887.5,10782.4,10817,321609375
19/01/2018,10829.2,10906.85,10793.9,10894.7,214011963
22/01/2018,10883.2,10975.1,10881.4,10966.2,238815813
23/01/2018,10997.4,11092.9,10994.55,11083.7,293445774
24/01/2018,11069.35,11110.1,11046.15,11086,292197072
25/01/2018,11095.6,11095.6,11009.2,11069.65,340469462
29/01/2018,11079.35,11171.55,11075.95,11130.4,249220726
30/01/2018,11120.85,11121.1,11033.9,11049.65,234969503
31/01/2018,11018.8,11058.5,10979.3,11027.7,253462573
01/02/2018,11044.55,11117.35,10878.8,11016.9,315743486
02/02/2018,10938.2,10954.95,10736.1,10760.6,291431992
05/02/2018,10604.3,10702.75,10586.8,10666.55,247479157
06/02/2018,10295.15,10594.15,10276.3,10498.25,274656443
07/02/2018,10607.2,10614,10446.4,10476.7,258095424
08/02/2018,10518.5,10637.8,10479.55,10576.85,239407938
09/02/2018,10416.5,10480.2,10398.2,10454.95,197502912
12/02/2018,10518.2,10555.5,10485.4,10539.75,224114801
14/02/2018,10585.75,10590.55,10456.65,10500.9,236329440
15/02/2018,10537.9,10618.1,10511.05,10545.5,217090245
16/02/2018,10596.2,10612.9,10434.05,10452.3,190043189
19/02/2018,10488.9,10489.35,10302.75,10378.4,193087737
20/02/2018,10391,10429.35,10347.65,10360.4,193464871
21/02/2018,10426,10426.1,10349.6,10397.45,241331542
22/02/2018,10354.35,10397.55,10340.65,10382.7,323259078
23/02/2018,10408.1,10499.1,10396.65,10491.05,217134363
26/02/2018,10526.55,10592.95,10520.2,10582.6,177238616
27/02/2018,10615.2,10631.65,10537.25,10554.3,193250158
28/02/2018,10488.95,10535.5,10461.55,10492.85,294794221
01/03/2018,10479.95,10525.5,10447.15,10458.35,181378504
05/03/2018,10428.3,10428.7,10323.9,10358.85,199975720
06/03/2018,10420.5,10441.35,10215.9,10249.25,229782297
07/03/2018,10232.95,10243.35,10141.55,10154.2,257200599
08/03/2018,10216.25,10270.35,10146.4,10242.65,233377712
09/03/2018,10271.3,10296.7,10211.9,10226.85,192333334
12/03/2018,10301.6,10433.65,10295.45,10421.4,223135459
13/03/2018,10389.5,10478.6,10377.85,10426.85,274852794
14/03/2018,10393.05,10420.35,10336.3,10410.9,186991169
15/03/2018,10405.45,10420,10346.2,10360.15,179308593
16/03/2018,10345.15,10346.3,10180.25,10195.15,338702439
19/03/2018,10215.35,10224.55,10075.3,10094.25,216670033
20/03/2018,10051.55,10155.65,10049.1,10124.35,209327593
21/03/2018,10181.95,10227.3,10132.95,10155.25,211060429
22/03/2018,10167.5,10207.85,10105.4,10114.75,237632983
23/03/2018,9968.8,10027.7,9951.9,9998.05,294515154
26/03/2018,9989.15,10143.5,9958.55,10130.65,270665332
27/03/2018,10188,10207.9,10139.65,10184.15,232713976
28/03/2018,10143.6,10158.35,10096.9,10113.7,354977198
02/04/2018,10151.65,10220.1,10127.75,10211.8,223135459
03/04/2018,10186.85,10255.35,10171.05,10245,211652029
04/04/2018,10274.6,10279.85,10111.3,10128.4,238182921
05/04/2018,10228.45,10331.8,10227.45,10325.15,244116235
06/04/2018,10322.75,10350.45,10290.85,10331.6,206355691
09/04/2018,10333.7,10397.7,10328.5,10379.35,228512954
10/04/2018,10412.9,10424.85,10381.5,10402.25,259523888
11/04/2018,10428.15,10428.15,10355.6,10417.15,258077363
12/04/2018,10410.65,10469.9,10395.25,10458.65,246027888
13/04/2018,10495.3,10519.9,10451.45,10480.6,219724716
16/04/2018,10398.3,10540.15,10396.35,10528.35,200950876
17/04/2018,10557.3,10560.45,10495.65,10548.7,212449535
18/04/2018,10578.9,10594.2,10509.7,10526.2,211823044
19/04/2018,10563.65,10572.2,10546.2,10565.3,270740891
20/04/2018,10560.35,10582.35,10527.45,10564.05,252227268
23/04/2018,10592.8,10638.35,10514.95,10584.7,200203196
24/04/2018,10578.1,10636.8,10569,10614.35,225972673
25/04/2018,10612.4,10612.6,10536.45,10570.55,195129613
26/04/2018,10586.5,10628.4,10559.65,10617.8,345536167
27/04/2018,10651.65,10719.8,10647.55,10692.3,306671172
30/04/2018,10705.75,10759,10704.6,10739.35,179163468
02/05/2018,10783.85,10784.65,10689.8,10718.05,236757172
03/05/2018,10720.15,10720.6,10647.45,10679.65,190869804
04/05/2018,10700.45,10700.45,10601.6,10618.25,192296041
07/05/2018,10653.15,10725.65,10635.65,10715.5,173620240
08/05/2018,10757.9,10758.55,10689.4,10717.8,278118616
09/05/2018,10693.35,10766.25,10689.85,10741.7,222115640
10/05/2018,10779.65,10785.55,10705,10716.55,197988475
11/05/2018,10741.95,10812.05,10724.45,10806.5,209392114
14/05/2018,10815.15,10834.85,10774.75,10806.6,176697512
15/05/2018,10812.6,10929.2,10781.4,10801.85,262202312
16/05/2018,10751.95,10790.45,10699.7,10741.1,238221884
17/05/2018,10775.6,10777.25,10664.5,10682.7,220738923
18/05/2018,10671.85,10674.95,10589.1,10596.4,229908939
21/05/2018,10616.7,10621.7,10505.8,10516.7,197294184
22/05/2018,10518.45,10558.6,10490.55,10536.7,249236637
23/05/2018,10521.1,10533.55,10417.8,10430.35,299919120
24/05/2018,10464.85,10535.15,10419.8,10513.85,306792497
25/05/2018,10533.05,10628.05,10524,10605.15,268914888
28/05/2018,10648.35,10709.8,10640.55,10688.65,239786001
29/05/2018,10689.4,10717.25,10616.1,10633.3,232761575
30/05/2018,10579,10648.7,10558.45,10614.35,246124259
31/05/2018,10670.1,10763.8,10620.4,10736.15,629198569
01/06/2018,10738.45,10764.75,10681.5,10696.2,227355567
04/06/2018,10765.95,10770.3,10618.35,10628.5,210148313
05/06/2018,10630.7,10633.15,10550.9,10593.15,172898027
06/06/2018,10603.45,10698.35,10587.5,10684.65,195761429
07/06/2018,10722.6,10818,10722.6,10768.35,227663151
08/06/2018,10736.4,10779.45,10709.05,10767.65,215942528
11/06/2018,10781.85,10850.55,10777.05,10786.95,217849903
12/06/2018,10816.15,10856.55,10789.4,10842.85,204419184
13/06/2018,10887.5,10893.25,10842.65,10856.7,220003032
14/06/2018,10832.9,10833.7,10773.55,10808.05,190031664
15/06/2018,10808.65,10834,10755.4,10817.7,314764425
18/06/2018,10830.2,10830.2,10787.35,10799.85,202727202
19/06/2018,10789.45,10789.45,10701.2,10710.45,231382790
20/06/2018,10734.65,10781.8,10724.05,10772.05,199467082
21/06/2018,10808.45,10809.6,10725.9,10741.1,230507383
22/06/2018,10742.7,10837,10710.45,10821.85,236898415
25/06/2018,10822.9,10831.05,10753.05,10762.45,236693278
26/06/2018,10742.7,10805.25,10732.55,10769.15,226846382
27/06/2018,10785.5,10785.5,10652.4,10671.4,253620792
28/06/2018,10660.8,10674.2,10557.7,10589.1,363157327
29/06/2018,10612.85,10723.05,10612.35,10714.3,250327878
02/07/2018,10732.35,10736.15,10604.65,10657.3,304536687
03/07/2018,10668.6,10713.3,10630.25,10699.9,208371545
04/07/2018,10715,10777.15,10677.75,10769.9,179268271
05/07/2018,10786.05,10786.05,10726.25,10749.75,227267176
06/07/2018,10744.15,10816.35,10735.05,10772.65,256547706
09/07/2018,10838.3,10860.35,10807.15,10852.9,189331016
10/07/2018,10902.75,10956.9,10876.65,10947.25,203061980
11/07/2018,10956.4,10976.65,10923,10948.3,229211999
12/07/2018,11006.95,11078.3,10999.65,11023.2,256034815
13/07/2018,11056.9,11071.35,10999.75,11018.9,241670818
16/07/2018,11018.95,11019.5,10926.25,10936.85,216971413
17/07/2018,10939.65,11018.5,10925.6,11008.05,217107580
18/07/2018,11060.2,11076.2,10956.3,10980.45,232502459
19/07/2018,10999.5,11006.5,10935.45,10957.1,222056399
20/07/2018,10963.5,11030.25,10946.2,11010.2,193144113
23/07/2018,11019.85,11093.4,11010.95,11084.75,236153085
24/07/2018,11109,11143.4,11092.5,11134.3,212247395
25/07/2018,11148.4,11157.15,11113.25,11132,212333169
26/07/2018,11132.95,11185.85,11125.7,11167.3,376657398
27/07/2018,11232.75,11283.4,11210.25,11278.35,324343457
30/07/2018,11296.65,11328.1,11261.45,11319.55,287435926
31/07/2018,11311.05,11366,11267.75,11356.5,264430889
01/08/2018,11359.8,11390.55,11313.55,11346.2,278012697
02/08/2018,11328.9,11328.9,11234.95,11244.7,216533127
03/08/2018,11297.8,11368,11294.55,11360.8,225146360
06/08/2018,11401.5,11427.65,11370.6,11387.1,210002582
07/08/2018,11423.15,11428.95,11359.7,11389.45,233409612
08/08/2018,11412.5,11459.95,11379.3,11450,217047641
09/08/2018,11493.25,11495.2,11454.1,11470.7,311521403
10/08/2018,11474.95,11478.75,11419.65,11429.5,336424182
13/08/2018,11369.6,11406.3,11340.3,11355.75,254466760
14/08/2018,11381.7,11452.45,11370.8,11435.1,239841680
16/08/2018,11397.15,11449.85,11366.25,11385.05,299610298
17/08/2018,11437.15,11486.45,11431.8,11470.75,241985503
20/08/2018,11502.1,11565.3,11499.65,11551.75,239843358
21/08/2018,11576.2,11581.75,11539.6,11570.9,231063669
23/08/2018,11620.7,11620.7,11546.7,11582.75,256163842
24/08/2018,11566.6,11604.6,11532,11557.1,225604574
27/08/2018,11605.85,11700.95,11595.6,11691.95,205689327
28/08/2018,11731.95,11760.2,11710.5,11738.5,249420312
29/08/2018,11744.95,11753.2,11678.85,11691.9,259351550
30/08/2018,11694.75,11698.8,11639.7,11676.8,323450305
31/08/2018,11675.85,11727.65,11640.1,11680.5,357230312
03/09/2018,11751.8,11751.8,11567.4,11582.35,241726864
04/09/2018,11598.75,11602.55,11496.85,11520.3,262701030
05/09/2018,11514.85,11542.65,11393.85,11476.95,253689858
06/09/2018,11514.15,11562.25,11436.05,11536.9,255558129
07/09/2018,11558.25,11603,11484.4,11589.1,305029077
10/09/2018,11570.25,11573,11427.3,11438.1,295597988
11/09/2018,11476.85,11479.4,11274,11287.5,318093125
12/09/2018,11340.1,11380.75,11250.2,11369.9,276509748
14/09/2018,11443.5,11523.25,11430.55,11515.2,285218296
17/09/2018,11464.95,11464.95,11366.9,11377.75,207620518
18/09/2018,11381.55,11411.45,11268.95,11278.9,248298794
19/09/2018,11326.65,11332.05,11210.9,11234.35,258424384
21/09/2018,11271.3,11346.8,10866.45,11143.1,741153209
24/09/2018,11164.4,11170.15,10943.6,10967.4,398815949
25/09/2018,10969.95,11080.6,10882.85,11067.45,417548830
26/09/2018,11145.55,11145.55,10993.05,11053.8,351041146
27/09/2018,11079.8,11089.45,10953.35,10977.55,418210067
28/09/2018,11008.1,11034.1,10850.3,10930.45,492894147
01/10/2018,10930.9,11035.65,10821.55,11008.3,398987274
03/10/2018,10982.7,10989.05,10843.75,10858.25,398756507
04/10/2018,10754.7,10754.7,10547.25,10599.25,438202008
05/10/2018,10514.1,10540.65,10261.9,10316.45,625153832
08/10/2018,10310.15,10398.35,10198.4,10348.05,470279031
09/10/2018,10390.3,10397.6,10279.35,10301.05,443795275
10/10/2018,10331.85,10482.35,10318.25,10460.1,373844130
11/10/2018,10169.8,10335.95,10138.6,10234.65,498509417
12/10/2018,10331.55,10492.45,10322.15,10472.5,354056762
15/10/2018,10524.2,10526.3,10410.15,10512.5,267517728
16/10/2018,10550.15,10604.9,10525.3,10584.75,273444095
17/10/2018,10688.7,10710.15,10436.45,10453.05,293586908
19/10/2018,10339.7,10380.1,10249.6,10303.55,368552204
22/10/2018,10405.85,10408.55,10224,10245.25,306472776
23/10/2018,10152.6,10222.1,10102.35,10146.8,312042090
24/10/2018,10278.15,10290.65,10126.7,10224.75,362272428
25/10/2018,10135.05,10166.6,10079.3,10124.9,522421914
26/10/2018,10122.35,10128.85,10004.55,10030,375563273
29/10/2018,10078.1,10275.3,10020.35,10250.85,375749433
30/10/2018,10239.4,10285.1,10175.35,10198.4,298753965
31/10/2018,10209.55,10396,10105.1,10386.6,386618948
01/11/2018,10441.7,10441.9,10341.9,10380.45,359340403
02/11/2018,10462.3,10606.95,10457.7,10553,434175607
05/11/2018,10558.75,10558.8,10477,10524,311176379
06/11/2018,10552,10600.25,10491.45,10530,309878810
07/11/2018,10614.45,10616.45,10582.3,10598.4,32194181
09/11/2018,10614.7,10619.55,10544.85,10585.2,305817331
12/11/2018,10607.8,10645.5,10464.05,10482.2,267710127
13/11/2018,10451.9,10596.25,10440.55,10582.5,262541595
14/11/2018,10634.9,10651.6,10532.7,10576.3,396373781
15/11/2018,10580.6,10646.5,10557.5,10616.7,306011926
16/11/2018,10644,10695.15,10631.15,10682.2,353384918
19/11/2018,10731.25,10774.7,10688.8,10763.4,280522364
20/11/2018,10740.1,10740.85,10640.85,10656.2,304322623
21/11/2018,10670.95,10671.3,10562.35,10600.05,310191008
22/11/2018,10612.65,10646.25,10512,10526.75,246926671
26/11/2018,10568.3,10637.8,10489.75,10628.6,332863041
27/11/2018,10621.45,10695.15,10596.35,10685.6,382834178
28/11/2018,10708.75,10757.8,10699.85,10728.85,437627174
29/11/2018,10808.7,10883.05,10782.35,10858.7,712650890
30/11/2018,10892.1,10922.45,10835.1,10876.75,467857329
03/12/2018,10930.7,10941.2,10845.35,10883.75,422358631
04/12/2018,10877.1,10890.95,10833.35,10869.5,332137359
05/12/2018,10820.45,10821.05,10747.95,10782.9,322019985
06/12/2018,10718.15,10722.65,10588.25,10601.15,328275196
07/12/2018,10644.8,10704.55,10599.35,10693.7,335849636
10/12/2018,10508.7,10558.85,10474.95,10488.45,393097292
11/12/2018,10350.05,10567.15,10333.85,10549.15,438699334
12/12/2018,10591,10752.2,10560.8,10737.6,371697496
13/12/2018,10810.75,10838.6,10749.5,10791.55,387810061
14/12/2018,10784.5,10815.75,10752.1,10805.45,350579275
17/12/2018,10853.2,10900.35,10844.85,10888.35,306145514
18/12/2018,10850.9,10915.4,10819.1,10908.7,294942271
19/12/2018,10930.55,10985.15,10928,10967.3,321801803
20/12/2018,10885.2,10962.55,10880.05,10951.7,328802751
21/12/2018,10944.25,10963.65,10738.65,10754,389235107
24/12/2018,10780.9,10782.3,10649.25,10663.5,230291344
26/12/2018,10635.45,10747.5,10534.55,10729.85,271942701
27/12/2018,10817.9,10834.2,10764.45,10779.8,470160392
28/12/2018,10820.95,10893.6,10817.15,10859.9,253086507
31/12/2018,10913.2,10923.55,10853.2,10862.55,186494657
01/01/2019,10881.7,10923.6,10807.1,10910.1,159404542
02/01/2019,10868.85,10895.35,10735.05,10792.5,309665939
03/01/2019,10796.8,10814.05,10661.25,10672.25,286241745
04/01/2019,10699.7,10741.05,10628.65,10727.35,296596655
07/01/2019,10804.85,10835.95,10750.15,10771.8,269371080
08/01/2019,10786.25,10818.45,10733.25,10802.15,277697672
09/01/2019,10862.4,10870.4,10749.4,10855.15,333010535
10/01/2019,10859.35,10859.35,10801.8,10821.6,254365477
11/01/2019,10834.75,10850.15,10739.4,10794.95,260792200
14/01/2019,10807,10808,10692.35,10737.6,298774178
15/01/2019,10777.55,10896.95,10777.55,10886.8,310737078
16/01/2019,10899.65,10928.15,10876.9,10890.3,276539042
17/01/2019,10920.85,10930.65,10844.65,10905.2,271676319
18/01/2019,10914.85,10928.2,10852.2,10906.95,323814108
21/01/2019,10919.35,10987.45,10885.75,10961.85,288829125
22/01/2019,10949.8,10949.8,10864.15,10922.75,300768112
23/01/2019,10931.05,10944.8,10811.95,10831.5,298876314
24/01/2019,10844.05,10866.6,10798.65,10849.8,361082096
25/01/2019,10859.75,10931.7,10756.45,10780.55,463444758
28/01/2019,10792.45,10804.45,10630.95,10661.55,419682627
29/01/2019,10653.7,10690.35,10583.65,10652.2,356908994
30/01/2019,10702.25,10710.2,10612.85,10651.8,410107910
31/01/2019,10690.55,10838.05,10678.55,10830.95,604818027
01/02/2019,10851.35,10983.45,10813.45,10893.65,482272661
04/02/2019,10876.75,10927.9,10814.15,10912.25,318300039
05/02/2019,10908.65,10956.7,10886.7,10934.35,268095127
06/02/2019,10965.1,11072.6,10962.7,11062.45,298510497
07/02/2019,11070.45,11118.1,11043.6,11069.4,263544426
08/02/2019,11023.5,11041.2,10925.45,10943.6,352787419
11/02/2019,10930.9,10930.9,10857.1,10888.8,285985383
12/02/2019,10879.7,10910.9,10823.8,10831.4,292314643
14/02/2019,10786.1,10792.7,10718.75,10746.05,627041405
15/02/2019,10780.25,10785.75,10620.4,10724.4,521876968
18/02/2019,10738.65,10759.9,10628.4,10640.95,345440240
19/02/2019,10636.7,10722.85,10585.65,10604.35,291507060
20/02/2019,10655.45,10752.7,10646.4,10735.45,289195306
21/02/2019,10744.1,10808.85,10721.5,10789.85,279584955
22/02/2019,10782.7,10801.55,10758.4,10791.65,396846597
25/02/2019,10813.25,10887.1,10788.05,10880.1,385905142
26/02/2019,10775.3,10888.75,10729.3,10835.3,414954476
27/02/2019,10881.2,10939.7,10751.2,10806.65,381080073
28/02/2019,10865.7,10865.7,10784.85,10792.5,644159018
01/03/2019,10842.65,10877.9,10823.1,10863.5,308526309
05/03/2019,10864.85,10994.9,10817,10987.45,373220239
06/03/2019,11024.85,11062.3,10998.85,11053,372550850
07/03/2019,11077.95,11089.05,11027.1,11058.2,321208766
08/03/2019,11038.85,11049,11008.95,11035.4,326569833
11/03/2019,11068.75,11180.9,11059.85,11168.05,352242287
12/03/2019,11231.35,11320.4,11227,11301.2,391310519
13/03/2019,11326.2,11352.3,11276.6,11341.7,382996187
14/03/2019,11382.5,11383.45,11313.75,11343.25,294480678
15/03/2019,11376.85,11487,11370.8,11426.85,463704896
18/03/2019,11473.85,11530.15,11412.5,11462.2,320250041
19/03/2019,11500.3,11543.85,11451.25,11532.4,326099667
20/03/2019,11553.35,11556.1,11503.1,11521.05,366298049
22/03/2019,11549.2,11572.8,11434.55,11456.9,386193935
25/03/2019,11395.65,11395.65,11311.6,11354.25,294459196
26/03/2019,11375.2,11496.75,11352.45,11483.25,282575496
27/03/2019,11531.45,11546.2,11413,11445.05,350446089
28/03/2019,11463.65,11588.5,11452.45,11570,527678809
01/04/2019,11665.2,11738.1,11644.75,11669.15,379572660
02/04/2019,11711.55,11729.35,11655.85,11713.2,386131413
03/04/2019,11735.3,11761,11629.15,11643.95,365760070
04/04/2019,11660.2,11662.55,11559.2,11598,349029830
05/04/2019,11638.4,11689.65,11609.5,11665.95,266665797
08/04/2019,11704.35,11710.3,11549.1,11604.5,260932608
09/04/2019,11612.05,11683.9,11569.7,11671.95,300467538
10/04/2019,11646.85,11680.05,11571.75,11584.3,359941110
11/04/2019,11592.55,11606.7,11550.55,11596.7,279775726
12/04/2019,11612.85,11657.35,11578.8,11643.45,246006184
15/04/2019,11667,11704.6,11648.25,11690.35,289996075
16/04/2019,11736.2,11810.95,11731.55,11787.15,354315040
18/04/2019,11856.15,11856.15,11738.5,11752.8,339653709
22/04/2019,11727.05,11727.05,11583.95,11594.45,260356055
23/04/2019,11612.95,11645.95,11564.8,11575.95,272544486
24/04/2019,11601.5,11740.85,11578.85,11726.15,335196513
25/04/2019,11735.7,11796.75,11624.3,11641.8,604360395
26/04/2019,11683.75,11762.9,11661.75,11754.65,333483764
30/04/2019,11748.75,11756.25,11655.9,11748.15,532630874
02/05/2019,11725.55,11789.3,11699.55,11724.75,380278045
03/05/2019,11722.6,11770.9,11699.35,11712.25,305519934
06/05/2019,11605.8,11632.55,11571.35,11598.25,299046480
07/05/2019,11651.5,11657.05,11484.45,11497.9,337495624
08/05/2019,11478.7,11479.1,11346.95,11359.45,372826025
09/05/2019,11322.4,11357.6,11255.05,11301.8,373028059
10/05/2019,11314.15,11345.8,11251.05,11278.9,387323416
13/05/2019,11258.7,11300.2,11125.6,11148.2,357586433
14/05/2019,11151.65,11294.75,11108.3,11222.05,398122725
15/05/2019,11271.7,11286.8,11136.95,11157,414174258
16/05/2019,11180.35,11281.55,11143.35,11257.1,350734572
17/05/2019,11261.9,11426.15,11259.85,11407.15,412109200
20/05/2019,11651.9,11845.2,11591.7,11828.25,452096261
21/05/2019,11863.65,11883.55,11682.8,11709.1,381038129
22/05/2019,11727.95,11784.8,11682.4,11737.9,355870667
23/05/2019,11901.3,12041.15,11614.5,11657.05,569030654
24/05/2019,11748,11859,11658.1,11844.1,374637415
27/05/2019,11855.5,11957.15,11812.4,11924.75,348356214
28/05/2019,11958.35,11958.55,11864.9,11928.75,598308334
29/05/2019,11905.8,11931.9,11836.8,11861.1,318068673
30/05/2019,11865.3,11968.55,11859.4,11945.9,421199867
31/05/2019,11999.8,12039.25,11829.45,11922.8,438879129
03/06/2019,11953.75,12103.05,11920.1,12088.55,315296955
04/06/2019,12052.65,12095.2,12005.85,12021.65,289221904
06/06/2019,12039.8,12039.8,11830.25,11843.75,415206942
07/06/2019,11865.2,11897.5,11769.5,11870.65,302455910
10/06/2019,11934.9,11975.05,11871.75,11922.7,303329445
11/06/2019,11959.85,12000.35,11904.35,11965.6,332181958
12/06/2019,11962.45,11962.45,11866.35,11906.2,283718253
13/06/2019,11873.9,11931.35,11817.05,11914.05,447901993
14/06/2019,11910.1,11911.85,11797.7,11823.3,390294634
17/06/2019,11844,11844.05,11657.75,11672.15,295528399
18/06/2019,11677.05,11727.2,11641.15,11691.5,365525622
19/06/2019,11744.45,11802.5,11625.1,11691.45,446933027
20/06/2019,11653.65,11843.5,11635.05,11831.75,442016954
21/06/2019,11827.6,11827.95,11705.1,11724.1,468430388
24/06/2019,11725.8,11754,11670.2,11699.65,277620788
25/06/2019,11681,11814.4,11651,11796.45,300476353
26/06/2019,11768.15,11871.85,11757.55,11847.55,327885018
27/06/2019,11860.85,11911.15,11821.05,11841.55,480169350
28/06/2019,11861.15,11871.7,11775.5,11788.85,303888701
01/07/2019,11839.9,11884.65,11830.8,11865.6,278415889
02/07/2019,11890.3,11917.45,11814.7,11910.3,363197036
03/07/2019,11932.15,11945.2,11887.05,11916.75,340527508
04/07/2019,11928.8,11969.25,11923.65,11946.75,333595172
05/07/2019,11964.75,11981.75,11797.9,11811.15,530720039
08/07/2019,11770.4,11771.9,11523.3,11558.6,464029444
09/07/2019,11531.6,11582.55,11461,11555.9,442520253
10/07/2019,11536.15,11593.7,11475.65,11498.9,337571014
11/07/2019,11561.45,11599,11519.5,11582.9,317257578
12/07/2019,11601.15,11639.55,11538.6,11552.5,359421182
15/07/2019,11614.75,11618.4,11532.3,11588.35,368788782
16/07/2019,11596.65,11670.05,11573.95,11662.6,480156167
17/07/2019,11670.75,11706.65,11651.15,11687.5,464827734
18/07/2019,11675.6,11677.15,11582.4,11596.9,498258158
19/07/2019,11627.95,11640.35,11399.3,11419.25,446049198
22/07/2019,11392.85,11398.15,11301.25,11346.2,516044335
23/07/2019,11372.25,11398.15,11302.8,11331.05,458931191
24/07/2019,11322.45,11359.75,11229.8,11271.3,413202832
25/07/2019,11290.4,11361.4,11239.35,11252.15,553676897
26/07/2019,11247.45,11307.6,11210.05,11284.3,522670420
29/07/2019,11307.5,11310.95,11152.4,11189.2,482862376
30/07/2019,11213.7,11267.45,11072.65,11085.4,479059399
31/07/2019,11034.05,11145.3,10999.4,11118,536694278
01/08/2019,11060.2,11076.75,10881,10980,499918953
02/08/2019,10930.3,11080.15,10848.95,10997.35,547416246
05/08/2019,10895.8,10895.8,10782.6,10862.6,506556609
06/08/2019,10815.4,11018.55,10813.8,10948.25,517891491
07/08/2019,10958.1,10975.65,10835.9,10855.5,548465787
08/08/2019,10899.2,11058.05,10842.95,11032.45,482471622
09/08/2019,11087.9,11181.45,11062.8,11109.65,538063563
13/08/2019,11139.4,11145.9,10901.6,10925.85,624634647
14/08/2019,11003.25,11078.15,10935.6,11029.4,511541716
16/08/2019,11043.65,11068.65,10924.3,11047.8,470909918
19/08/2019,11094.8,11146.9,11037.85,11053.9,369493161
20/08/2019,11063.9,11076.3,10985.3,11017,444715679
21/08/2019,11018.15,11034.2,10906.65,10918.7,557867906
22/08/2019,10905.3,10908.25,10718.3,10741.35,668193449
23/08/2019,10699.6,10862.55,10637.15,10829.35,667079625
26/08/2019,11000.3,11070.3,10756.55,11057.85,684141923
27/08/2019,11106.55,11141.75,11049.5,11105.35,685551267
28/08/2019,11101.3,11129.65,10987.65,11046.1,549954696
29/08/2019,10996.05,11021.1,10922.4,10948.3,649876160
30/08/2019,10987.8,11042.6,10874.8,11023.25,628154431
03/09/2019,10960.95,10967.5,10772.7,10797.9,483038985
04/09/2019,10790.4,10858.75,10746.35,10844.65,508784352
05/09/2019,10860.95,10920.1,10816,10847.9,595699267
06/09/2019,10883.8,10957.05,10867.45,10946.2,497214445
09/09/2019,10936.7,11028.85,10889.8,11003.05,412471067
11/09/2019,11028.5,11054.8,11011.65,11035.7,687140326
12/09/2019,11058.3,11081.75,10964.95,10982.8,551436050
13/09/2019,10986.8,11084.45,10945.75,11075.9,624305151
16/09/2019,10994.85,11052.7,10968.2,11003.5,434449776
17/09/2019,11000.1,11000.1,10796.5,10817.6,482013044
18/09/2019,10872.8,10885.15,10804.85,10840.65,519155072
19/09/2019,10845.2,10845.2,10670.25,10704.8,642599183
20/09/2019,10746.8,11381.9,10691,11274.2,1356767450
23/09/2019,11542.7,11694.85,11471.35,11600.2,882826741
24/09/2019,11590.7,11655.05,11539.2,11588.2,651722255
25/09/2019,11564.85,11564.95,11416.1,11440.2,629054640
26/09/2019,11469.85,11610.85,11466.35,11571.2,844465614
27/09/2019,11556.35,11593.6,11499.75,11512.4,650017280
30/09/2019,11491.15,11508.25,11390.8,11474.45,756848686
01/10/2019,11515.4,11554.2,11247.9,11359.9,1305415159
03/10/2019,11322.25,11370.4,11257.35,11314,1017479514
04/10/2019,11388.45,11400.3,11158.35,11174.75,928524450
07/10/2019,11196.2,11233.85,11112.65,11126.4,733198763
09/10/2019,11152.95,11321.6,11090.15,11313.3,741148639
10/10/2019,11280.5,11293.35,11208.55,11234.55,562017945
11/10/2019,11257.7,11362.9,11189.4,11305.05,737795150
14/10/2019,11335.9,11420.45,11290.05,11341.15,587579191
15/10/2019,11360.85,11462.35,11342.1,11428.3,527396180
16/10/2019,11464.95,11481.05,11411.1,11464,533468525
17/10/2019,11466.3,11599.1,11439.65,11586.35,797572398
18/10/2019,11580.3,11684.7,11553.15,11661.85,853440208
22/10/2019,11657.15,11714.35,11573.65,11588.35,867601307
23/10/2019,11596.2,11651.6,11554.4,11604.1,664159887
24/10/2019,11661.65,11679.6,11534.65,11582.6,700481662
25/10/2019,11646.15,11646.9,11490.75,11583.9,812027840
29/10/2019,11643.95,11809.4,11627.35,11786.85,951722529
30/10/2019,11883.9,11883.95,11784.45,11844.1,725219760
31/10/2019,11890.45,11945,11855.1,11877.45,1414837250
01/11/2019,11886.6,11918.3,11843.35,11890.6,855338495
04/11/2019,11928.9,11989.15,11905.35,11941.3,823050457
05/11/2019,11974.6,11978.95,11861.9,11917.2,631952071
06/11/2019,11911.5,12002.9,11850.25,11966.05,603351290
07/11/2019,12021.1,12021.4,11946.85,12012.05,562963817
08/11/2019,11987.15,12034.15,11888.75,11908.15,789254360
11/11/2019,11879.2,11932.65,11853.95,11913.45,548979515
13/11/2019,11908.3,11946.8,11823.2,11840.45,659035969
14/11/2019,11858.75,11895.65,11802.65,11872.1,559494025
15/11/2019,11904.2,11973.65,11879.25,11895.45,580154179
18/11/2019,11915.15,11946.2,11867.6,11884.5,514352437
19/11/2019,11919.45,11958.85,11881.75,11940.1,613909679
20/11/2019,12004.75,12038.6,11966.05,11999.1,646661147
21/11/2019,12025.65,12028.2,11956.9,11968.4,557685781
22/11/2019,11967.3,11968.1,11883.5,11914.4,486815185
25/11/2019,11922.45,12084.5,11919.75,12073.75,534289467
26/11/2019,12110.2,12132.45,12006.35,12037.7,1201335831
27/11/2019,12068.5,12114.9,12055.15,12100.7,584226618
28/11/2019,12132.1,12158.8,12099.95,12151.15,620479403
29/11/2019,12146.2,12147.4,12017.4,12056.05,804430391
02/12/2019,12137.05,12137.15,12023.7,12048.2,720945335
03/12/2019,12067.65,12068.6,11956.4,11994.2,605789334
04/12/2019,11969.95,12054.7,11935.3,12043.2,747193818
05/12/2019,12071.25,12081.2,11998.75,12018.4,562228745
06/12/2019,12047.35,12057.05,11888.85,11921.5,609221205
09/12/2019,11939.1,11981.95,11888.05,11937.5,599115748
10/12/2019,11950.5,11953.2,11844.7,11856.8,650219487
11/12/2019,11867.35,11923.2,11832.3,11910.15,997655048
12/12/2019,11944.3,12005.5,11934,11971.8,752617138
13/12/2019,12026.4,12098.85,12023.6,12086.7,597712516
16/12/2019,12131.35,12134.65,12046.3,12053.95,437703921
17/12/2019,12082.45,12182.75,12070.35,12165,499585789
18/12/2019,12197,12237.7,12163.45,12221.65,518854651
19/12/2019,12223.4,12268.35,12191.15,12259.7,623049839
20/12/2019,12266.45,12293.9,12252.75,12271.8,810676090
23/12/2019,12235.45,12287.15,12213.25,12262.75,604782354
24/12/2019,12269.25,12283.7,12202.1,12214.55,470290298
26/12/2019,12211.85,12221.55,12118.85,12126.55,520326632
27/12/2019,12172.9,12258.45,12157.9,12245.8,383788556
30/12/2019,12274.9,12286.45,12213.8,12255.85,411084614
31/12/2019,12247.1,12247.1,12151.8,12168.45,426931711
01/01/2020,12202.15,12222.2,12165.3,12182.5,304078039
02/01/2020,12198.55,12289.9,12195.25,12282.2,407697594
03/01/2020,12261.1,12265.6,12191.35,12226.65,428770054
06/01/2020,12170.6,12179.1,11974.2,11993.05,396501419
07/01/2020,12079.1,12152.15,12005.35,12052.95,447818617
08/01/2020,11939.1,12044.95,11929.6,12025.35,445991640
09/01/2020,12153.15,12224.05,12132.55,12215.9,477469878
10/01/2020,12271,12311.2,12213.2,12256.8,660627930
13/01/2020,12296.7,12337.75,12285.8,12329.55,500968242
14/01/2020,12333.1,12374.25,12308.7,12362.3,616260555
15/01/2020,12349.4,12355.15,12278.75,12343.3,684352965
16/01/2020,12347.1,12389.05,12315.8,12355.5,395670245
17/01/2020,12328.4,12385.45,12321.4,12352.35,502060615
20/01/2020,12430.5,12430.5,12216.9,12224.55,491609317
21/01/2020,12195.3,12230.05,12162.3,12169.85,443976442
22/01/2020,12218.35,12225.05,12087.9,12106.9,526294513
23/01/2020,12123.75,12189,12094.1,12180.35,867653663
24/01/2020,12174.55,12272.15,12149.65,12248.25,593237908
27/01/2020,12197.1,12216.6,12107,12119,441158138
28/01/2020,12148.1,12163.55,12024.5,12055.8,478484057
29/01/2020,12114.9,12169.6,12103.8,12129.5,514362340
30/01/2020,12147.75,12150.3,12010.6,12035.8,538138743
31/01/2020,12100.4,12103.55,11945.85,11962.1,771278258
03/02/2020,11627.45,11749.85,11614.5,11707.9,669815788
04/02/2020,11786.25,11986.15,11783.4,11979.65,560430291
05/02/2020,12005.85,12098.15,11953.35,12089.15,758032580
06/02/2020,12120,12160.6,12084.65,12137.95,565116236
07/02/2020,12151.15,12154.7,12073.95,12098.35,473475144
10/02/2020,12102.35,12103.55,11990.75,12031.5,525674715
11/02/2020,12108.4,12172.3,12099,12107.9,480491557
12/02/2020,12151,12231.75,12144.3,12201.2,412399174
13/02/2020,12219.55,12225.65,12139.8,12174.65,501510138
14/02/2020,12190.15,12246.7,12091.2,12113.45,623053270
17/02/2020,12131.8,12159.6,12037,12045.8,455412408
18/02/2020,12028.25,12030.75,11908.05,11992.5,677307424
19/02/2020,12090.6,12134.7,12042.1,12125.9,514030605
20/02/2020,12119,12152,12071.45,12080.85,502875583
24/02/2020,12012.55,12012.55,11813.4,11829.4,491224913
25/02/2020,11877.5,11883.05,11779.9,11797.9,461349973
26/02/2020,11738.55,11783.25,11639.6,11678.5,567990976
27/02/2020,11661.25,11663.85,11536.7,11633.3,609266324
28/02/2020,11382,11384.8,11175.05,11201.75,810523106
02/03/2020,11387.35,11433,11036.25,11132.75,681148567
03/03/2020,11217.55,11342.25,11152.55,11303.3,696919348
04/03/2020,11351.35,11356.6,11082.15,11251,798021596
05/03/2020,11306.05,11389.5,11244.6,11269,1353209029
06/03/2020,10942.65,11035.1,10827.4,10989.45,1811564187
09/03/2020,10742.05,10751.55,10294.45,10451.45,1566119057
11/03/2020,10334.3,10545.1,10334,10458.4,1219079693
12/03/2020,10039.95,10040.75,9508,9590.15,1344263317
13/03/2020,9107.6,10159.4,8555.15,9955.2,1389061775
16/03/2020,9587.8,9602.2,9165.1,9197.4,898523271
17/03/2020,9285.4,9403.8,8915.6,8967.05,936185892
18/03/2020,9088.45,9127.55,8407.05,8468.8,1517275761
19/03/2020,8063.3,8575.45,7832.55,8263.45,926508824
20/03/2020,8284.45,8883,8178.2,8745.45,1072263600
23/03/2020,7945.7,8159.25,7583.6,7610.25,654151814
24/03/2020,7848.3,8036.95,7511.1,7801.05,739354439
25/03/2020,7735.15,8376.75,7714.75,8317.85,738114713
26/03/2020,8451,8749.05,8304.9,8641.45,866534643
27/03/2020,8949.1,9038.9,8522.9,8660.25,801923401
30/03/2020,8385.95,8576,8244,8281.1,593953051
31/03/2020,8529.35,8678.3,8358,8597.75,713390935
01/04/2020,8584.1,8588.1,8198.35,8253.8,507509685
03/04/2020,8356.55,8356.55,8055.8,8083.8,697752438
07/04/2020,8446.3,8819.4,8360.95,8792.2,815245226
08/04/2020,8688.9,9131.7,8653.9,8748.75,897562690
09/04/2020,8973.05,9128.35,8904.55,9111.9,743036134
13/04/2020,9103.95,9112.05,8912.4,8993.85,644468815
15/04/2020,9196.4,9261.2,8874.1,8925.3,880159358
16/04/2020,8851.25,9053.75,8821.9,8992.8,720116479
17/04/2020,9323.45,9324,9091.35,9266.75,684910520
20/04/2020,9390.2,9390.85,9230.8,9261.85,726364699
21/04/2020,9016.95,9044.4,8909.4,8981.45,655122903
22/04/2020,9026.75,9209.75,8946.25,9187.3,734383388
23/04/2020,9232.35,9343.6,9170.15,9313.9,666650462
24/04/2020,9163.9,9296.9,9141.3,9154.4,659439249
27/04/2020,9259.7,9377.1,9250.35,9282.3,512793298
28/04/2020,9389.8,9404.4,9260,9380.9,614548983
29/04/2020,9408.6,9599.85,9392.35,9553.35,653026950
30/04/2020,9753.5,9889.05,9731.5,9859.9,931173802
04/05/2020,9533.5,9533.5,9266.95,9293.5,687487134
05/05/2020,9429.4,9450.9,9190.75,9205.6,725196178
06/05/2020,9226.8,9346.9,9116.5,9270.9,722185448
07/05/2020,9234.05,9277.85,9175.9,9199.05,708740416
08/05/2020,9376.95,9382.65,9238.2,9251.5,609053504
11/05/2020,9348.15,9439.9,9219.95,9239.2,704647074
12/05/2020,9168.85,9240.85,9043.95,9196.55,805458787
13/05/2020,9584.2,9584.5,9351.1,9383.55,846395245
14/05/2020,9213.95,9281.1,9119.75,9142.75,602555564
15/05/2020,9182.4,9182.4,9050,9136.85,575857112
18/05/2020,9158.3,9158.3,8806.75,8823.25,772983297
19/05/2020,8961.7,9030.35,8855.3,8879.1,762152894
20/05/2020,8889.15,9093.8,8875.35,9066.55,622308140
21/05/2020,9079.45,9178.55,9056.1,9106.25,631542699
22/05/2020,9067.9,9149.6,8968.55,9039.25,675759336
26/05/2020,9099.75,9161.65,8996.65,9029.05,654959960
27/05/2020,9082.2,9334,9004.25,9314.95,763492487
28/05/2020,9364.95,9511.25,9336.5,9490.1,837911425
29/05/2020,9422.2,9598.85,9376.9,9580.3,967005438
01/06/2020,9726.85,9931.6,9706.95,9826.15,794183122
02/06/2020,9880.85,9995.6,9824.05,9979.1,770192848
03/06/2020,10108.3,10176.2,10035.55,10061.55,794664422
04/06/2020,10054.25,10123.85,9944.25,10029.1,775106567
05/06/2020,10093.8,10177.8,10040.75,10142.15,987122302
08/06/2020,10326.75,10328.5,10120.25,10167.45,936485541
09/06/2020,10181.15,10291.15,10021.45,10046.65,754217460
10/06/2020,10072.6,10148.75,10036.85,10116.15,632383068
11/06/2020,10094.1,10112.05,9885.05,9902,715453486
12/06/2020,9544.95,9996.05,9544.35,9972.9,796306399
15/06/2020,9919.35,9943.35,9726.35,9813.7,716053036
16/06/2020,10014.8,10046.15,9728.5,9914,899895044
17/06/2020,9876.7,10003.6,9833.8,9881.15,685418390
18/06/2020,9863.25,10111.2,9845.05,10091.65,622895963
19/06/2020,10119,10272.4,10072.65,10244.4,892096343
22/06/2020,10318.75,10393.65,10277.6,10311.2,685385093
23/06/2020,10347.95,10484.7,10301.75,10471,669195109
24/06/2020,10529.25,10553.15,10281.95,10305.3,854799801
25/06/2020,10235.55,10361.8,10194.5,10288.9,994190886
26/06/2020,10378.9,10409.85,10311.25,10383,671910159
29/06/2020,10311.95,10337.95,10223.6,10312.4,574544482
30/06/2020,10382.6,10401.05,10267.35,10302.1,556238560
01/07/2020,10323.8,10447.05,10299.6,10430.05,573550127
02/07/2020,10493.05,10598.2,10485.55,10551.7,597423931
03/07/2020,10614.95,10631.3,10562.65,10607.35,525190704
06/07/2020,10723.85,10811.4,10695.1,10763.65,571212914
07/07/2020,10802.85,10813.8,10689.7,10799.65,636764929
08/07/2020,10818.65,10847.85,10676.55,10705.75,767941333
09/07/2020,10755.55,10836.85,10733,10813.45,618652409
10/07/2020,10764.1,10819.4,10713,10768.05,590705425
13/07/2020,10851.85,10894.05,10756.05,10802.7,554050579
14/07/2020,10750.85,10755.65,10562.9,10607.35,532368699
15/07/2020,10701,10827.45,10577.75,10618.2,715901258
16/07/2020,10706.2,10755.3,10595.2,10739.95,694402635
17/07/2020,10752,10933.45,10749.65,10901.7,676881092
20/07/2020,10999.45,11037.9,10953,11022.2,554306867
21/07/2020,11126.1,11179.55,11113.25,11162.25,771998838
22/07/2020,11231.2,11238.1,11056.55,11132.6,765074288
23/07/2020,11135,11239.8,11103.15,11215.45,621575333
24/07/2020,11149.95,11225.4,11090.3,11194.15,678935175
27/07/2020,11225,11225,11087.85,11131.8,588148687
28/07/2020,11154.1,11317.75,11151.4,11300.55,683891350
29/07/2020,11276.9,11341.4,11149.75,11202.85,600726301
30/07/2020,11254.3,11299.95,11084.95,11102.15,677761342
31/07/2020,11139.5,11150.4,11026.65,11073.45,642560311
03/08/2020,11057.55,11058.05,10882.25,10891.6,680929323
04/08/2020,10946.65,11112.25,10908.1,11095.25,625738313
05/08/2020,11155.75,11225.65,11064.05,11101.65,667639446
06/08/2020,11185.7,11256.8,11127.3,11200.15,600374615
07/08/2020,11186.65,11231.9,11142.05,11214.05,452629891
10/08/2020,11270.25,11337.3,11238,11270.15,491999534
11/08/2020,11322.25,11373.6,11299.15,11322.5,586084846
12/08/2020,11289,11322,11242.65,11308.4,609858960
13/08/2020,11334.85,11359.3,11269.95,11300.45,562355175
14/08/2020,11353.3,11366.25,11111.45,11178.4,645109756
17/08/2020,11248.9,11267.1,11144.5,11247.1,633963958
18/08/2020,11259.8,11401.7,11253.15,11385.35,579242492
19/08/2020,11452.15,11460.35,11394.1,11408.4,626217997
20/08/2020,11317.45,11361.45,11289.8,11312.2,791587770
21/08/2020,11409.65,11418.5,11362.2,11371.6,668719170
24/08/2020,11412,11497.25,11410.65,11466.45,532900535
25/08/2020,11513.1,11525.9,11423.35,11472.25,638152608
26/08/2020,11512.85,11561.75,11461.85,11549.6,743442521
27/08/2020,11609.3,11617.35,11540.6,11559.25,719776490
28/08/2020,11602.95,11686.05,11589.4,11647.6,806997707
