,open,high,low,close,volume
2020-01-01 00:00:00+00:00,0.701,0.701,0.701,0.701,2629000.0
2020-01-02 00:00:00+00:00,0.701,0.6990000000000001,0.701,0.6990000000000001,24000.0
2020-01-02 04:00:00+00:00,0.701,0.6990000000000001,0.701,0.6990000000000001,5760000.0
2020-01-02 08:00:00+00:00,0.701,0.7,0.6990000000000001,0.7,8218000.0
2020-01-02 12:00:00+00:00,0.7,0.7,0.6990000000000001,0.6990000000000001,14922000.0
2020-01-02 16:00:00+00:00,0.6990000000000001,0.6990000000000001,0.6990000000000001,0.6990000000000001,11280000.0
2020-01-02 20:00:00+00:00,0.6990000000000001,0.6990000000000001,0.6990000000000001,0.6990000000000001,11280000.0
2020-01-03 00:00:00+00:00,0.6990000000000001,0.6990000000000001,0.698,0.698,11396000.0
2020-01-03 04:00:00+00:00,0.698,0.698,0.696,0.696,41769000.0
2020-01-03 08:00:00+00:00,0.6970000000000001,0.6970000000000001,0.695,0.695,25369000.0
2020-01-03 12:00:00+00:00,0.695,0.695,0.693,0.693,25095000.0
2020-01-03 16:00:00+00:00,0.693,0.693,0.693,0.693,30960000.0
2020-01-03 20:00:00+00:00,0.693,0.693,0.693,0.693,30960000.0
2020-01-04 00:00:00+00:00,0.693,0.693,0.693,0.693,30831000.0
2020-01-06 00:00:00+00:00,0.6940000000000001,0.6940000000000001,0.6940000000000001,0.6940000000000001,369000.0
2020-01-06 04:00:00+00:00,0.6940000000000001,0.695,0.693,0.6940000000000001,31321000.0
2020-01-06 08:00:00+00:00,0.6940000000000001,0.6940000000000001,0.693,0.6940000000000001,25679000.0
2020-01-06 12:00:00+00:00,0.6940000000000001,0.695,0.6940000000000001,0.6940000000000001,25260000.0
2020-01-06 16:00:00+00:00,0.6940000000000001,0.695,0.6940000000000001,0.6940000000000001,35244000.0
2020-01-06 20:00:00+00:00,0.6940000000000001,0.6940000000000001,0.6940000000000001,0.6940000000000001,47040000.0
2020-01-07 00:00:00+00:00,0.6940000000000001,0.6940000000000001,0.693,0.693,47218000.0
2020-01-07 04:00:00+00:00,0.693,0.693,0.6920000000000001,0.693,33463000.0
2020-01-07 08:00:00+00:00,0.693,0.693,0.6890000000000001,0.6890000000000001,41864000.0
2020-01-07 12:00:00+00:00,0.6890000000000001,0.691,0.6890000000000001,0.688,44042000.0
2020-01-07 16:00:00+00:00,0.6890000000000001,0.688,0.6890000000000001,0.688,57840000.0
2020-01-07 20:00:00+00:00,0.6890000000000001,0.688,0.6890000000000001,0.688,57840000.0
2020-01-08 00:00:00+00:00,0.6890000000000001,0.688,0.6859999999999999,0.685,58481000.0
2020-01-08 04:00:00+00:00,0.685,0.688,0.685,0.687,104262000.0
2020-01-08 08:00:00+00:00,0.687,0.688,0.6859999999999999,0.687,26872000.0
2020-01-08 12:00:00+00:00,0.688,0.688,0.6859999999999999,0.687,35657000.0
2020-01-08 16:00:00+00:00,0.687,0.687,0.685,0.685,30374000.0
2020-01-08 20:00:00+00:00,0.685,0.685,0.685,0.685,25440000.0
2020-01-09 00:00:00+00:00,0.685,0.687,0.685,0.687,25575000.0
2020-01-09 04:00:00+00:00,0.687,0.687,0.6859999999999999,0.687,30521000.0
2020-01-09 08:00:00+00:00,0.687,0.687,0.6859999999999999,0.687,20163000.0
2020-01-09 12:00:00+00:00,0.687,0.687,0.685,0.685,21664000.0
2020-01-09 16:00:00+00:00,0.685,0.6859999999999999,0.685,0.685,21582000.0
2020-01-09 20:00:00+00:00,0.685,0.685,0.685,0.685,15020000.0
2020-01-10 00:00:00+00:00,0.685,0.685,0.685,0.685,15866000.0
2020-01-10 04:00:00+00:00,0.685,0.687,0.685,0.6859999999999999,30834000.0
2020-01-10 08:00:00+00:00,0.687,0.688,0.687,0.687,17893000.0
2020-01-10 12:00:00+00:00,0.687,0.688,0.687,0.688,20918000.0
2020-01-10 16:00:00+00:00,0.688,0.6890000000000001,0.687,0.688,30018000.0
2020-01-10 20:00:00+00:00,0.688,0.688,0.688,0.688,26880000.0
2020-01-11 00:00:00+00:00,0.688,0.688,0.688,0.688,26768000.0
2020-01-13 00:00:00+00:00,0.6890000000000001,0.69,0.69,0.6890000000000001,319000.0
2020-01-13 04:00:00+00:00,0.69,0.691,0.6890000000000001,0.691,27728000.0
2020-01-13 08:00:00+00:00,0.691,0.691,0.691,0.691,18636000.0
2020-01-13 12:00:00+00:00,0.691,0.691,0.6890000000000001,0.6890000000000001,20959000.0
2020-01-13 16:00:00+00:00,0.69,0.69,0.6890000000000001,0.69,26941000.0
2020-01-13 20:00:00+00:00,0.69,0.691,0.69,0.691,13363000.0
2020-01-14 00:00:00+00:00,0.691,0.691,0.6890000000000001,0.6890000000000001,11746000.0
2020-01-14 04:00:00+00:00,0.6890000000000001,0.69,0.688,0.6890000000000001,31690000.0
2020-01-14 08:00:00+00:00,0.6890000000000001,0.69,0.6890000000000001,0.69,24808000.0
2020-01-14 12:00:00+00:00,0.69,0.69,0.6890000000000001,0.69,23478000.0
2020-01-14 16:00:00+00:00,0.69,0.69,0.6890000000000001,0.69,27021000.0
2020-01-14 20:00:00+00:00,0.69,0.69,0.69,0.69,11335000.0
2020-01-15 00:00:00+00:00,0.69,0.69,0.6890000000000001,0.6890000000000001,10314000.0
2020-01-15 04:00:00+00:00,0.6890000000000001,0.69,0.6890000000000001,0.6890000000000001,26131000.0
2020-01-15 08:00:00+00:00,0.6890000000000001,0.69,0.6890000000000001,0.6890000000000001,17921000.0
2020-01-15 12:00:00+00:00,0.6890000000000001,0.6890000000000001,0.688,0.6890000000000001,20494000.0
2020-01-15 16:00:00+00:00,0.6890000000000001,0.69,0.687,0.69,28974000.0
2020-01-15 20:00:00+00:00,0.69,0.691,0.69,0.69,14893000.0
2020-01-16 00:00:00+00:00,0.69,0.69,0.69,0.69,8645000.0
2020-01-16 04:00:00+00:00,0.69,0.691,0.69,0.69,23929000.0
2020-01-16 08:00:00+00:00,0.69,0.69,0.69,0.69,13527000.0
2020-01-16 12:00:00+00:00,0.69,0.6920000000000001,0.69,0.691,25630000.0
2020-01-16 16:00:00+00:00,0.691,0.691,0.6920000000000001,0.691,22560000.0
2020-01-16 20:00:00+00:00,0.691,0.691,0.6920000000000001,0.691,22560000.0
2020-01-17 00:00:00+00:00,0.691,0.691,0.6890000000000001,0.6890000000000001,22824000.0
2020-01-17 04:00:00+00:00,0.6890000000000001,0.69,0.688,0.6890000000000001,25204000.0
2020-01-17 08:00:00+00:00,0.6890000000000001,0.69,0.6890000000000001,0.69,17408000.0
2020-01-17 12:00:00+00:00,0.69,0.691,0.69,0.69,20756000.0
2020-01-17 16:00:00+00:00,0.69,0.69,0.69,0.69,15120000.0
2020-01-17 20:00:00+00:00,0.69,0.69,0.69,0.69,15120000.0
2020-01-18 00:00:00+00:00,0.69,0.69,0.69,0.69,15057000.0
2020-01-20 00:00:00+00:00,0.688,0.688,0.688,0.688,168000.0
2020-01-20 04:00:00+00:00,0.688,0.688,0.687,0.688,21864000.0
2020-01-20 08:00:00+00:00,0.688,0.688,0.687,0.687,15059000.0
2020-01-20 12:00:00+00:00,0.687,0.687,0.6859999999999999,0.6859999999999999,16465000.0
2020-01-20 16:00:00+00:00,0.6859999999999999,0.6859999999999999,0.685,0.6859999999999999,13048000.0
2020-01-20 20:00:00+00:00,0.6859999999999999,0.687,0.6859999999999999,0.6859999999999999,30449000.0
2020-01-21 00:00:00+00:00,0.6859999999999999,0.687,0.6859999999999999,0.687,71516000.0
2020-01-21 04:00:00+00:00,0.687,0.688,0.685,0.6859999999999999,37568000.0
2020-01-21 08:00:00+00:00,0.6859999999999999,0.6859999999999999,0.685,0.685,22723000.0
2020-01-21 12:00:00+00:00,0.685,0.6859999999999999,0.684,0.6859999999999999,25121000.0
2020-01-21 16:00:00+00:00,0.6859999999999999,0.687,0.685,0.685,28338000.0
2020-01-21 20:00:00+00:00,0.685,0.6859999999999999,0.685,0.685,14064000.0
2020-01-22 00:00:00+00:00,0.685,0.685,0.684,0.684,12342000.0
2020-01-22 04:00:00+00:00,0.684,0.684,0.682,0.684,41151000.0
2020-01-22 08:00:00+00:00,0.684,0.684,0.6829999999999999,0.6829999999999999,24833000.0
2020-01-22 12:00:00+00:00,0.6829999999999999,0.684,0.6829999999999999,0.684,18002000.0
2020-01-22 16:00:00+00:00,0.684,0.685,0.6829999999999999,0.6829999999999999,27648000.0
2020-01-22 20:00:00+00:00,0.6829999999999999,0.684,0.6829999999999999,0.6829999999999999,14651000.0
2020-01-23 00:00:00+00:00,0.6829999999999999,0.684,0.6829999999999999,0.684,11811000.0
2020-01-23 04:00:00+00:00,0.684,0.687,0.684,0.6859999999999999,42711000.0
2020-01-23 08:00:00+00:00,0.6859999999999999,0.687,0.685,0.6859999999999999,28249000.0
2020-01-23 12:00:00+00:00,0.687,0.687,0.6859999999999999,0.6859999999999999,16899000.0
2020-01-23 16:00:00+00:00,0.6859999999999999,0.687,0.684,0.684,49203000.0
2020-01-23 20:00:00+00:00,0.684,0.684,0.6829999999999999,0.684,23317000.0
2020-01-24 00:00:00+00:00,0.684,0.684,0.684,0.684,24065000.0
2020-01-24 04:00:00+00:00,0.684,0.685,0.684,0.684,26508000.0
2020-01-24 08:00:00+00:00,0.684,0.685,0.684,0.684,14944000.0
2020-01-24 12:00:00+00:00,0.684,0.685,0.684,0.685,23532000.0
2020-01-24 16:00:00+00:00,0.685,0.685,0.685,0.685,19920000.0
2020-01-24 20:00:00+00:00,0.685,0.685,0.685,0.685,19920000.0
2020-01-25 00:00:00+00:00,0.685,0.685,0.685,0.685,19837000.0
2020-01-27 00:00:00+00:00,0.68,0.68,0.68,0.68,686000.0
2020-01-27 04:00:00+00:00,0.68,0.6809999999999999,0.68,0.68,47947000.0
2020-01-27 08:00:00+00:00,0.68,0.68,0.679,0.679,22570000.0
2020-01-27 12:00:00+00:00,0.679,0.679,0.6759999999999999,0.6759999999999999,23398000.0
2020-01-27 16:00:00+00:00,0.677,0.677,0.675,0.675,36788000.0
2020-01-27 20:00:00+00:00,0.675,0.6759999999999999,0.675,0.6759999999999999,18530000.0
2020-01-28 00:00:00+00:00,0.6759999999999999,0.6759999999999999,0.6759999999999999,0.6759999999999999,14491000.0
2020-01-28 04:00:00+00:00,0.6759999999999999,0.6759999999999999,0.674,0.675,39576000.0
2020-01-28 08:00:00+00:00,0.675,0.6759999999999999,0.675,0.675,25392000.0
2020-01-28 12:00:00+00:00,0.675,0.675,0.6729999999999999,0.675,21823000.0
2020-01-28 16:00:00+00:00,0.675,0.675,0.674,0.675,29256000.0
2020-01-28 20:00:00+00:00,0.675,0.675,0.674,0.675,12916000.0
2020-01-29 00:00:00+00:00,0.675,0.6759999999999999,0.675,0.6759999999999999,9885000.0
2020-01-29 04:00:00+00:00,0.6759999999999999,0.677,0.675,0.677,35326000.0
2020-01-29 08:00:00+00:00,0.677,0.677,0.675,0.675,15415000.0
2020-01-29 12:00:00+00:00,0.675,0.6759999999999999,0.674,0.674,16593000.0
2020-01-29 16:00:00+00:00,0.674,0.675,0.6729999999999999,0.674,26907000.0
2020-01-29 20:00:00+00:00,0.674,0.674,0.674,0.674,20644000.0
2020-01-30 00:00:00+00:00,0.674,0.675,0.674,0.675,27224000.0
2020-01-30 04:00:00+00:00,0.675,0.675,0.6729999999999999,0.6729999999999999,37282000.0
2020-01-30 08:00:00+00:00,0.6729999999999999,0.6729999999999999,0.672,0.672,27437000.0
2020-01-30 12:00:00+00:00,0.672,0.6729999999999999,0.672,0.672,20899000.0
2020-01-30 16:00:00+00:00,0.6729999999999999,0.6729999999999999,0.67,0.67,37505000.0
2020-01-30 20:00:00+00:00,0.67,0.6709999999999999,0.67,0.67,16203000.0
2020-01-31 00:00:00+00:00,0.67,0.67,0.67,0.67,5698000.0
2020-01-31 04:00:00+00:00,0.67,0.672,0.67,0.6709999999999999,35470000.0
2020-01-31 08:00:00+00:00,0.6709999999999999,0.672,0.6709999999999999,0.67,20658000.0
2020-01-31 12:00:00+00:00,0.67,0.67,0.6679999999999999,0.669,23993000.0
2020-01-31 16:00:00+00:00,0.669,0.669,0.669,0.669,16320000.0
2020-01-31 20:00:00+00:00,0.669,0.669,0.669,0.669,16320000.0
2020-02-01 00:00:00+00:00,0.669,0.669,0.669,0.669,16252000.0
2020-02-03 00:00:00+00:00,0.669,0.669,0.669,0.669,206000.0
2020-02-03 04:00:00+00:00,0.669,0.67,0.6679999999999999,0.669,50550000.0
2020-02-03 08:00:00+00:00,0.669,0.67,0.669,0.669,22591000.0
2020-02-03 12:00:00+00:00,0.669,0.67,0.6679999999999999,0.669,30022000.0
2020-02-03 16:00:00+00:00,0.669,0.67,0.669,0.669,30820000.0
2020-02-03 20:00:00+00:00,0.669,0.669,0.6679999999999999,0.6679999999999999,17902000.0
2020-02-04 00:00:00+00:00,0.669,0.669,0.669,0.6679999999999999,12599000.0
2020-02-04 04:00:00+00:00,0.6679999999999999,0.672,0.6679999999999999,0.6709999999999999,49118000.0
2020-02-04 08:00:00+00:00,0.6709999999999999,0.672,0.6709999999999999,0.6709999999999999,30451000.0
2020-02-04 12:00:00+00:00,0.6709999999999999,0.6729999999999999,0.67,0.6709999999999999,26193000.0
2020-02-04 16:00:00+00:00,0.6709999999999999,0.6729999999999999,0.6709999999999999,0.672,29991000.0
2020-02-04 20:00:00+00:00,0.672,0.6729999999999999,0.672,0.6729999999999999,15498000.0
2020-02-05 00:00:00+00:00,0.6729999999999999,0.6729999999999999,0.6729999999999999,0.6729999999999999,9996000.0
2020-02-05 04:00:00+00:00,0.6729999999999999,0.674,0.672,0.6729999999999999,40796000.0
2020-02-05 08:00:00+00:00,0.6729999999999999,0.674,0.6729999999999999,0.6729999999999999,18609000.0
2020-02-05 12:00:00+00:00,0.6729999999999999,0.677,0.6729999999999999,0.675,39803000.0
2020-02-05 16:00:00+00:00,0.675,0.677,0.674,0.674,41175000.0
2020-02-05 20:00:00+00:00,0.674,0.675,0.674,0.674,16963000.0
2020-02-06 00:00:00+00:00,0.674,0.675,0.674,0.675,15093000.0
2020-02-06 04:00:00+00:00,0.675,0.6759999999999999,0.674,0.675,32870000.0
2020-02-06 08:00:00+00:00,0.675,0.6759999999999999,0.674,0.674,26820000.0
2020-02-06 12:00:00+00:00,0.675,0.675,0.6729999999999999,0.674,21708000.0
2020-02-06 16:00:00+00:00,0.674,0.675,0.6729999999999999,0.6729999999999999,27410000.0
2020-02-06 20:00:00+00:00,0.6729999999999999,0.674,0.6729999999999999,0.6729999999999999,12665000.0
2020-02-07 00:00:00+00:00,0.6729999999999999,0.6729999999999999,0.6729999999999999,0.6729999999999999,6502000.0
2020-02-07 04:00:00+00:00,0.6729999999999999,0.6729999999999999,0.6709999999999999,0.6709999999999999,33169000.0
2020-02-07 08:00:00+00:00,0.672,0.672,0.67,0.67,19704000.0
2020-02-07 12:00:00+00:00,0.67,0.67,0.667,0.6679999999999999,24601000.0
2020-02-07 16:00:00+00:00,0.6679999999999999,0.6679999999999999,0.6679999999999999,0.6679999999999999,15358000.0
2020-02-07 20:00:00+00:00,0.6679999999999999,0.6679999999999999,0.6679999999999999,0.6679999999999999,15120000.0
2020-02-08 00:00:00+00:00,0.6679999999999999,0.6679999999999999,0.6679999999999999,0.6679999999999999,15057000.0
2020-02-10 00:00:00+00:00,0.667,0.667,0.667,0.667,231000.0
2020-02-10 04:00:00+00:00,0.667,0.667,0.667,0.667,55440000.0
2020-02-10 08:00:00+00:00,0.667,0.67,0.6659999999999999,0.67,50088000.0
2020-02-10 12:00:00+00:00,0.67,0.67,0.669,0.669,16665000.0
2020-02-10 16:00:00+00:00,0.669,0.669,0.669,0.669,12480000.0
2020-02-10 20:00:00+00:00,0.669,0.669,0.669,0.669,12480000.0
2020-02-11 00:00:00+00:00,0.669,0.67,0.669,0.67,12554000.0
2020-02-11 04:00:00+00:00,0.67,0.67,0.67,0.67,30240000.0
2020-02-11 08:00:00+00:00,0.67,0.67,0.669,0.67,29730000.0
2020-02-11 12:00:00+00:00,0.67,0.6709999999999999,0.67,0.6709999999999999,17188000.0
2020-02-11 16:00:00+00:00,0.6709999999999999,0.6709999999999999,0.6709999999999999,0.6709999999999999,17040000.0
2020-02-11 20:00:00+00:00,0.6709999999999999,0.6709999999999999,0.6709999999999999,0.6709999999999999,17040000.0
2020-02-12 00:00:00+00:00,0.6709999999999999,0.672,0.6709999999999999,0.672,17064000.0
2020-02-12 04:00:00+00:00,0.672,0.672,0.672,0.672,22800000.0
2020-02-12 08:00:00+00:00,0.672,0.672,0.672,0.672,22800000.0
2020-02-12 12:00:00+00:00,0.672,0.6729999999999999,0.672,0.672,24840000.0
2020-02-12 16:00:00+00:00,0.672,0.674,0.672,0.6729999999999999,24231000.0
2020-02-12 20:00:00+00:00,0.6729999999999999,0.6729999999999999,0.6729999999999999,0.6729999999999999,6720000.0
2020-02-13 00:00:00+00:00,0.6729999999999999,0.6729999999999999,0.672,0.672,6994000.0
2020-02-13 04:00:00+00:00,0.672,0.672,0.672,0.672,72480000.0
2020-02-13 08:00:00+00:00,0.672,0.672,0.672,0.672,72480000.0
2020-02-13 12:00:00+00:00,0.672,0.672,0.672,0.672,72480000.0
2020-02-13 16:00:00+00:00,0.672,0.6729999999999999,0.672,0.672,35678000.0
2020-02-13 20:00:00+00:00,0.672,0.6729999999999999,0.672,0.6729999999999999,36656000.0
2020-02-14 00:00:00+00:00,0.6729999999999999,0.6729999999999999,0.6709999999999999,0.6709999999999999,49042000.0
2020-02-14 04:00:00+00:00,0.6709999999999999,0.6709999999999999,0.6709999999999999,0.6709999999999999,11280000.0
2020-02-14 08:00:00+00:00,0.6709999999999999,0.6709999999999999,0.6709999999999999,0.6709999999999999,11280000.0
2020-02-14 12:00:00+00:00,0.6709999999999999,0.6709999999999999,0.6709999999999999,0.6709999999999999,11280000.0
2020-02-14 16:00:00+00:00,0.6709999999999999,0.6709999999999999,0.6709999999999999,0.6709999999999999,11280000.0
2020-02-14 20:00:00+00:00,0.6709999999999999,0.6709999999999999,0.6709999999999999,0.6709999999999999,30016000.0
2020-02-15 00:00:00+00:00,0.6709999999999999,0.6709999999999999,0.6709999999999999,0.6709999999999999,54492000.0
2020-02-18 00:00:00+00:00,0.6709999999999999,0.6709999999999999,0.6709999999999999,0.6709999999999999,2000.0
2020-02-18 04:00:00+00:00,0.6709999999999999,0.6709999999999999,0.6679999999999999,0.6709999999999999,7501000.0
2020-02-18 08:00:00+00:00,0.6709999999999999,0.6709999999999999,0.6679999999999999,0.6679999999999999,23795000.0
2020-02-18 12:00:00+00:00,0.6679999999999999,0.6679999999999999,0.667,0.6679999999999999,23608000.0
2020-02-18 16:00:00+00:00,0.6679999999999999,0.669,0.667,0.669,22942000.0
2020-02-18 20:00:00+00:00,0.669,0.669,0.6679999999999999,0.6679999999999999,12534000.0
2020-02-19 00:00:00+00:00,0.6679999999999999,0.669,0.6679999999999999,0.669,12887000.0
2020-02-19 04:00:00+00:00,0.669,0.67,0.6679999999999999,0.669,20668000.0
2020-02-19 08:00:00+00:00,0.669,0.67,0.669,0.67,13050000.0
2020-02-19 12:00:00+00:00,0.67,0.67,0.6679999999999999,0.6679999999999999,17789000.0
2020-02-19 16:00:00+00:00,0.6679999999999999,0.669,0.6659999999999999,0.667,20721000.0
2020-02-19 20:00:00+00:00,0.667,0.667,0.667,0.667,9967000.0
2020-02-20 00:00:00+00:00,0.667,0.6679999999999999,0.667,0.6679999999999999,4999000.0
2020-02-20 04:00:00+00:00,0.6679999999999999,0.669,0.6629999999999999,0.6629999999999999,49449000.0
2020-02-20 08:00:00+00:00,0.6629999999999999,0.665,0.6629999999999999,0.6629999999999999,25291000.0
2020-02-20 12:00:00+00:00,0.6629999999999999,0.664,0.662,0.6629999999999999,26869000.0
2020-02-20 16:00:00+00:00,0.6629999999999999,0.6629999999999999,0.6609999999999999,0.6609999999999999,28259000.0
2020-02-20 20:00:00+00:00,0.6609999999999999,0.6609999999999999,0.6609999999999999,0.6609999999999999,31920000.0
2020-02-21 00:00:00+00:00,0.6609999999999999,0.6609999999999999,0.6609999999999999,0.6609999999999999,31974000.0
2020-02-21 04:00:00+00:00,0.6609999999999999,0.662,0.659,0.66,32031000.0
2020-02-21 08:00:00+00:00,0.66,0.66,0.659,0.659,21231000.0
2020-02-21 12:00:00+00:00,0.659,0.66,0.6579999999999999,0.66,33365000.0
2020-02-21 16:00:00+00:00,0.66,0.6629999999999999,0.659,0.6629999999999999,33542000.0
2020-02-21 20:00:00+00:00,0.6629999999999999,0.6629999999999999,0.662,0.662,17781000.0
2020-02-22 00:00:00+00:00,0.6629999999999999,0.662,0.6629999999999999,0.662,18164000.0
2020-02-24 00:00:00+00:00,0.66,0.66,0.66,0.66,87000.0
2020-02-24 04:00:00+00:00,0.66,0.6609999999999999,0.66,0.66,36189000.0
2020-02-24 08:00:00+00:00,0.66,0.6609999999999999,0.659,0.659,25405000.0
2020-02-24 12:00:00+00:00,0.659,0.66,0.6579999999999999,0.66,37872000.0
2020-02-24 16:00:00+00:00,0.66,0.6609999999999999,0.659,0.6609999999999999,33966000.0
2020-02-24 20:00:00+00:00,0.6609999999999999,0.6609999999999999,0.6609999999999999,0.6609999999999999,29126000.0
2020-02-25 00:00:00+00:00,0.6609999999999999,0.6609999999999999,0.6609999999999999,0.6609999999999999,32549000.0
2020-02-25 04:00:00+00:00,0.6609999999999999,0.662,0.66,0.662,37532000.0
2020-02-25 08:00:00+00:00,0.662,0.662,0.66,0.66,22451000.0
2020-02-25 12:00:00+00:00,0.66,0.6609999999999999,0.659,0.659,31626000.0
2020-02-25 16:00:00+00:00,0.659,0.66,0.6579999999999999,0.66,34398000.0
2020-02-25 20:00:00+00:00,0.66,0.66,0.659,0.66,21959000.0
2020-02-26 00:00:00+00:00,0.66,0.66,0.66,0.66,13101000.0
2020-02-26 04:00:00+00:00,0.66,0.66,0.6579999999999999,0.66,36911000.0
2020-02-26 08:00:00+00:00,0.66,0.66,0.657,0.657,31226000.0
2020-02-26 12:00:00+00:00,0.657,0.6579999999999999,0.6559999999999999,0.6559999999999999,40954000.0
2020-02-26 16:00:00+00:00,0.6559999999999999,0.657,0.655,0.655,42196000.0
2020-02-26 20:00:00+00:00,0.655,0.6559999999999999,0.655,0.655,25977000.0
2020-02-27 00:00:00+00:00,0.655,0.655,0.654,0.654,20166000.0
2020-02-27 04:00:00+00:00,0.654,0.6559999999999999,0.654,0.655,52286000.0
2020-02-27 08:00:00+00:00,0.655,0.6559999999999999,0.654,0.6559999999999999,32971000.0
2020-02-27 12:00:00+00:00,0.6559999999999999,0.6579999999999999,0.6559999999999999,0.657,33741000.0
2020-02-27 16:00:00+00:00,0.657,0.6579999999999999,0.657,0.657,48824000.0
2020-02-27 20:00:00+00:00,0.657,0.6579999999999999,0.657,0.6579999999999999,35067000.0
2020-02-28 00:00:00+00:00,0.6579999999999999,0.6579999999999999,0.6579999999999999,0.657,27219000.0
2020-02-28 04:00:00+00:00,0.6579999999999999,0.6579999999999999,0.653,0.653,63294000.0
2020-02-28 08:00:00+00:00,0.653,0.653,0.6509999999999999,0.652,60142000.0
2020-02-28 12:00:00+00:00,0.653,0.654,0.649,0.649,81194000.0
2020-02-28 16:00:00+00:00,0.65,0.6509999999999999,0.645,0.644,69601000.0
2020-02-28 20:00:00+00:00,0.644,0.65,0.645,0.648,53275000.0
2020-02-29 00:00:00+00:00,0.648,0.648,0.648,0.648,21749000.0
2020-03-02 00:00:00+00:00,0.6509999999999999,0.6509999999999999,0.6509999999999999,0.6509999999999999,579000.0
2020-03-02 04:00:00+00:00,0.6509999999999999,0.654,0.649,0.652,46529000.0
2020-03-02 08:00:00+00:00,0.652,0.654,0.6509999999999999,0.653,38904000.0
2020-03-02 12:00:00+00:00,0.654,0.6559999999999999,0.652,0.652,63899000.0
2020-03-02 16:00:00+00:00,0.653,0.655,0.653,0.654,68212000.0
2020-03-02 20:00:00+00:00,0.654,0.654,0.654,0.654,64800000.0
2020-03-03 00:00:00+00:00,0.654,0.654,0.654,0.654,64872000.0
2020-03-03 04:00:00+00:00,0.654,0.6559999999999999,0.6509999999999999,0.654,60840000.0
2020-03-03 08:00:00+00:00,0.654,0.6559999999999999,0.654,0.654,41562000.0
2020-03-03 12:00:00+00:00,0.654,0.6559999999999999,0.654,0.6559999999999999,32472000.0
2020-03-03 16:00:00+00:00,0.6559999999999999,0.664,0.6559999999999999,0.6609999999999999,79633000.0
2020-03-03 20:00:00+00:00,0.6609999999999999,0.662,0.659,0.66,59814000.0
2020-03-04 00:00:00+00:00,0.66,0.66,0.6579999999999999,0.6579999999999999,45241000.0
2020-03-04 04:00:00+00:00,0.6579999999999999,0.6609999999999999,0.6579999999999999,0.66,52275000.0
2020-03-04 08:00:00+00:00,0.66,0.66,0.659,0.66,35017000.0
2020-03-04 12:00:00+00:00,0.66,0.662,0.659,0.662,34612000.0
2020-03-04 16:00:00+00:00,0.662,0.662,0.66,0.662,40674000.0
2020-03-04 20:00:00+00:00,0.662,0.662,0.66,0.6609999999999999,21017000.0
2020-03-05 00:00:00+00:00,0.6609999999999999,0.662,0.6609999999999999,0.662,12572000.0
2020-03-05 04:00:00+00:00,0.662,0.662,0.66,0.6609999999999999,26469000.0
2020-03-05 08:00:00+00:00,0.662,0.6629999999999999,0.6609999999999999,0.662,16272000.0
2020-03-05 12:00:00+00:00,0.662,0.6629999999999999,0.6609999999999999,0.6609999999999999,25388000.0
2020-03-05 16:00:00+00:00,0.6609999999999999,0.662,0.6579999999999999,0.66,35478000.0
2020-03-05 20:00:00+00:00,0.66,0.66,0.659,0.659,22090000.0
2020-03-06 00:00:00+00:00,0.659,0.6609999999999999,0.659,0.6609999999999999,15305000.0
2020-03-06 04:00:00+00:00,0.6609999999999999,0.662,0.6579999999999999,0.659,36875000.0
2020-03-06 08:00:00+00:00,0.659,0.662,0.659,0.6609999999999999,20938000.0
2020-03-06 12:00:00+00:00,0.662,0.664,0.662,0.6629999999999999,64636000.0
2020-03-06 16:00:00+00:00,0.6629999999999999,0.6629999999999999,0.6629999999999999,0.6629999999999999,87360000.0
2020-03-06 20:00:00+00:00,0.6629999999999999,0.6629999999999999,0.6629999999999999,0.6629999999999999,87360000.0
2020-03-07 00:00:00+00:00,0.6629999999999999,0.6629999999999999,0.6629999999999999,0.6629999999999999,86996000.0
2020-03-09 00:00:00+00:00,0.6609999999999999,0.6609999999999999,0.6609999999999999,0.6609999999999999,407000.0
2020-03-09 04:00:00+00:00,0.6609999999999999,0.662,0.64,0.6509999999999999,106689000.0
2020-03-09 08:00:00+00:00,0.6509999999999999,0.6559999999999999,0.65,0.654,80866000.0
2020-03-09 12:00:00+00:00,0.654,0.6609999999999999,0.654,0.66,61247000.0
2020-03-09 16:00:00+00:00,0.66,0.6679999999999999,0.659,0.665,105629000.0
2020-03-09 20:00:00+00:00,0.665,0.665,0.6579999999999999,0.659,67533000.0
2020-03-10 00:00:00+00:00,0.659,0.66,0.659,0.659,37339000.0
2020-03-10 04:00:00+00:00,0.66,0.66,0.655,0.657,74378000.0
2020-03-10 08:00:00+00:00,0.6579999999999999,0.6579999999999999,0.654,0.655,67365000.0
2020-03-10 12:00:00+00:00,0.655,0.6579999999999999,0.655,0.655,69378000.0
2020-03-10 16:00:00+00:00,0.655,0.6559999999999999,0.647,0.6459999999999999,81995000.0
2020-03-10 20:00:00+00:00,0.647,0.649,0.6459999999999999,0.647,74648000.0
2020-03-11 00:00:00+00:00,0.647,0.649,0.648,0.649,59594000.0
2020-03-11 04:00:00+00:00,0.649,0.6509999999999999,0.649,0.6509999999999999,48237000.0
2020-03-11 08:00:00+00:00,0.6509999999999999,0.652,0.649,0.6509999999999999,62154000.0
2020-03-11 12:00:00+00:00,0.652,0.653,0.6509999999999999,0.652,54099000.0
2020-03-11 16:00:00+00:00,0.652,0.653,0.65,0.65,74371000.0
2020-03-11 20:00:00+00:00,0.65,0.652,0.65,0.65,57058000.0
2020-03-12 00:00:00+00:00,0.65,0.65,0.647,0.647,60560000.0
2020-03-12 04:00:00+00:00,0.647,0.648,0.645,0.645,121864000.0
2020-03-12 08:00:00+00:00,0.645,0.6459999999999999,0.643,0.644,79523000.0
2020-03-12 12:00:00+00:00,0.644,0.645,0.637,0.638,58697000.0
2020-03-12 16:00:00+00:00,0.638,0.638,0.627,0.627,148417000.0
2020-03-12 20:00:00+00:00,0.628,0.638,0.628,0.633,173569000.0
2020-03-13 00:00:00+00:00,0.634,0.634,0.628,0.627,174660000.0
2020-03-13 04:00:00+00:00,0.628,0.632,0.626,0.628,76140000.0
2020-03-13 08:00:00+00:00,0.628,0.631,0.628,0.628,80576000.0
2020-03-13 12:00:00+00:00,0.628,0.631,0.628,0.63,76752000.0
2020-03-13 16:00:00+00:00,0.63,0.631,0.615,0.615,143733000.0
2020-03-13 20:00:00+00:00,0.615,0.617,0.612,0.614,107033000.0
2020-03-14 00:00:00+00:00,0.615,0.614,0.615,0.614,51863000.0
2020-03-16 00:00:00+00:00,0.617,0.617,0.617,0.617,238000.0
2020-03-16 04:00:00+00:00,0.617,0.618,0.61,0.616,76974000.0
2020-03-16 08:00:00+00:00,0.616,0.618,0.612,0.614,71656000.0
2020-03-16 12:00:00+00:00,0.614,0.618,0.614,0.617,94625000.0
2020-03-16 16:00:00+00:00,0.617,0.617,0.608,0.613,160185000.0
2020-03-16 20:00:00+00:00,0.613,0.614,0.612,0.613,107496000.0
2020-03-17 00:00:00+00:00,0.613,0.613,0.61,0.61,88626000.0
2020-03-17 04:00:00+00:00,0.61,0.614,0.609,0.612,67004000.0
2020-03-17 08:00:00+00:00,0.612,0.613,0.607,0.608,70244000.0
2020-03-17 12:00:00+00:00,0.608,0.609,0.6,0.599,100699000.0
2020-03-17 16:00:00+00:00,0.6,0.603,0.597,0.597,111711000.0
2020-03-17 20:00:00+00:00,0.597,0.6,0.596,0.6,78186000.0
2020-03-18 00:00:00+00:00,0.6,0.6,0.599,0.598,62496000.0
2020-03-18 04:00:00+00:00,0.598,0.602,0.598,0.601,55131000.0
2020-03-18 08:00:00+00:00,0.602,0.602,0.596,0.596,57565000.0
2020-03-18 12:00:00+00:00,0.596,0.596,0.5920000000000001,0.5920000000000001,170530000.0
2020-03-18 16:00:00+00:00,0.593,0.593,0.593,0.5920000000000001,185280000.0
2020-03-18 20:00:00+00:00,0.593,0.593,0.593,0.5920000000000001,185280000.0
2020-03-19 00:00:00+00:00,0.593,0.593,0.58,0.578,185385000.0
2020-03-19 04:00:00+00:00,0.58,0.58,0.552,0.555,131622000.0
2020-03-19 08:00:00+00:00,0.556,0.578,0.556,0.5660000000000001,123777000.0
2020-03-19 12:00:00+00:00,0.5670000000000001,0.5760000000000001,0.5670000000000001,0.573,109685000.0
2020-03-19 16:00:00+00:00,0.574,0.595,0.5710000000000001,0.585,227956000.0
2020-03-19 20:00:00+00:00,0.585,0.588,0.578,0.578,135512000.0
2020-03-20 00:00:00+00:00,0.578,0.578,0.574,0.574,98179000.0
2020-03-20 04:00:00+00:00,0.574,0.59,0.5710000000000001,0.585,75642000.0
2020-03-20 08:00:00+00:00,0.586,0.597,0.584,0.594,103522000.0
2020-03-20 12:00:00+00:00,0.595,0.595,0.589,0.588,168697000.0
2020-03-20 16:00:00+00:00,0.588,0.591,0.58,0.583,227393000.0
2020-03-20 20:00:00+00:00,0.584,0.584,0.579,0.5820000000000001,139029000.0
2020-03-21 00:00:00+00:00,0.5820000000000001,0.5820000000000001,0.5820000000000001,0.5820000000000001,108267000.0
2020-03-23 00:00:00+00:00,0.575,0.5760000000000001,0.5760000000000001,0.575,1300000.0
2020-03-23 04:00:00+00:00,0.5760000000000001,0.5770000000000001,0.57,0.575,145082000.0
2020-03-23 08:00:00+00:00,0.5760000000000001,0.58,0.574,0.578,163041000.0
2020-03-23 12:00:00+00:00,0.578,0.579,0.5720000000000001,0.5720000000000001,211620000.0
2020-03-23 16:00:00+00:00,0.574,0.583,0.574,0.575,266308000.0
2020-03-23 20:00:00+00:00,0.575,0.58,0.575,0.579,155803000.0
2020-03-24 00:00:00+00:00,0.58,0.5870000000000001,0.58,0.5870000000000001,104042000.0
2020-03-24 04:00:00+00:00,0.5870000000000001,0.594,0.5870000000000001,0.5920000000000001,159410000.0
2020-03-24 08:00:00+00:00,0.5920000000000001,0.597,0.589,0.594,138267000.0
2020-03-24 12:00:00+00:00,0.595,0.596,0.589,0.589,85397000.0
2020-03-24 16:00:00+00:00,0.589,0.596,0.5870000000000001,0.5920000000000001,173075000.0
2020-03-24 20:00:00+00:00,0.5920000000000001,0.593,0.589,0.59,98926000.0
2020-03-25 00:00:00+00:00,0.591,0.596,0.591,0.596,88659000.0
2020-03-25 04:00:00+00:00,0.596,0.598,0.594,0.597,90851000.0
2020-03-25 08:00:00+00:00,0.598,0.604,0.597,0.603,86941000.0
2020-03-25 12:00:00+00:00,0.603,0.607,0.6,0.6,99799000.0
2020-03-25 16:00:00+00:00,0.6,0.602,0.593,0.595,151650000.0
2020-03-25 20:00:00+00:00,0.596,0.597,0.595,0.595,111507000.0
2020-03-26 00:00:00+00:00,0.595,0.595,0.59,0.59,98362000.0
2020-03-26 04:00:00+00:00,0.59,0.591,0.5870000000000001,0.591,59186000.0
2020-03-26 08:00:00+00:00,0.591,0.594,0.59,0.594,47454000.0
2020-03-26 12:00:00+00:00,0.594,0.602,0.594,0.599,91175000.0
2020-03-26 16:00:00+00:00,0.599,0.606,0.598,0.604,162460000.0
2020-03-26 20:00:00+00:00,0.604,0.606,0.604,0.605,70027000.0
2020-03-27 00:00:00+00:00,0.605,0.607,0.605,0.607,38233000.0
2020-03-27 04:00:00+00:00,0.607,0.612,0.604,0.61,84838000.0
2020-03-27 08:00:00+00:00,0.61,0.612,0.605,0.606,84849000.0
2020-03-27 12:00:00+00:00,0.607,0.609,0.605,0.605,108889000.0
2020-03-27 16:00:00+00:00,0.605,0.612,0.602,0.612,116993000.0
2020-03-27 20:00:00+00:00,0.612,0.618,0.612,0.616,91659000.0
2020-03-28 00:00:00+00:00,0.616,0.616,0.616,0.616,91776000.0
2020-03-30 00:00:00+00:00,0.617,0.617,0.617,0.616,761000.0
2020-03-30 04:00:00+00:00,0.617,0.618,0.612,0.613,92122000.0
2020-03-30 08:00:00+00:00,0.613,0.616,0.611,0.613,104220000.0
2020-03-30 12:00:00+00:00,0.613,0.616,0.612,0.612,73817000.0
2020-03-30 16:00:00+00:00,0.612,0.612,0.612,0.612,58782000.0
2020-03-30 20:00:00+00:00,0.612,0.612,0.612,0.612,52560000.0
2020-03-31 00:00:00+00:00,0.612,0.616,0.612,0.616,52738000.0
2020-03-31 04:00:00+00:00,0.616,0.619,0.614,0.617,105779000.0
2020-03-31 08:00:00+00:00,0.617,0.62,0.615,0.615,92589000.0
2020-03-31 12:00:00+00:00,0.615,0.617,0.608,0.61,103129000.0
2020-03-31 16:00:00+00:00,0.61,0.614,0.609,0.613,175043000.0
2020-03-31 20:00:00+00:00,0.613,0.613,0.608,0.611,116353000.0
2020-04-01 00:00:00+00:00,0.611,0.613,0.612,0.613,51843000.0
2020-04-01 04:00:00+00:00,0.613,0.614,0.611,0.612,63115000.0
2020-04-01 08:00:00+00:00,0.612,0.613,0.606,0.606,83975000.0
2020-04-01 12:00:00+00:00,0.606,0.608,0.605,0.606,86576000.0
2020-04-01 16:00:00+00:00,0.606,0.614,0.604,0.61,113549000.0
2020-04-01 20:00:00+00:00,0.61,0.61,0.606,0.607,69086000.0
2020-04-02 00:00:00+00:00,0.607,0.608,0.607,0.608,66161000.0
2020-04-02 04:00:00+00:00,0.608,0.609,0.606,0.608,51866000.0
2020-04-02 08:00:00+00:00,0.608,0.611,0.607,0.61,63104000.0
2020-04-02 12:00:00+00:00,0.61,0.611,0.608,0.607,59235000.0
2020-04-02 16:00:00+00:00,0.607,0.608,0.601,0.604,156865000.0
2020-04-02 20:00:00+00:00,0.604,0.605,0.602,0.603,101937000.0
2020-04-03 00:00:00+00:00,0.603,0.606,0.603,0.606,100596000.0
2020-04-03 04:00:00+00:00,0.606,0.606,0.604,0.606,45750000.0
2020-04-03 08:00:00+00:00,0.606,0.607,0.603,0.603,55887000.0
2020-04-03 12:00:00+00:00,0.603,0.603,0.598,0.599,80800000.0
2020-04-03 16:00:00+00:00,0.599,0.602,0.598,0.599,103011000.0
2020-04-03 20:00:00+00:00,0.6,0.6,0.599,0.599,69762000.0
2020-04-04 00:00:00+00:00,0.599,0.6,0.6,0.599,78153000.0
2020-04-06 00:00:00+00:00,0.599,0.599,0.599,0.599,398000.0
2020-04-06 04:00:00+00:00,0.599,0.604,0.599,0.601,64289000.0
2020-04-06 08:00:00+00:00,0.601,0.606,0.6,0.605,57669000.0
2020-04-06 12:00:00+00:00,0.605,0.608,0.604,0.607,51989000.0
2020-04-06 16:00:00+00:00,0.607,0.61,0.606,0.609,65158000.0
2020-04-06 20:00:00+00:00,0.609,0.609,0.608,0.609,39163000.0
2020-04-07 00:00:00+00:00,0.609,0.611,0.609,0.611,27662000.0
2020-04-07 04:00:00+00:00,0.611,0.612,0.61,0.611,60899000.0
2020-04-07 08:00:00+00:00,0.611,0.619,0.61,0.618,80927000.0
2020-04-07 12:00:00+00:00,0.618,0.619,0.616,0.618,56536000.0
2020-04-07 16:00:00+00:00,0.618,0.62,0.617,0.618,86154000.0
2020-04-07 20:00:00+00:00,0.618,0.62,0.618,0.619,54010000.0
2020-04-08 00:00:00+00:00,0.619,0.619,0.615,0.615,39695000.0
2020-04-08 04:00:00+00:00,0.615,0.615,0.612,0.612,81333000.0
2020-04-08 08:00:00+00:00,0.612,0.615,0.611,0.614,93589000.0
2020-04-08 12:00:00+00:00,0.614,0.618,0.613,0.617,55260000.0
2020-04-08 16:00:00+00:00,0.617,0.623,0.617,0.622,79024000.0
2020-04-08 20:00:00+00:00,0.622,0.623,0.622,0.623,45014000.0
2020-04-09 00:00:00+00:00,0.623,0.623,0.623,0.623,45629000.0
2020-04-09 04:00:00+00:00,0.623,0.625,0.621,0.623,52362000.0
2020-04-09 08:00:00+00:00,0.623,0.624,0.619,0.624,56134000.0
2020-04-09 12:00:00+00:00,0.624,0.624,0.622,0.623,39960000.0
2020-04-09 16:00:00+00:00,0.623,0.631,0.622,0.63,94274000.0
2020-04-09 20:00:00+00:00,0.63,0.634,0.63,0.632,63433000.0
2020-04-10 00:00:00+00:00,0.633,0.633,0.633,0.633,65250000.0
2020-04-10 04:00:00+00:00,0.633,0.634,0.631,0.633,10771000.0
2020-04-10 08:00:00+00:00,0.633,0.636,0.633,0.635,13640000.0
2020-04-10 12:00:00+00:00,0.635,0.636,0.633,0.634,9703000.0
2020-04-10 16:00:00+00:00,0.634,0.635,0.634,0.634,7002000.0
2020-04-10 20:00:00+00:00,0.634,0.634,0.634,0.634,2179000.0
2020-04-11 00:00:00+00:00,0.634,0.634,0.634,0.634,239000.0
2020-04-13 00:00:00+00:00,0.633,0.633,0.633,0.633,147000.0
2020-04-13 04:00:00+00:00,0.633,0.634,0.633,0.633,30699000.0
2020-04-13 08:00:00+00:00,0.633,0.636,0.633,0.634,24220000.0
2020-04-13 12:00:00+00:00,0.634,0.636,0.633,0.635,26544000.0
2020-04-13 16:00:00+00:00,0.636,0.638,0.635,0.637,52953000.0
2020-04-13 20:00:00+00:00,0.637,0.64,0.638,0.639,27980000.0
2020-04-14 00:00:00+00:00,0.639,0.64,0.637,0.639,20559000.0
2020-04-14 04:00:00+00:00,0.639,0.643,0.639,0.642,45556000.0
2020-04-14 08:00:00+00:00,0.642,0.643,0.639,0.6409999999999999,42399000.0
2020-04-14 12:00:00+00:00,0.6409999999999999,0.6409999999999999,0.637,0.64,47260000.0
2020-04-14 16:00:00+00:00,0.64,0.642,0.639,0.6409999999999999,62810000.0
2020-04-14 20:00:00+00:00,0.6409999999999999,0.644,0.6409999999999999,0.643,34295000.0
2020-04-15 00:00:00+00:00,0.644,0.644,0.643,0.643,13405000.0
2020-04-15 04:00:00+00:00,0.643,0.643,0.64,0.64,32885000.0
2020-04-15 08:00:00+00:00,0.64,0.6409999999999999,0.633,0.632,49295000.0
2020-04-15 12:00:00+00:00,0.632,0.634,0.631,0.631,54509000.0
2020-04-15 16:00:00+00:00,0.631,0.633,0.628,0.632,82972000.0
2020-04-15 20:00:00+00:00,0.632,0.634,0.631,0.631,46751000.0
2020-04-16 00:00:00+00:00,0.631,0.632,0.63,0.63,21701000.0
2020-04-16 04:00:00+00:00,0.63,0.632,0.627,0.627,67315000.0
2020-04-16 08:00:00+00:00,0.627,0.63,0.626,0.628,65181000.0
2020-04-16 12:00:00+00:00,0.628,0.63,0.628,0.629,57225000.0
2020-04-16 16:00:00+00:00,0.63,0.633,0.629,0.63,82419000.0
2020-04-16 20:00:00+00:00,0.63,0.631,0.627,0.63,55305000.0
2020-04-17 00:00:00+00:00,0.631,0.638,0.63,0.635,38620000.0
2020-04-17 04:00:00+00:00,0.635,0.638,0.635,0.635,53806000.0
2020-04-17 08:00:00+00:00,0.635,0.637,0.631,0.631,56042000.0
2020-04-17 12:00:00+00:00,0.632,0.635,0.631,0.635,62252000.0
2020-04-17 16:00:00+00:00,0.635,0.637,0.634,0.635,79503000.0
2020-04-17 20:00:00+00:00,0.635,0.636,0.634,0.636,30510000.0
2020-04-18 00:00:00+00:00,0.636,0.637,0.636,0.636,21447000.0
2020-04-20 00:00:00+00:00,0.633,0.633,0.634,0.633,521000.0
2020-04-20 04:00:00+00:00,0.633,0.635,0.633,0.634,36736000.0
2020-04-20 08:00:00+00:00,0.634,0.636,0.634,0.636,45664000.0
2020-04-20 12:00:00+00:00,0.636,0.639,0.635,0.635,50852000.0
2020-04-20 16:00:00+00:00,0.635,0.639,0.634,0.638,60500000.0
2020-04-20 20:00:00+00:00,0.638,0.638,0.633,0.633,34878000.0
2020-04-21 00:00:00+00:00,0.633,0.634,0.633,0.634,22780000.0
2020-04-21 04:00:00+00:00,0.634,0.634,0.628,0.63,64106000.0
2020-04-21 08:00:00+00:00,0.63,0.632,0.629,0.628,59533000.0
2020-04-21 12:00:00+00:00,0.628,0.63,0.627,0.626,63646000.0
2020-04-21 16:00:00+00:00,0.627,0.63,0.625,0.627,80489000.0
2020-04-21 20:00:00+00:00,0.627,0.63,0.627,0.629,40126000.0
2020-04-22 00:00:00+00:00,0.629,0.629,0.627,0.629,16655000.0
2020-04-22 04:00:00+00:00,0.629,0.632,0.628,0.63,53807000.0
2020-04-22 08:00:00+00:00,0.63,0.634,0.629,0.633,52776000.0
2020-04-22 12:00:00+00:00,0.633,0.635,0.632,0.632,42463000.0
2020-04-22 16:00:00+00:00,0.633,0.633,0.63,0.631,54428000.0
2020-04-22 20:00:00+00:00,0.631,0.632,0.631,0.631,19641000.0
2020-04-23 00:00:00+00:00,0.631,0.632,0.629,0.629,17143000.0
2020-04-23 04:00:00+00:00,0.629,0.631,0.628,0.629,44143000.0
2020-04-23 08:00:00+00:00,0.63,0.636,0.63,0.633,59543000.0
2020-04-23 12:00:00+00:00,0.633,0.636,0.633,0.635,44639000.0
2020-04-23 16:00:00+00:00,0.635,0.64,0.635,0.638,72074000.0
2020-04-23 20:00:00+00:00,0.638,0.639,0.636,0.637,38932000.0
2020-04-24 00:00:00+00:00,0.637,0.638,0.636,0.637,15344000.0
2020-04-24 04:00:00+00:00,0.637,0.637,0.635,0.635,45114000.0
2020-04-24 08:00:00+00:00,0.636,0.636,0.633,0.635,38433000.0
2020-04-24 12:00:00+00:00,0.635,0.638,0.634,0.637,34338000.0
2020-04-24 16:00:00+00:00,0.637,0.638,0.636,0.637,47170000.0
2020-04-24 20:00:00+00:00,0.637,0.638,0.637,0.638,20652000.0
2020-04-25 00:00:00+00:00,0.638,0.639,0.638,0.639,7027000.0
2020-04-27 00:00:00+00:00,0.639,0.639,0.639,0.639,105000.0
2020-04-27 04:00:00+00:00,0.639,0.643,0.639,0.643,43815000.0
2020-04-27 08:00:00+00:00,0.643,0.6459999999999999,0.643,0.645,34233000.0
2020-04-27 12:00:00+00:00,0.645,0.6459999999999999,0.644,0.645,30772000.0
2020-04-27 16:00:00+00:00,0.645,0.647,0.645,0.645,51987000.0
2020-04-27 20:00:00+00:00,0.645,0.6459999999999999,0.645,0.6459999999999999,18348000.0
2020-04-28 00:00:00+00:00,0.6459999999999999,0.6459999999999999,0.644,0.644,18112000.0
2020-04-28 04:00:00+00:00,0.644,0.6459999999999999,0.643,0.644,38828000.0
2020-04-28 08:00:00+00:00,0.644,0.648,0.643,0.648,39555000.0
2020-04-28 12:00:00+00:00,0.648,0.6509999999999999,0.647,0.65,49947000.0
2020-04-28 16:00:00+00:00,0.65,0.65,0.648,0.649,55391000.0
2020-04-28 20:00:00+00:00,0.649,0.6509999999999999,0.649,0.649,21113000.0
2020-04-29 00:00:00+00:00,0.649,0.65,0.648,0.65,19362000.0
2020-04-29 04:00:00+00:00,0.65,0.653,0.65,0.653,41672000.0
2020-04-29 08:00:00+00:00,0.653,0.654,0.652,0.653,37497000.0
2020-04-29 12:00:00+00:00,0.653,0.653,0.65,0.65,29871000.0
2020-04-29 16:00:00+00:00,0.65,0.653,0.65,0.653,53568000.0
2020-04-29 20:00:00+00:00,0.653,0.655,0.653,0.654,39488000.0
2020-04-30 00:00:00+00:00,0.654,0.655,0.654,0.655,13688000.0
2020-04-30 04:00:00+00:00,0.655,0.655,0.653,0.655,39200000.0
2020-04-30 08:00:00+00:00,0.655,0.6559999999999999,0.653,0.654,39608000.0
2020-04-30 12:00:00+00:00,0.654,0.655,0.653,0.654,35288000.0
2020-04-30 16:00:00+00:00,0.654,0.6559999999999999,0.649,0.6509999999999999,111523000.0
2020-04-30 20:00:00+00:00,0.6509999999999999,0.652,0.65,0.6509999999999999,45805000.0
2020-05-01 00:00:00+00:00,0.6509999999999999,0.6509999999999999,0.648,0.649,16696000.0
2020-05-01 04:00:00+00:00,0.649,0.649,0.645,0.6459999999999999,46503000.0
2020-05-01 08:00:00+00:00,0.6459999999999999,0.6459999999999999,0.644,0.644,32447000.0
2020-05-01 12:00:00+00:00,0.644,0.645,0.644,0.644,30863000.0
2020-05-01 16:00:00+00:00,0.644,0.645,0.642,0.6409999999999999,52995000.0
2020-05-01 20:00:00+00:00,0.6409999999999999,0.642,0.6409999999999999,0.642,23240000.0
2020-05-02 00:00:00+00:00,0.642,0.642,0.6409999999999999,0.6409999999999999,5172000.0
2020-05-04 00:00:00+00:00,0.637,0.637,0.637,0.637,298000.0
2020-05-04 04:00:00+00:00,0.637,0.64,0.637,0.64,38610000.0
2020-05-04 08:00:00+00:00,0.64,0.6409999999999999,0.637,0.64,46869000.0
2020-05-04 12:00:00+00:00,0.64,0.642,0.64,0.6409999999999999,36932000.0
2020-05-04 16:00:00+00:00,0.6409999999999999,0.643,0.639,0.6409999999999999,66699000.0
2020-05-04 20:00:00+00:00,0.6409999999999999,0.643,0.64,0.642,24803000.0
2020-05-05 00:00:00+00:00,0.642,0.643,0.6409999999999999,0.642,16051000.0
2020-05-05 04:00:00+00:00,0.642,0.645,0.642,0.644,32252000.0
2020-05-05 08:00:00+00:00,0.644,0.6459999999999999,0.644,0.644,35563000.0
2020-05-05 12:00:00+00:00,0.644,0.645,0.6409999999999999,0.644,54494000.0
2020-05-05 16:00:00+00:00,0.644,0.647,0.644,0.645,53257000.0
2020-05-05 20:00:00+00:00,0.645,0.6459999999999999,0.643,0.643,19376000.0
2020-05-06 00:00:00+00:00,0.643,0.644,0.642,0.643,17189000.0
2020-05-06 04:00:00+00:00,0.643,0.643,0.642,0.642,31664000.0
2020-05-06 08:00:00+00:00,0.642,0.645,0.642,0.643,24718000.0
2020-05-06 12:00:00+00:00,0.643,0.644,0.6409999999999999,0.644,26271000.0
2020-05-06 16:00:00+00:00,0.644,0.645,0.64,0.6409999999999999,60124000.0
2020-05-06 20:00:00+00:00,0.6409999999999999,0.642,0.639,0.639,23820000.0
2020-05-07 00:00:00+00:00,0.639,0.64,0.638,0.639,20951000.0
2020-05-07 04:00:00+00:00,0.639,0.642,0.639,0.6409999999999999,44662000.0
2020-05-07 08:00:00+00:00,0.6409999999999999,0.647,0.6409999999999999,0.645,45872000.0
2020-05-07 12:00:00+00:00,0.645,0.6459999999999999,0.645,0.6459999999999999,29584000.0
2020-05-07 16:00:00+00:00,0.6459999999999999,0.649,0.644,0.649,44028000.0
2020-05-07 20:00:00+00:00,0.649,0.65,0.648,0.648,27012000.0
2020-05-08 00:00:00+00:00,0.648,0.6509999999999999,0.648,0.65,20420000.0
2020-05-08 04:00:00+00:00,0.65,0.654,0.649,0.653,41309000.0
2020-05-08 08:00:00+00:00,0.653,0.653,0.6509999999999999,0.6509999999999999,21031000.0
2020-05-08 12:00:00+00:00,0.6509999999999999,0.652,0.65,0.6509999999999999,18052000.0
2020-05-08 16:00:00+00:00,0.652,0.654,0.65,0.654,67141000.0
2020-05-08 20:00:00+00:00,0.654,0.653,0.652,0.653,12575000.0
2020-05-09 00:00:00+00:00,0.653,0.653,0.652,0.653,3739000.0
2020-05-11 00:00:00+00:00,0.653,0.653,0.653,0.653,512000.0
2020-05-11 04:00:00+00:00,0.653,0.6559999999999999,0.653,0.655,33690000.0
2020-05-11 08:00:00+00:00,0.655,0.655,0.652,0.652,26229000.0
2020-05-11 12:00:00+00:00,0.653,0.653,0.6459999999999999,0.6459999999999999,38206000.0
2020-05-11 16:00:00+00:00,0.647,0.649,0.6459999999999999,0.6459999999999999,57367000.0
2020-05-11 20:00:00+00:00,0.6459999999999999,0.649,0.6459999999999999,0.648,24694000.0
2020-05-12 00:00:00+00:00,0.648,0.649,0.647,0.648,17967000.0
2020-05-12 04:00:00+00:00,0.648,0.648,0.643,0.645,59149000.0
2020-05-12 08:00:00+00:00,0.645,0.649,0.645,0.648,44146000.0
2020-05-12 12:00:00+00:00,0.648,0.652,0.648,0.652,36549000.0
2020-05-12 16:00:00+00:00,0.652,0.653,0.65,0.65,52793000.0
2020-05-12 20:00:00+00:00,0.65,0.65,0.647,0.647,34449000.0
2020-05-13 00:00:00+00:00,0.648,0.648,0.645,0.645,22041000.0
2020-05-13 04:00:00+00:00,0.645,0.647,0.645,0.6459999999999999,69776000.0
2020-05-13 08:00:00+00:00,0.6459999999999999,0.648,0.6459999999999999,0.647,43735000.0
2020-05-13 12:00:00+00:00,0.647,0.652,0.647,0.6509999999999999,37731000.0
2020-05-13 16:00:00+00:00,0.652,0.652,0.645,0.6459999999999999,100340000.0
2020-05-13 20:00:00+00:00,0.6459999999999999,0.6459999999999999,0.643,0.644,47566000.0
2020-05-14 00:00:00+00:00,0.644,0.645,0.644,0.645,24829000.0
2020-05-14 04:00:00+00:00,0.645,0.6459999999999999,0.642,0.643,55069000.0
2020-05-14 08:00:00+00:00,0.643,0.644,0.642,0.643,38295000.0
2020-05-14 12:00:00+00:00,0.643,0.645,0.6409999999999999,0.6409999999999999,44313000.0
2020-05-14 16:00:00+00:00,0.6409999999999999,0.643,0.64,0.642,75379000.0
2020-05-14 20:00:00+00:00,0.642,0.6459999999999999,0.642,0.6459999999999999,43096000.0
2020-05-15 00:00:00+00:00,0.6459999999999999,0.647,0.645,0.6459999999999999,19162000.0
2020-05-15 04:00:00+00:00,0.647,0.647,0.644,0.645,36940000.0
2020-05-15 08:00:00+00:00,0.645,0.6459999999999999,0.644,0.6459999999999999,29209000.0
2020-05-15 12:00:00+00:00,0.6459999999999999,0.6459999999999999,0.642,0.642,38426000.0
2020-05-15 16:00:00+00:00,0.642,0.644,0.64,0.64,78253000.0
2020-05-15 20:00:00+00:00,0.6409999999999999,0.642,0.64,0.6409999999999999,19991000.0
2020-05-16 00:00:00+00:00,0.6409999999999999,0.6409999999999999,0.6409999999999999,0.6409999999999999,4279000.0
2020-05-18 00:00:00+00:00,0.642,0.642,0.642,0.642,156000.0
2020-05-18 04:00:00+00:00,0.642,0.645,0.642,0.644,30584000.0
2020-05-18 08:00:00+00:00,0.644,0.644,0.642,0.644,25342000.0
2020-05-18 12:00:00+00:00,0.644,0.647,0.643,0.6459999999999999,29726000.0
2020-05-18 16:00:00+00:00,0.647,0.6509999999999999,0.6459999999999999,0.6509999999999999,68547000.0
2020-05-18 20:00:00+00:00,0.6509999999999999,0.652,0.65,0.652,26782000.0
2020-05-19 00:00:00+00:00,0.652,0.652,0.6509999999999999,0.652,15497000.0
2020-05-19 04:00:00+00:00,0.652,0.654,0.6509999999999999,0.6509999999999999,51960000.0
2020-05-19 08:00:00+00:00,0.6509999999999999,0.6559999999999999,0.6509999999999999,0.654,48163000.0
2020-05-19 12:00:00+00:00,0.655,0.655,0.653,0.654,37867000.0
2020-05-19 16:00:00+00:00,0.654,0.657,0.652,0.6559999999999999,56792000.0
2020-05-19 20:00:00+00:00,0.6559999999999999,0.6579999999999999,0.653,0.653,28798000.0
2020-05-20 00:00:00+00:00,0.653,0.654,0.652,0.654,21457000.0
2020-05-20 04:00:00+00:00,0.654,0.6559999999999999,0.654,0.654,30403000.0
2020-05-20 08:00:00+00:00,0.654,0.655,0.652,0.652,32436000.0
2020-05-20 12:00:00+00:00,0.653,0.6579999999999999,0.653,0.657,34264000.0
2020-05-20 16:00:00+00:00,0.657,0.6609999999999999,0.657,0.659,44586000.0
2020-05-20 20:00:00+00:00,0.66,0.66,0.6579999999999999,0.659,32518000.0
2020-05-21 00:00:00+00:00,0.659,0.66,0.6579999999999999,0.6579999999999999,13695000.0
2020-05-21 04:00:00+00:00,0.6579999999999999,0.6579999999999999,0.655,0.655,44398000.0
2020-05-21 08:00:00+00:00,0.655,0.657,0.655,0.6559999999999999,25174000.0
2020-05-21 12:00:00+00:00,0.6559999999999999,0.6579999999999999,0.655,0.657,35438000.0
2020-05-21 16:00:00+00:00,0.657,0.659,0.655,0.655,83982000.0
2020-05-21 20:00:00+00:00,0.6559999999999999,0.657,0.655,0.6559999999999999,34887000.0
2020-05-22 00:00:00+00:00,0.657,0.657,0.6559999999999999,0.6559999999999999,13550000.0
2020-05-22 04:00:00+00:00,0.657,0.657,0.653,0.654,40078000.0
2020-05-22 08:00:00+00:00,0.654,0.654,0.6509999999999999,0.6509999999999999,39584000.0
2020-05-22 12:00:00+00:00,0.6509999999999999,0.653,0.6509999999999999,0.652,39335000.0
2020-05-22 16:00:00+00:00,0.653,0.653,0.65,0.652,55766000.0
2020-05-22 20:00:00+00:00,0.652,0.653,0.652,0.653,17288000.0
2020-05-23 00:00:00+00:00,0.653,0.653,0.653,0.653,2473000.0
2020-05-25 00:00:00+00:00,0.654,0.654,0.654,0.654,179000.0
2020-05-25 04:00:00+00:00,0.654,0.654,0.652,0.653,45265000.0
2020-05-25 08:00:00+00:00,0.653,0.653,0.652,0.652,23200000.0
2020-05-25 12:00:00+00:00,0.652,0.654,0.652,0.654,23329000.0
2020-05-25 16:00:00+00:00,0.654,0.654,0.653,0.654,20378000.0
2020-05-25 20:00:00+00:00,0.654,0.654,0.654,0.654,4766000.0
2020-05-26 00:00:00+00:00,0.654,0.654,0.653,0.654,15099000.0
2020-05-26 04:00:00+00:00,0.654,0.657,0.654,0.657,36923000.0
2020-05-26 08:00:00+00:00,0.657,0.659,0.6559999999999999,0.659,28631000.0
2020-05-26 12:00:00+00:00,0.659,0.6629999999999999,0.659,0.6629999999999999,37455000.0
2020-05-26 16:00:00+00:00,0.6629999999999999,0.665,0.6629999999999999,0.664,66327000.0
2020-05-26 20:00:00+00:00,0.664,0.667,0.664,0.664,30565000.0
2020-05-27 00:00:00+00:00,0.664,0.665,0.664,0.664,17032000.0
2020-05-29 00:00:00+00:00,0.6629999999999999,0.6629999999999999,0.6629999999999999,0.6629999999999999,321000.0
2020-05-29 04:00:00+00:00,0.6629999999999999,0.664,0.662,0.664,46367000.0
2020-05-29 08:00:00+00:00,0.664,0.6659999999999999,0.664,0.665,41026000.0
2020-05-29 12:00:00+00:00,0.665,0.6659999999999999,0.664,0.6659999999999999,49194000.0
2020-05-29 16:00:00+00:00,0.6659999999999999,0.6679999999999999,0.662,0.6629999999999999,119449000.0
2020-05-29 20:00:00+00:00,0.664,0.667,0.662,0.6659999999999999,86101000.0
2020-05-30 00:00:00+00:00,0.6659999999999999,0.6659999999999999,0.6659999999999999,0.6659999999999999,47359000.0
2020-06-01 00:00:00+00:00,0.665,0.665,0.665,0.665,296000.0
2020-06-01 04:00:00+00:00,0.665,0.6729999999999999,0.665,0.6709999999999999,64120000.0
2020-06-01 08:00:00+00:00,0.672,0.677,0.672,0.6759999999999999,39739000.0
2020-06-01 12:00:00+00:00,0.6759999999999999,0.6759999999999999,0.672,0.6729999999999999,58943000.0
2020-06-01 16:00:00+00:00,0.6729999999999999,0.6779999999999999,0.6709999999999999,0.6779999999999999,77311000.0
2020-06-01 20:00:00+00:00,0.6779999999999999,0.68,0.6779999999999999,0.679,31265000.0
2020-06-02 00:00:00+00:00,0.679,0.68,0.6779999999999999,0.6779999999999999,20759000.0
2020-06-02 04:00:00+00:00,0.6779999999999999,0.6809999999999999,0.677,0.6779999999999999,41754000.0
2020-06-02 08:00:00+00:00,0.6779999999999999,0.6809999999999999,0.6779999999999999,0.679,42956000.0
2020-06-02 12:00:00+00:00,0.679,0.6859999999999999,0.679,0.684,59560000.0
2020-06-02 16:00:00+00:00,0.685,0.6890000000000001,0.684,0.6859999999999999,86082000.0
2020-06-02 20:00:00+00:00,0.687,0.6890000000000001,0.687,0.688,40389000.0
2020-06-03 00:00:00+00:00,0.688,0.6920000000000001,0.688,0.691,20537000.0
2020-06-03 04:00:00+00:00,0.691,0.698,0.691,0.693,65829000.0
2020-06-03 08:00:00+00:00,0.693,0.6940000000000001,0.691,0.691,47766000.0
2020-06-03 12:00:00+00:00,0.691,0.691,0.685,0.687,68323000.0
2020-06-03 16:00:00+00:00,0.687,0.695,0.687,0.6940000000000001,133849000.0
2020-06-03 20:00:00+00:00,0.6940000000000001,0.695,0.6920000000000001,0.6920000000000001,45812000.0
2020-06-04 00:00:00+00:00,0.6920000000000001,0.693,0.691,0.6920000000000001,16868000.0
2020-06-04 04:00:00+00:00,0.6920000000000001,0.6920000000000001,0.6890000000000001,0.6890000000000001,45201000.0
2020-06-04 08:00:00+00:00,0.69,0.691,0.688,0.6890000000000001,42751000.0
2020-06-04 12:00:00+00:00,0.6890000000000001,0.693,0.688,0.6920000000000001,49689000.0
2020-06-04 16:00:00+00:00,0.6920000000000001,0.698,0.6890000000000001,0.6940000000000001,145043000.0
2020-06-04 20:00:00+00:00,0.6940000000000001,0.695,0.693,0.693,71167000.0
2020-06-05 00:00:00+00:00,0.693,0.695,0.693,0.693,22289000.0
2020-06-05 04:00:00+00:00,0.693,0.695,0.693,0.695,50906000.0
2020-06-05 08:00:00+00:00,0.695,0.701,0.695,0.7,56653000.0
2020-06-05 12:00:00+00:00,0.7,0.7,0.696,0.6970000000000001,54405000.0
2020-06-05 16:00:00+00:00,0.6970000000000001,0.6990000000000001,0.695,0.698,118003000.0
2020-06-05 20:00:00+00:00,0.698,0.698,0.696,0.696,48028000.0
2020-06-06 00:00:00+00:00,0.696,0.696,0.696,0.696,4842000.0
2020-06-08 00:00:00+00:00,0.6990000000000001,0.6990000000000001,0.7,0.6990000000000001,640000.0
2020-06-08 04:00:00+00:00,0.6990000000000001,0.6990000000000001,0.696,0.6970000000000001,37256000.0
2020-06-08 08:00:00+00:00,0.6970000000000001,0.6990000000000001,0.696,0.698,38388000.0
2020-06-08 12:00:00+00:00,0.698,0.7,0.6970000000000001,0.6970000000000001,41692000.0
2020-06-08 16:00:00+00:00,0.698,0.7,0.696,0.6990000000000001,69385000.0
2020-06-08 20:00:00+00:00,0.6990000000000001,0.7020000000000001,0.6990000000000001,0.7020000000000001,33196000.0
2020-06-09 00:00:00+00:00,0.7020000000000001,0.7020000000000001,0.701,0.701,18010000.0
2020-06-09 04:00:00+00:00,0.7020000000000001,0.703,0.6990000000000001,0.6990000000000001,48513000.0
2020-06-09 08:00:00+00:00,0.6990000000000001,0.6990000000000001,0.691,0.693,63925000.0
2020-06-09 12:00:00+00:00,0.693,0.695,0.69,0.693,81985000.0
2020-06-09 16:00:00+00:00,0.693,0.6970000000000001,0.6920000000000001,0.696,97572000.0
2020-06-09 20:00:00+00:00,0.696,0.6970000000000001,0.695,0.696,36795000.0
2020-06-10 00:00:00+00:00,0.696,0.696,0.693,0.693,17321000.0
2020-06-10 04:00:00+00:00,0.693,0.6970000000000001,0.693,0.6970000000000001,44832000.0
2020-06-10 08:00:00+00:00,0.6970000000000001,0.7,0.696,0.6990000000000001,55146000.0
2020-06-10 12:00:00+00:00,0.6990000000000001,0.701,0.698,0.701,70825000.0
2020-06-10 16:00:00+00:00,0.701,0.701,0.6990000000000001,0.7,109635000.0
2020-06-10 20:00:00+00:00,0.7,0.706,0.6990000000000001,0.7,148738000.0
2020-06-11 00:00:00+00:00,0.7,0.7,0.696,0.696,30891000.0
2020-06-11 04:00:00+00:00,0.696,0.6990000000000001,0.693,0.693,65756000.0
2020-06-11 08:00:00+00:00,0.693,0.6940000000000001,0.69,0.691,89496000.0
2020-06-11 12:00:00+00:00,0.691,0.696,0.69,0.691,92995000.0
2020-06-11 16:00:00+00:00,0.691,0.6920000000000001,0.688,0.688,141100000.0
2020-06-11 20:00:00+00:00,0.688,0.6890000000000001,0.684,0.684,126738000.0
2020-06-12 00:00:00+00:00,0.684,0.685,0.682,0.682,40973000.0
2020-06-12 04:00:00+00:00,0.6829999999999999,0.6829999999999999,0.68,0.6829999999999999,85953000.0
2020-06-12 08:00:00+00:00,0.6829999999999999,0.6890000000000001,0.6829999999999999,0.688,86009000.0
2020-06-12 12:00:00+00:00,0.6890000000000001,0.691,0.688,0.688,79462000.0
2020-06-12 16:00:00+00:00,0.688,0.69,0.682,0.685,151368000.0
2020-06-12 20:00:00+00:00,0.685,0.6859999999999999,0.6809999999999999,0.685,133270000.0
2020-06-13 00:00:00+00:00,0.685,0.687,0.685,0.6859999999999999,10556000.0
2020-06-15 00:00:00+00:00,0.682,0.682,0.682,0.682,847000.0
2020-06-15 04:00:00+00:00,0.682,0.684,0.6809999999999999,0.6829999999999999,92698000.0
2020-06-15 08:00:00+00:00,0.6829999999999999,0.6829999999999999,0.6779999999999999,0.679,118165000.0
2020-06-15 12:00:00+00:00,0.679,0.6829999999999999,0.679,0.682,90970000.0
2020-06-15 16:00:00+00:00,0.6829999999999999,0.6859999999999999,0.682,0.684,155652000.0
2020-06-15 20:00:00+00:00,0.685,0.6920000000000001,0.685,0.691,102997000.0
2020-06-16 00:00:00+00:00,0.691,0.696,0.691,0.696,40477000.0
2020-06-16 04:00:00+00:00,0.696,0.6970000000000001,0.693,0.695,68325000.0
2020-06-16 08:00:00+00:00,0.695,0.696,0.69,0.6890000000000001,76909000.0
2020-06-16 12:00:00+00:00,0.6890000000000001,0.693,0.69,0.691,71962000.0
2020-06-16 16:00:00+00:00,0.691,0.695,0.684,0.688,173613000.0
2020-06-16 20:00:00+00:00,0.688,0.69,0.687,0.688,78023000.0
2020-06-17 00:00:00+00:00,0.688,0.6890000000000001,0.687,0.6890000000000001,30224000.0
2020-06-17 04:00:00+00:00,0.6890000000000001,0.6890000000000001,0.685,0.6859999999999999,73722000.0
2020-06-17 08:00:00+00:00,0.6859999999999999,0.6920000000000001,0.6859999999999999,0.69,67131000.0
2020-06-17 12:00:00+00:00,0.69,0.691,0.687,0.688,86465000.0
2020-06-17 16:00:00+00:00,0.688,0.691,0.688,0.6890000000000001,125252000.0
2020-06-17 20:00:00+00:00,0.6890000000000001,0.691,0.687,0.688,55836000.0
2020-06-18 00:00:00+00:00,0.688,0.6890000000000001,0.687,0.687,28406000.0
2020-06-18 04:00:00+00:00,0.687,0.688,0.684,0.687,71380000.0
2020-06-18 08:00:00+00:00,0.687,0.688,0.6859999999999999,0.687,60481000.0
2020-06-18 12:00:00+00:00,0.687,0.69,0.6859999999999999,0.6859999999999999,82166000.0
2020-06-18 16:00:00+00:00,0.6859999999999999,0.6859999999999999,0.684,0.684,91540000.0
2020-06-18 20:00:00+00:00,0.684,0.685,0.6829999999999999,0.684,40046000.0
2020-06-19 00:00:00+00:00,0.684,0.6859999999999999,0.684,0.685,29344000.0
2020-06-19 04:00:00+00:00,0.685,0.6859999999999999,0.684,0.6859999999999999,42669000.0
2020-06-19 08:00:00+00:00,0.6859999999999999,0.687,0.685,0.6859999999999999,43163000.0
2020-06-19 12:00:00+00:00,0.6859999999999999,0.688,0.685,0.688,41615000.0
2020-06-19 16:00:00+00:00,0.688,0.691,0.685,0.685,84575000.0
2020-06-19 20:00:00+00:00,0.685,0.685,0.6829999999999999,0.684,75394000.0
2020-06-20 00:00:00+00:00,0.684,0.684,0.6829999999999999,0.6829999999999999,11497000.0
2020-06-22 00:00:00+00:00,0.6809999999999999,0.682,0.682,0.6809999999999999,609000.0
2020-06-22 04:00:00+00:00,0.682,0.685,0.6809999999999999,0.685,44865000.0
2020-06-22 08:00:00+00:00,0.685,0.688,0.685,0.688,46677000.0
2020-06-22 12:00:00+00:00,0.688,0.6890000000000001,0.6859999999999999,0.687,43398000.0
2020-06-22 16:00:00+00:00,0.688,0.691,0.687,0.69,62406000.0
2020-06-22 20:00:00+00:00,0.69,0.6920000000000001,0.69,0.69,32618000.0
2020-06-23 00:00:00+00:00,0.69,0.693,0.69,0.6920000000000001,25209000.0
2020-06-23 04:00:00+00:00,0.693,0.693,0.6859999999999999,0.691,109105000.0
2020-06-23 08:00:00+00:00,0.691,0.693,0.6890000000000001,0.693,58536000.0
2020-06-23 12:00:00+00:00,0.693,0.6940000000000001,0.691,0.6940000000000001,58128000.0
2020-06-23 16:00:00+00:00,0.6940000000000001,0.6970000000000001,0.6940000000000001,0.695,70376000.0
2020-06-23 20:00:00+00:00,0.695,0.695,0.6920000000000001,0.6920000000000001,36381000.0
2020-06-24 00:00:00+00:00,0.6920000000000001,0.6940000000000001,0.6920000000000001,0.6940000000000001,17846000.0
2020-06-24 04:00:00+00:00,0.6940000000000001,0.696,0.6940000000000001,0.6940000000000001,52620000.0
2020-06-24 08:00:00+00:00,0.6940000000000001,0.6940000000000001,0.691,0.691,44362000.0
2020-06-24 12:00:00+00:00,0.6920000000000001,0.6920000000000001,0.69,0.69,62881000.0
2020-06-24 16:00:00+00:00,0.69,0.691,0.6859999999999999,0.687,103190000.0
2020-06-24 20:00:00+00:00,0.687,0.6890000000000001,0.6859999999999999,0.6859999999999999,69981000.0
2020-06-25 00:00:00+00:00,0.687,0.687,0.685,0.685,28989000.0
2020-06-25 04:00:00+00:00,0.685,0.687,0.685,0.6859999999999999,58221000.0
2020-06-25 08:00:00+00:00,0.6859999999999999,0.687,0.685,0.6859999999999999,62783000.0
2020-06-25 12:00:00+00:00,0.6859999999999999,0.688,0.685,0.685,77987000.0
2020-06-25 16:00:00+00:00,0.685,0.688,0.685,0.6859999999999999,109384000.0
2020-06-25 20:00:00+00:00,0.6859999999999999,0.6890000000000001,0.6859999999999999,0.688,50708000.0
2020-06-26 00:00:00+00:00,0.688,0.6890000000000001,0.688,0.688,19399000.0
2020-06-29 00:00:00+00:00,0.6859999999999999,0.6859999999999999,0.6859999999999999,0.6859999999999999,727000.0
2020-06-29 04:00:00+00:00,0.6859999999999999,0.688,0.685,0.687,42490000.0
2020-06-29 08:00:00+00:00,0.687,0.688,0.6859999999999999,0.687,56486000.0
2020-06-29 12:00:00+00:00,0.687,0.688,0.6859999999999999,0.687,53203000.0
2020-06-29 16:00:00+00:00,0.687,0.688,0.684,0.684,69635000.0
2020-06-29 20:00:00+00:00,0.685,0.6859999999999999,0.685,0.6859999999999999,32993000.0
2020-06-30 00:00:00+00:00,0.6859999999999999,0.687,0.6859999999999999,0.6859999999999999,18413000.0
2020-06-30 04:00:00+00:00,0.687,0.688,0.6859999999999999,0.688,27380000.0
2020-06-30 08:00:00+00:00,0.688,0.688,0.684,0.685,44556000.0
2020-06-30 12:00:00+00:00,0.685,0.6859999999999999,0.6829999999999999,0.685,54717000.0
2020-06-30 16:00:00+00:00,0.685,0.691,0.684,0.6890000000000001,80375000.0
2020-06-30 20:00:00+00:00,0.6890000000000001,0.69,0.688,0.6890000000000001,40570000.0
2020-07-01 00:00:00+00:00,0.69,0.69,0.6890000000000001,0.6890000000000001,15588000.0
2020-07-01 04:00:00+00:00,0.69,0.691,0.6890000000000001,0.6890000000000001,37210000.0
2020-07-01 08:00:00+00:00,0.6890000000000001,0.691,0.688,0.69,41284000.0
2020-07-01 12:00:00+00:00,0.69,0.6920000000000001,0.687,0.688,51292000.0
2020-07-01 16:00:00+00:00,0.688,0.6940000000000001,0.688,0.691,81890000.0
2020-07-01 20:00:00+00:00,0.691,0.6920000000000001,0.69,0.691,41754000.0
2020-07-02 00:00:00+00:00,0.691,0.6920000000000001,0.691,0.69,21056000.0
2020-07-02 04:00:00+00:00,0.691,0.6920000000000001,0.69,0.691,42600000.0
2020-07-02 08:00:00+00:00,0.691,0.693,0.691,0.693,45146000.0
2020-07-02 12:00:00+00:00,0.693,0.693,0.691,0.6920000000000001,42391000.0
2020-07-02 16:00:00+00:00,0.6920000000000001,0.695,0.69,0.691,97373000.0
2020-07-02 20:00:00+00:00,0.691,0.6920000000000001,0.691,0.6920000000000001,29850000.0
2020-07-03 00:00:00+00:00,0.6920000000000001,0.6920000000000001,0.691,0.691,12368000.0
2020-07-03 04:00:00+00:00,0.6920000000000001,0.693,0.691,0.693,29156000.0
2020-07-03 08:00:00+00:00,0.693,0.6940000000000001,0.6920000000000001,0.693,40624000.0
2020-07-03 12:00:00+00:00,0.693,0.6940000000000001,0.6920000000000001,0.693,38463000.0
2020-07-03 16:00:00+00:00,0.693,0.6940000000000001,0.693,0.6940000000000001,26455000.0
2020-07-03 20:00:00+00:00,0.6940000000000001,0.6940000000000001,0.693,0.6940000000000001,9244000.0
2020-07-04 00:00:00+00:00,0.6940000000000001,0.6940000000000001,0.693,0.6940000000000001,11351000.0
2020-07-06 00:00:00+00:00,0.6940000000000001,0.6940000000000001,0.6940000000000001,0.6940000000000001,231000.0
2020-07-06 04:00:00+00:00,0.6940000000000001,0.696,0.6940000000000001,0.696,30565000.0
2020-07-06 08:00:00+00:00,0.696,0.698,0.696,0.696,40782000.0
2020-07-06 12:00:00+00:00,0.696,0.6970000000000001,0.695,0.6970000000000001,38807000.0
2020-07-06 16:00:00+00:00,0.6970000000000001,0.698,0.696,0.6970000000000001,54638000.0
2020-07-06 20:00:00+00:00,0.6970000000000001,0.6970000000000001,0.6970000000000001,0.6970000000000001,18935000.0
2020-07-07 00:00:00+00:00,0.6970000000000001,0.6970000000000001,0.6970000000000001,0.6970000000000001,9926000.0
2020-07-07 04:00:00+00:00,0.6970000000000001,0.6990000000000001,0.695,0.696,45315000.0
2020-07-07 08:00:00+00:00,0.696,0.6970000000000001,0.693,0.6940000000000001,43877000.0
2020-07-07 12:00:00+00:00,0.6940000000000001,0.6940000000000001,0.6920000000000001,0.693,51206000.0
2020-07-07 16:00:00+00:00,0.6940000000000001,0.6970000000000001,0.6940000000000001,0.6970000000000001,59636000.0
2020-07-07 20:00:00+00:00,0.6970000000000001,0.6970000000000001,0.6940000000000001,0.693,34785000.0
2020-07-08 00:00:00+00:00,0.6940000000000001,0.695,0.6940000000000001,0.693,19827000.0
2020-07-08 04:00:00+00:00,0.693,0.695,0.693,0.6940000000000001,44353000.0
2020-07-08 08:00:00+00:00,0.6940000000000001,0.6940000000000001,0.6920000000000001,0.6940000000000001,43486000.0
2020-07-08 12:00:00+00:00,0.6940000000000001,0.695,0.693,0.695,47604000.0
2020-07-08 16:00:00+00:00,0.695,0.6970000000000001,0.6940000000000001,0.696,66183000.0
2020-07-08 20:00:00+00:00,0.696,0.698,0.696,0.6970000000000001,35426000.0
2020-07-09 00:00:00+00:00,0.698,0.698,0.698,0.698,11633000.0
2020-07-10 00:00:00+00:00,0.695,0.695,0.696,0.695,177000.0
2020-07-10 04:00:00+00:00,0.695,0.695,0.693,0.6940000000000001,35559000.0
2020-07-10 08:00:00+00:00,0.6940000000000001,0.6940000000000001,0.6920000000000001,0.6940000000000001,37711000.0
2020-07-10 12:00:00+00:00,0.6940000000000001,0.696,0.6940000000000001,0.6940000000000001,35696000.0
2020-07-10 16:00:00+00:00,0.6940000000000001,0.696,0.6940000000000001,0.695,78996000.0
2020-07-10 20:00:00+00:00,0.695,0.695,0.693,0.6940000000000001,23726000.0
2020-07-11 00:00:00+00:00,0.6940000000000001,0.6940000000000001,0.6940000000000001,0.6940000000000001,4140000.0
2020-07-13 00:00:00+00:00,0.6940000000000001,0.6940000000000001,0.695,0.6940000000000001,275000.0
2020-07-13 04:00:00+00:00,0.6940000000000001,0.6970000000000001,0.6940000000000001,0.696,35490000.0
2020-07-13 08:00:00+00:00,0.6970000000000001,0.698,0.6970000000000001,0.6970000000000001,35290000.0
2020-07-13 12:00:00+00:00,0.6970000000000001,0.6970000000000001,0.695,0.6970000000000001,40556000.0
2020-07-13 16:00:00+00:00,0.6970000000000001,0.6990000000000001,0.696,0.698,47420000.0
2020-07-13 20:00:00+00:00,0.698,0.698,0.6940000000000001,0.6940000000000001,51201000.0
2020-07-14 00:00:00+00:00,0.6940000000000001,0.6940000000000001,0.693,0.693,18803000.0
2020-07-14 04:00:00+00:00,0.693,0.6940000000000001,0.6920000000000001,0.693,44118000.0
2020-07-14 08:00:00+00:00,0.6940000000000001,0.695,0.6920000000000001,0.693,38459000.0
2020-07-14 12:00:00+00:00,0.693,0.696,0.693,0.696,45659000.0
2020-07-14 16:00:00+00:00,0.696,0.6970000000000001,0.693,0.696,124382000.0
2020-07-14 20:00:00+00:00,0.696,0.6970000000000001,0.696,0.6970000000000001,52619000.0
2020-07-15 00:00:00+00:00,0.6970000000000001,0.6990000000000001,0.6970000000000001,0.698,20176000.0
2020-07-15 04:00:00+00:00,0.698,0.701,0.698,0.6990000000000001,44336000.0
2020-07-15 08:00:00+00:00,0.6990000000000001,0.701,0.6990000000000001,0.7,36244000.0
2020-07-15 12:00:00+00:00,0.7,0.7020000000000001,0.6990000000000001,0.7020000000000001,43977000.0
2020-07-15 16:00:00+00:00,0.7020000000000001,0.703,0.7,0.7,66054000.0
2020-07-15 20:00:00+00:00,0.7,0.7,0.6990000000000001,0.7,37748000.0
2020-07-16 00:00:00+00:00,0.7,0.701,0.7,0.7,16089000.0
2020-07-16 04:00:00+00:00,0.7,0.7,0.698,0.6990000000000001,52166000.0
2020-07-16 08:00:00+00:00,0.6990000000000001,0.6990000000000001,0.698,0.6990000000000001,39851000.0
2020-07-16 12:00:00+00:00,0.6990000000000001,0.6990000000000001,0.6970000000000001,0.698,39368000.0
2020-07-16 16:00:00+00:00,0.698,0.701,0.698,0.7,67309000.0
2020-07-16 20:00:00+00:00,0.7,0.701,0.696,0.6970000000000001,36678000.0
2020-07-17 00:00:00+00:00,0.6970000000000001,0.6970000000000001,0.696,0.6970000000000001,13938000.0
2020-07-17 04:00:00+00:00,0.6970000000000001,0.698,0.6970000000000001,0.698,33297000.0
2020-07-17 08:00:00+00:00,0.698,0.6990000000000001,0.698,0.698,28714000.0
2020-07-17 12:00:00+00:00,0.698,0.6990000000000001,0.6970000000000001,0.698,30031000.0
2020-07-17 16:00:00+00:00,0.698,0.6990000000000001,0.6970000000000001,0.6990000000000001,36387000.0
2020-07-17 20:00:00+00:00,0.6990000000000001,0.7,0.6990000000000001,0.7,18391000.0
2020-07-18 00:00:00+00:00,0.7,0.7,0.6990000000000001,0.6990000000000001,5426000.0
2020-07-20 00:00:00+00:00,0.7,0.7,0.7,0.7,152000.0
2020-07-20 04:00:00+00:00,0.7,0.7,0.6970000000000001,0.698,29268000.0
2020-07-20 08:00:00+00:00,0.698,0.6990000000000001,0.698,0.6990000000000001,31999000.0
2020-07-20 12:00:00+00:00,0.6990000000000001,0.7,0.6990000000000001,0.6990000000000001,28988000.0
2020-07-20 16:00:00+00:00,0.7,0.701,0.6990000000000001,0.7,40709000.0
2020-07-20 20:00:00+00:00,0.7,0.701,0.7,0.701,14890000.0
2020-07-21 00:00:00+00:00,0.701,0.7020000000000001,0.701,0.7020000000000001,8665000.0
2020-07-21 04:00:00+00:00,0.7020000000000001,0.703,0.701,0.7020000000000001,30332000.0
2020-07-21 08:00:00+00:00,0.7020000000000001,0.705,0.701,0.7040000000000001,38080000.0
2020-07-21 12:00:00+00:00,0.7040000000000001,0.708,0.7040000000000001,0.708,39641000.0
2020-07-21 16:00:00+00:00,0.708,0.711,0.7070000000000001,0.711,62607000.0
2020-07-21 20:00:00+00:00,0.711,0.7140000000000001,0.711,0.7120000000000001,46553000.0
2020-07-22 00:00:00+00:00,0.7120000000000001,0.713,0.7120000000000001,0.713,15631000.0
2020-07-22 04:00:00+00:00,0.713,0.7140000000000001,0.7120000000000001,0.713,35745000.0
2020-07-22 08:00:00+00:00,0.713,0.716,0.711,0.7120000000000001,56365000.0
2020-07-22 12:00:00+00:00,0.7120000000000001,0.7170000000000001,0.711,0.7170000000000001,64398000.0
2020-07-22 16:00:00+00:00,0.7170000000000001,0.718,0.713,0.7140000000000001,74575000.0
2020-07-22 20:00:00+00:00,0.7140000000000001,0.7140000000000001,0.713,0.7140000000000001,31263000.0
2020-07-23 00:00:00+00:00,0.7140000000000001,0.7140000000000001,0.713,0.713,18028000.0
2020-07-23 04:00:00+00:00,0.713,0.7140000000000001,0.713,0.7140000000000001,43337000.0
2020-07-23 08:00:00+00:00,0.7140000000000001,0.716,0.7140000000000001,0.715,45989000.0
2020-07-23 12:00:00+00:00,0.715,0.716,0.711,0.711,46185000.0
2020-07-23 16:00:00+00:00,0.711,0.713,0.7090000000000001,0.713,79348000.0
2020-07-23 20:00:00+00:00,0.713,0.713,0.7090000000000001,0.7090000000000001,82642000.0
2020-07-24 00:00:00+00:00,0.7090000000000001,0.711,0.7090000000000001,0.7090000000000001,17195000.0
2020-07-24 04:00:00+00:00,0.7090000000000001,0.7120000000000001,0.7090000000000001,0.7090000000000001,41559000.0
2020-07-24 08:00:00+00:00,0.7090000000000001,0.7090000000000001,0.7070000000000001,0.708,65471000.0
2020-07-24 12:00:00+00:00,0.708,0.708,0.706,0.708,57810000.0
2020-07-24 16:00:00+00:00,0.708,0.71,0.7070000000000001,0.7090000000000001,69354000.0
2020-07-24 20:00:00+00:00,0.7090000000000001,0.71,0.708,0.7090000000000001,35084000.0
2020-07-25 00:00:00+00:00,0.7090000000000001,0.71,0.7090000000000001,0.71,3602000.0
2020-07-27 00:00:00+00:00,0.7090000000000001,0.7090000000000001,0.7090000000000001,0.7090000000000001,324000.0
