Date,Close
01/07/2002,161.75
02/07/2002,160.4
03/07/2002,159.8
04/07/2002,158
05/07/2002,157.55
08/07/2002,163.55
09/07/2002,160.95
10/07/2002,160.3
11/07/2002,158.1
12/07/2002,157.95
15/07/2002,154.9
16/07/2002,151.75
17/07/2002,149.25
18/07/2002,150
19/07/2002,150.2
22/07/2002,142.7
23/07/2002,141.95
24/07/2002,137.55
25/07/2002,136.4
26/07/2002,136.9
29/07/2002,135.35
30/07/2002,133.95
31/07/2002,132.75
01/08/2002,130.85
02/08/2002,135.5
05/08/2002,138.8
06/08/2002,138.15
07/08/2002,137.7
08/08/2002,135
09/08/2002,134.65
12/08/2002,136.4
13/08/2002,136.3
14/08/2002,136.35
16/08/2002,136.3
19/08/2002,136.3
20/08/2002,136.65
21/08/2002,139.2
22/08/2002,139.9
23/08/2002,140.1
26/08/2002,140.25
27/08/2002,138.8
28/08/2002,137.1
29/08/2002,136.55
30/08/2002,138.1
02/09/2002,139.85
03/09/2002,139.35
04/09/2002,137.45
05/09/2002,141.1
06/09/2002,138.4
09/09/2002,138.05
11/09/2002,141.7
12/09/2002,146.6
13/09/2002,145
16/09/2002,142.55
17/09/2002,143.3
18/09/2002,139.85
19/09/2002,138.75
20/09/2002,138.6
23/09/2002,138.7
24/09/2002,136.95
25/09/2002,136.45
26/09/2002,136.45
27/09/2002,139.05
30/09/2002,137.75
01/10/2002,138.15
03/10/2002,137.65
04/10/2002,138.45
07/10/2002,141.85
08/10/2002,140.9
09/10/2002,140.7
10/10/2002,140.75
11/10/2002,141
14/10/2002,143
16/10/2002,144.5
17/10/2002,143.55
18/10/2002,145.3
21/10/2002,144.55
22/10/2002,139.95
23/10/2002,137.6
24/10/2002,137.4
25/10/2002,135.4
28/10/2002,130.5
29/10/2002,133.7
30/10/2002,131.7
31/10/2002,132.9
01/11/2002,138.7
04/11/2002,138.95
05/11/2002,142.6
07/11/2002,143.6
08/11/2002,142.15
11/11/2002,141.55
12/11/2002,143.9
13/11/2002,145.85
14/11/2002,146.95
15/11/2002,153.55
18/11/2002,151.8
20/11/2002,152.4
21/11/2002,154.5
22/11/2002,154.05
25/11/2002,155.1
26/11/2002,155.05
27/11/2002,155.15
28/11/2002,162.65
29/11/2002,163.8
02/12/2002,163.45
03/12/2002,159.15
04/12/2002,156.15
05/12/2002,159.7
06/12/2002,164
09/12/2002,160.25
10/12/2002,157.65
11/12/2002,157.3
12/12/2002,157.95
13/12/2002,158.8
16/12/2002,159.05
17/12/2002,157.15
18/12/2002,157.35
19/12/2002,156.2
20/12/2002,156.5
23/12/2002,157.25
24/12/2002,158.6
26/12/2002,159.25
27/12/2002,162.05
30/12/2002,164.9
31/12/2002,165.1
01/01/2003,164.35
02/01/2003,164.85
03/01/2003,159.25
06/01/2003,157.05
07/01/2003,153.85
08/01/2003,157.05
09/01/2003,158.2
10/01/2003,156.85
13/01/2003,155.05
14/01/2003,158.9
15/01/2003,158.4
16/01/2003,157.5
17/01/2003,153.4
20/01/2003,150.1
21/01/2003,150.9
22/01/2003,151.1
23/01/2003,151.6
24/01/2003,146.7
27/01/2003,145.7
28/01/2003,146.05
29/01/2003,145
30/01/2003,140.4
31/01/2003,142.75
03/02/2003,147.15
04/02/2003,146.25
05/02/2003,144.6
06/02/2003,147.1
07/02/2003,145.4
10/02/2003,144.15
11/02/2003,146.95
12/02/2003,153.35
14/02/2003,147.4
17/02/2003,158.15
18/02/2003,152.95
19/02/2003,153.2
20/02/2003,153.15
21/02/2003,153.45
24/02/2003,154
25/02/2003,151.4
26/02/2003,153.65
27/02/2003,152.4
28/02/2003,154.15
03/03/2003,151.8
04/03/2003,149.9
05/03/2003,148.7
06/03/2003,148.35
07/03/2003,144.9
10/03/2003,140.5
11/03/2003,141.1
12/03/2003,141.95
13/03/2003,140.95
17/03/2003,139.05
19/03/2003,132.6
20/03/2003,135.7
21/03/2003,138.4
24/03/2003,134.75
25/03/2003,135
26/03/2003,138.55
27/03/2003,138.25
28/03/2003,138.7
31/03/2003,138.5
01/04/2003,139.2
02/04/2003,140.35
03/04/2003,139.8
04/04/2003,141.3
07/04/2003,142.9
08/04/2003,143.95
09/04/2003,142.8
10/04/2003,140.5
11/04/2003,140.85
15/04/2003,135.55
16/04/2003,136.75
17/04/2003,137.4
21/04/2003,134.55
22/04/2003,134.15
23/04/2003,133.6
24/04/2003,131.1
25/04/2003,128
28/04/2003,128.45
29/04/2003,129.5
30/04/2003,130.8
02/05/2003,130.45
05/05/2003,132.05
06/05/2003,133.75
07/05/2003,132.3
08/05/2003,130.1
09/05/2003,129.45
12/05/2003,129.45
13/05/2003,131.25
14/05/2003,132.05
15/05/2003,134.2
16/05/2003,133.35
19/05/2003,133
20/05/2003,133.2
21/05/2003,135.6
22/05/2003,135.55
23/05/2003,135.7
26/05/2003,140.5
27/05/2003,140.85
28/05/2003,140.55
29/05/2003,146.3
30/05/2003,145.55
02/06/2003,149.45
03/06/2003,148.6
04/06/2003,148.3
05/06/2003,146.6
06/06/2003,148.15
09/06/2003,151.9
10/06/2003,147.25
11/06/2003,147.85
12/06/2003,147.75
13/06/2003,147.3
16/06/2003,145.7
17/06/2003,153.65
18/06/2003,160.9
19/06/2003,160.4
20/06/2003,158.45
23/06/2003,156.55
24/06/2003,157.05
25/06/2003,165.35
26/06/2003,167.8
27/06/2003,170.7
30/06/2003,167.2
01/07/2003,163.45
02/07/2003,165.05
03/07/2003,168.55
04/07/2003,168.75
07/07/2003,169.9
08/07/2003,170.15
09/07/2003,167.25
10/07/2003,174.9
11/07/2003,172.25
14/07/2003,179.25
15/07/2003,177.5
16/07/2003,181.95
17/07/2003,177.55
18/07/2003,174.5
21/07/2003,174.3
22/07/2003,167.1
23/07/2003,165.3
24/07/2003,171.3
25/07/2003,178.45
28/07/2003,179.15
29/07/2003,185.9
30/07/2003,198.6
31/07/2003,194.25
01/08/2003,202.15
04/08/2003,203.75
05/08/2003,194.75
06/08/2003,197.9
07/08/2003,200.2
08/08/2003,205.85
11/08/2003,206.25
12/08/2003,202.35
13/08/2003,209.2
14/08/2003,206.35
18/08/2003,209.2
19/08/2003,215.15
20/08/2003,217.35
21/08/2003,218.35
22/08/2003,217.5
25/08/2003,207.2
26/08/2003,213.7
27/08/2003,213.8
28/08/2003,204.95
29/08/2003,212.45
01/09/2003,217.25
02/09/2003,220.75
03/09/2003,213.55
04/09/2003,212.1
05/09/2003,215.95
08/09/2003,217.65
09/09/2003,214.6
10/09/2003,215.55
11/09/2003,214.15
12/09/2003,207.55
15/09/2003,196.1
16/09/2003,199.6
17/09/2003,191.15
18/09/2003,182.7
19/09/2003,183.45
22/09/2003,189.4
23/09/2003,190.25
24/09/2003,198.7
25/09/2003,193.55
26/09/2003,196.35
29/09/2003,201.45
30/09/2003,203.4
01/10/2003,200.85
03/10/2003,206.55
06/10/2003,210.85
07/10/2003,211.15
08/10/2003,213.25
09/10/2003,206.95
10/10/2003,203.5
13/10/2003,208.35
14/10/2003,203.55
15/10/2003,204.55
16/10/2003,211.95
17/10/2003,217.1
20/10/2003,210.15
21/10/2003,199.2
22/10/2003,198.3
23/10/2003,197.1
24/10/2003,199.2
27/10/2003,205.55
28/10/2003,201.6
29/10/2003,203.3
30/10/2003,204.75
31/10/2003,213.15
03/11/2003,227.7
04/11/2003,234.45
05/11/2003,233.45
06/11/2003,234.25
07/11/2003,229.95
10/11/2003,229.7
11/11/2003,241.95
12/11/2003,235.7
13/11/2003,229.25
14/11/2003,223.5
17/11/2003,230.1
18/11/2003,225.05
19/11/2003,219.95
20/11/2003,219.6
21/11/2003,220.85
24/11/2003,220.15
25/11/2003,220
27/11/2003,219.15
28/11/2003,226.45
01/12/2003,230.55
02/12/2003,234.1
03/12/2003,234.35
04/12/2003,232
05/12/2003,225.85
08/12/2003,218.1
09/12/2003,223.3
10/12/2003,222.6
11/12/2003,221.85
12/12/2003,226.55
15/12/2003,228.1
16/12/2003,225.95
17/12/2003,224.8
18/12/2003,227.65
19/12/2003,231.05
22/12/2003,231.85
23/12/2003,232
24/12/2003,231.6
26/12/2003,249.35
29/12/2003,251.6
30/12/2003,242.35
31/12/2003,244.9
01/01/2004,258.5
02/01/2004,265.15
05/01/2004,273.9
06/01/2004,263.6
07/01/2004,266.2
08/01/2004,274.65
09/01/2004,271.25
12/01/2004,262.7
13/01/2004,265.05
14/01/2004,269.8
15/01/2004,260.4
16/01/2004,246.9
19/01/2004,255.3
20/01/2004,251
21/01/2004,241.55
22/01/2004,229.8
23/01/2004,241.75
27/01/2004,260.25
28/01/2004,257.75
29/01/2004,259.65
30/01/2004,255.35
03/02/2004,241.95
04/02/2004,255.45
05/02/2004,254.55
06/02/2004,256.45
09/02/2004,266.85
10/02/2004,264.35
11/02/2004,274.65
12/02/2004,269.45
13/02/2004,272.1
16/02/2004,272.05
17/02/2004,273.9
18/02/2004,269.6
19/02/2004,262.5
20/02/2004,260.65
23/02/2004,252.3
24/02/2004,256.6
25/02/2004,250.95
26/02/2004,246.85
27/02/2004,259.1
01/03/2004,263.85
03/03/2004,269.6
04/03/2004,263.85
05/03/2004,272.95
08/03/2004,277.2
09/03/2004,273.1
10/03/2004,265.2
11/03/2004,256.2
12/03/2004,260.65
15/03/2004,247.9
16/03/2004,245.85
17/03/2004,248.2
18/03/2004,245.6
19/03/2004,248.2
22/03/2004,240.6
23/03/2004,243.05
24/03/2004,241.75
25/03/2004,245.05
26/03/2004,255.5
29/03/2004,255.3
30/03/2004,250.3
31/03/2004,254.65
01/04/2004,261.65
02/04/2004,264.65
05/04/2004,263.75
06/04/2004,258.25
07/04/2004,259.55
08/04/2004,263
12/04/2004,264.3
13/04/2004,267.4
15/04/2004,274.1
16/04/2004,278.7
19/04/2004,271.1
20/04/2004,268
21/04/2004,276.65
22/04/2004,284.35
23/04/2004,286.9
27/04/2004,267.05
28/04/2004,269.95
29/04/2004,274.55
30/04/2004,280.1
03/05/2004,271.75
04/05/2004,285.7
05/05/2004,289.8
06/05/2004,289.65
07/05/2004,284.25
10/05/2004,274.65
11/05/2004,267.35
12/05/2004,277.05
13/05/2004,280.65
14/05/2004,267.5
17/05/2004,244.2
18/05/2004,253.25
19/05/2004,257.7
20/05/2004,255.35
21/05/2004,254.7
24/05/2004,261.9
25/05/2004,261.3
26/05/2004,258.8
27/05/2004,256.85
28/05/2004,249.45
31/05/2004,237.05
01/06/2004,245.2
02/06/2004,249.25
03/06/2004,241.95
04/06/2004,243
07/06/2004,243.9
08/06/2004,247.9
09/06/2004,245.4
10/06/2004,247.25
11/06/2004,245.4
14/06/2004,236.5
15/06/2004,238.15
16/06/2004,229.65
17/06/2004,232.65
18/06/2004,229.65
21/06/2004,230.75
22/06/2004,234.7
23/06/2004,229
24/06/2004,234.2
25/06/2004,235.3
28/06/2004,241.05
29/06/2004,240.55
30/06/2004,242.1
01/07/2004,244.55
02/07/2004,240.25
05/07/2004,237.35
06/07/2004,243.65
07/07/2004,241.7
08/07/2004,238.6
09/07/2004,241.8
12/07/2004,239.95
13/07/2004,231.15
14/07/2004,228.75
15/07/2004,231.7
16/07/2004,233.25
19/07/2004,233.4
20/07/2004,232.85
21/07/2004,232.1
22/07/2004,228.95
23/07/2004,235.35
26/07/2004,239.9
27/07/2004,235.5
28/07/2004,233.3
29/07/2004,234.05
30/07/2004,239.65
02/08/2004,243.6
03/08/2004,250.7
04/08/2004,250.15
05/08/2004,253.05
06/08/2004,257.35
09/08/2004,261.4
10/08/2004,260.05
11/08/2004,254.6
12/08/2004,256.4
13/08/2004,262.7
16/08/2004,260.55
17/08/2004,265.7
18/08/2004,261.3
19/08/2004,266.5
20/08/2004,262.6
23/08/2004,259.6
24/08/2004,261.15
25/08/2004,263.4
26/08/2004,263.8
27/08/2004,261.45
30/08/2004,269.4
31/08/2004,269.4
01/09/2004,271.25
02/09/2004,268
03/09/2004,267.35
06/09/2004,267
07/09/2004,268.2
08/09/2004,271
09/09/2004,271
10/09/2004,273.45
13/09/2004,271.95
14/09/2004,273.6
15/09/2004,274.85
16/09/2004,275.6
17/09/2004,273.7
20/09/2004,273.45
21/09/2004,274.8
22/09/2004,276.85
23/09/2004,271.95
24/09/2004,270
27/09/2004,267.35
28/09/2004,266.2
29/09/2004,266.1
30/09/2004,267.25
01/10/2004,274.9
04/10/2004,275.95
05/10/2004,275.5
06/10/2004,273.95
07/10/2004,276
08/10/2004,274.75
11/10/2004,275.45
12/10/2004,269.2
14/10/2004,266.5
15/10/2004,264.7
18/10/2004,264.55
19/10/2004,264.45
20/10/2004,265.7
21/10/2004,263.95
25/10/2004,254.7
26/10/2004,251.2
27/10/2004,259.1
28/10/2004,261.05
29/10/2004,256.35
01/11/2004,259.35
02/11/2004,263.05
03/11/2004,264.7
04/11/2004,261.45
05/11/2004,263.1
08/11/2004,260.95
09/11/2004,260.95
10/11/2004,265.25
11/11/2004,267.1
12/11/2004,267.3
16/11/2004,266.75
17/11/2004,267.8
18/11/2004,270.15
19/11/2004,272.2
22/11/2004,276.85
23/11/2004,283.95
24/11/2004,287.85
25/11/2004,287.4
29/11/2004,290.4
30/11/2004,286.95
01/12/2004,285
02/12/2004,294.2
03/12/2004,292.7
06/12/2004,304.25
07/12/2004,301.2
08/12/2004,305.2
09/12/2004,314.75
10/12/2004,314.2
13/12/2004,315.2
14/12/2004,315.5
15/12/2004,313.7
16/12/2004,320.85
17/12/2004,316.8
20/12/2004,320.3
21/12/2004,320.4
22/12/2004,317.1
23/12/2004,317.4
24/12/2004,322.1
27/12/2004,325.1
28/12/2004,325.8
29/12/2004,335.2
30/12/2004,333.5
31/12/2004,338.65
03/01/2005,341.5
04/01/2005,351.25
05/01/2005,348.55
06/01/2005,343.6
07/01/2005,350.5
10/01/2005,345
11/01/2005,334.05
12/01/2005,333.2
13/01/2005,350.85
14/01/2005,344.75
17/01/2005,358.75
18/01/2005,361.55
19/01/2005,365.65
20/01/2005,342.1
24/01/2005,344.6
25/01/2005,344.35
27/01/2005,348.8
28/01/2005,351.15
31/01/2005,357.3
01/02/2005,355.2
02/02/2005,353.9
03/02/2005,363.5
04/02/2005,375.85
07/02/2005,365.5
08/02/2005,369.6
09/02/2005,374.1
10/02/2005,379.4
11/02/2005,378.8
14/02/2005,373.75
15/02/2005,373.6
16/02/2005,368.7
17/02/2005,366.85
18/02/2005,364
21/02/2005,362.25
22/02/2005,363.9
23/02/2005,362.9
24/02/2005,359.7
25/02/2005,360.8
28/02/2005,367.5
01/03/2005,362.6
02/03/2005,368.15
03/03/2005,371.95
04/03/2005,373.95
07/03/2005,368.8
08/03/2005,368.15
09/03/2005,367.15
10/03/2005,369.35
11/03/2005,366.55
14/03/2005,365.3
15/03/2005,361.95
16/03/2005,361.1
17/03/2005,359.15
18/03/2005,359.8
21/03/2005,361
22/03/2005,357.75
23/03/2005,356.55
24/03/2005,359.15
28/03/2005,358.45
29/03/2005,356.05
30/03/2005,358.6
31/03/2005,360.55
01/04/2005,363.95
04/04/2005,361.75
05/04/2005,361.9
06/04/2005,363.5
07/04/2005,364.45
08/04/2005,361.75
11/04/2005,357.25
12/04/2005,361.75
13/04/2005,366.3
15/04/2005,361.95
18/04/2005,363.4
19/04/2005,367
20/04/2005,370.95
21/04/2005,371.75
22/04/2005,376.4
25/04/2005,376.8
26/04/2005,371.2
27/04/2005,363.9
28/04/2005,367.45
29/04/2005,360.6
02/05/2005,362.6
03/05/2005,373.25
04/05/2005,369.95
05/05/2005,370.5
06/05/2005,377.55
09/05/2005,379.55
10/05/2005,385.95
11/05/2005,385.1
12/05/2005,391.5
13/05/2005,391.15
16/05/2005,391
17/05/2005,381.75
18/05/2005,382
19/05/2005,381.6
20/05/2005,378
23/05/2005,378.25
24/05/2005,381.95
25/05/2005,385.15
26/05/2005,380
27/05/2005,382.3
30/05/2005,374.85
31/05/2005,376.7
01/06/2005,378.85
02/06/2005,372
03/06/2005,373.55
06/06/2005,379.95
07/06/2005,379.9
08/06/2005,378.85
09/06/2005,383.3
10/06/2005,384.05
13/06/2005,381.75
14/06/2005,383.6
15/06/2005,381.25
16/06/2005,379.85
17/06/2005,380.65
20/06/2005,380.1
21/06/2005,378.25
22/06/2005,382.85
23/06/2005,386.9
24/06/2005,384.05
27/06/2005,377.6
28/06/2005,380.15
29/06/2005,378.1
30/06/2005,379.6
01/07/2005,385.85
04/07/2005,389.75
05/07/2005,385.25
06/07/2005,391.2
07/07/2005,385.5
08/07/2005,394.7
11/07/2005,412.5
12/07/2005,421.25
13/07/2005,423.15
14/07/2005,424.95
15/07/2005,427.85
18/07/2005,426.75
19/07/2005,443.05
20/07/2005,438.2
21/07/2005,435.9
22/07/2005,443.9
25/07/2005,450.4
26/07/2005,441.3
27/07/2005,442.4
29/07/2005,430.4
01/08/2005,438.35
02/08/2005,443.35
03/08/2005,435.3
04/08/2005,441.05
05/08/2005,441.4
08/08/2005,435.35
09/08/2005,430.6
10/08/2005,434.9
11/08/2005,440.05
12/08/2005,446.05
16/08/2005,456.75
17/08/2005,462.75
18/08/2005,469.2
19/08/2005,471.05
22/08/2005,465.75
23/08/2005,465.3
24/08/2005,459.6
25/08/2005,458.2
26/08/2005,471.85
29/08/2005,471.95
30/08/2005,476.65
31/08/2005,478.4
01/09/2005,477.6
02/09/2005,480.85
05/09/2005,480.95
06/09/2005,480.75
08/09/2005,484.45
09/09/2005,477.2
12/09/2005,477.45
13/09/2005,472.6
14/09/2005,472.35
15/09/2005,477.95
16/09/2005,475.9
19/09/2005,477.05
20/09/2005,473.5
21/09/2005,469.9
22/09/2005,457.75
23/09/2005,465.2
26/09/2005,479.05
27/09/2005,478
28/09/2005,478.85
29/09/2005,485.4
30/09/2005,487.15
03/10/2005,491.2
04/10/2005,494.6
05/10/2005,495.65
06/10/2005,484.2
07/10/2005,476.9
10/10/2005,468.4
11/10/2005,474.35
13/10/2005,466.7
14/10/2005,441.85
17/10/2005,445.5
18/10/2005,448.4
19/10/2005,450.1
20/10/2005,448.6
21/10/2005,446.4
24/10/2005,449.25
25/10/2005,451.65
26/10/2005,449.25
27/10/2005,437.4
28/10/2005,433.3
31/10/2005,445.3
01/11/2005,451.4
02/11/2005,464.7
07/11/2005,462.1
08/11/2005,477.4
09/11/2005,484.8
10/11/2005,478.9
11/11/2005,483.5
14/11/2005,479.25
16/11/2005,481.45
17/11/2005,483.5
18/11/2005,503.35
21/11/2005,498.45
22/11/2005,500.95
23/11/2005,502.05
24/11/2005,506.4
25/11/2005,514.55
28/11/2005,518.45
29/11/2005,522.65
30/11/2005,510.8
01/12/2005,534.95
02/12/2005,538.45
05/12/2005,523.7
06/12/2005,525.75
07/12/2005,526.2
08/12/2005,533.5
09/12/2005,531.6
12/12/2005,529.3
13/12/2005,556.15
14/12/2005,547.3
15/12/2005,536
16/12/2005,536.45
19/12/2005,555.75
20/12/2005,561.2
21/12/2005,543.2
22/12/2005,550.7
23/12/2005,540.7
26/12/2005,523.4
27/12/2005,537.55
28/12/2005,527.5
29/12/2005,527.2
30/12/2005,534.1
02/01/2006,530.45
03/01/2006,547.55
04/01/2006,553.7
05/01/2006,556.15
06/01/2006,557.75
09/01/2006,553.5
10/01/2006,539.5
12/01/2006,534.2
13/01/2006,537
16/01/2006,550.7
17/01/2006,543.65
18/01/2006,539.8
19/01/2006,548.95
20/01/2006,547
23/01/2006,544.25
24/01/2006,549.75
25/01/2006,553.4
27/01/2006,565.1
30/01/2006,575.5
31/01/2006,574.2
01/02/2006,575.25
02/02/2006,591.7
03/02/2006,581.4
06/02/2006,591.2
07/02/2006,597.95
08/02/2006,598.1
10/02/2006,588.8
13/02/2006,588.3
14/02/2006,578.45
15/02/2006,579.85
16/02/2006,586.8
17/02/2006,581.7
20/02/2006,594.45
21/02/2006,592.85
22/02/2006,592.95
23/02/2006,593.85
24/02/2006,593.1
27/02/2006,597.7
28/02/2006,626.3
01/03/2006,684.25
02/03/2006,673.7
03/03/2006,683.35
06/03/2006,684.25
07/03/2006,731.35
08/03/2006,714.15
09/03/2006,749.7
10/03/2006,759.7
13/03/2006,760.25
14/03/2006,760.25
16/03/2006,762.35
17/03/2006,759.35
20/03/2006,765.15
21/03/2006,755.9
22/03/2006,743.9
23/03/2006,761.15
24/03/2006,763.55
27/03/2006,785.75
28/03/2006,779.7
29/03/2006,779.25
30/03/2006,782.7
31/03/2006,782.2
03/04/2006,796.5
04/04/2006,795.25
05/04/2006,839
07/04/2006,886.75
10/04/2006,918.95
12/04/2006,911.75
13/04/2006,898.35
17/04/2006,938
18/04/2006,935.85
19/04/2006,968.05
20/04/2006,964
21/04/2006,962.8
24/04/2006,959.3
25/04/2006,924.35
26/04/2006,968.3
27/04/2006,934.15
28/04/2006,953.2
02/05/2006,991.2
03/05/2006,985.4
04/05/2006,975.05
05/05/2006,987.55
08/05/2006,1007.2
09/05/2006,1002.9
10/05/2006,977.25
11/05/2006,964.95
12/05/2006,897.45
15/05/2006,862.85
16/05/2006,904.35
17/05/2006,908.7
18/05/2006,799.6
19/05/2006,751.2
22/05/2006,726.65
23/05/2006,752.75
24/05/2006,769.15
25/05/2006,792.5
26/05/2006,799.2
29/05/2006,799.95
30/05/2006,779.95
31/05/2006,762.9
01/06/2006,740.65
02/06/2006,786.4
05/06/2006,742.75
06/06/2006,726.45
07/06/2006,709
08/06/2006,700.7
09/06/2006,754.85
12/06/2006,715.85
13/06/2006,704.9
14/06/2006,695.4
15/06/2006,736.7
16/06/2006,732.1
19/06/2006,766.8
20/06/2006,760.05
21/06/2006,769.5
22/06/2006,778.95
23/06/2006,786.2
26/06/2006,746.15
27/06/2006,754.75
28/06/2006,746.25
29/06/2006,740.1
30/06/2006,783.95
03/07/2006,781.65
04/07/2006,790.55
05/07/2006,812.15
06/07/2006,814.35
07/07/2006,793.35
10/07/2006,810.65
11/07/2006,818.9
12/07/2006,835.35
13/07/2006,838.05
14/07/2006,835
17/07/2006,821.1
18/07/2006,816.1
19/07/2006,780.7
20/07/2006,813
21/07/2006,789.55
24/07/2006,790
25/07/2006,820.5
26/07/2006,829.4
27/07/2006,832.35
28/07/2006,849.25
31/07/2006,843.8
01/08/2006,854.6
02/08/2006,868.45
03/08/2006,861.6
04/08/2006,861.75
07/08/2006,851.35
08/08/2006,864.9
09/08/2006,867.5
10/08/2006,875.85
11/08/2006,880.8
14/08/2006,887.8
16/08/2006,886.25
17/08/2006,889.7
18/08/2006,903
21/08/2006,913.2
22/08/2006,907.6
23/08/2006,894.55
24/08/2006,912
25/08/2006,908.85
28/08/2006,913.6
29/08/2006,912.35
30/08/2006,922.25
31/08/2006,909.75
01/09/2006,913.85
04/09/2006,920.6
05/09/2006,942.7
06/09/2006,940.15
07/09/2006,948.1
08/09/2006,946.3
11/09/2006,906.25
12/09/2006,929.25
13/09/2006,931.75
14/09/2006,944.75
15/09/2006,954.5
18/09/2006,955.8
19/09/2006,939.9
20/09/2006,948.35
21/09/2006,969.75
22/09/2006,978.6
25/09/2006,967.3
26/09/2006,977
27/09/2006,982.35
28/09/2006,975.25
29/09/2006,993.45
03/10/2006,991.25
04/10/2006,978.75
05/10/2006,983.6
06/10/2006,986.8
09/10/2006,980.7
10/10/2006,987.05
11/10/2006,971.5
12/10/2006,990
13/10/2006,1005.9
16/10/2006,1001.8
17/10/2006,995.35
18/10/2006,992.3
19/10/2006,982.05
20/10/2006,977.65
23/10/2006,974.85
26/10/2006,974.6
27/10/2006,983.85
30/10/2006,982.85
31/10/2006,966.8
01/11/2006,978.15
02/11/2006,982.8
03/11/2006,1007.1
06/11/2006,1019.2
07/11/2006,1007.25
08/11/2006,998.8
09/11/2006,997.65
10/11/2006,1015.2
13/11/2006,1019.65
14/11/2006,1007.2
15/11/2006,1019.35
16/11/2006,1084.75
17/11/2006,1097
20/11/2006,1055.95
21/11/2006,1075.6
22/11/2006,1073.35
23/11/2006,1069.15
24/11/2006,1073.7
27/11/2006,1109
28/11/2006,1099.55
29/11/2006,1145.45
30/11/2006,1129
01/12/2006,1131.4
04/12/2006,1176.85
05/12/2006,1164.95
06/12/2006,1145.3
07/12/2006,1133.25
08/12/2006,1105.05
11/12/2006,1036.3
12/12/2006,968.5
13/12/2006,1004.85
14/12/2006,1028.8
15/12/2006,1060.4
18/12/2006,1056
19/12/2006,1019
20/12/2006,1024.05
21/12/2006,1029.95
22/12/2006,1050.2
26/12/2006,1062.75
27/12/2006,1073.35
28/12/2006,1076
29/12/2006,1086.55
02/01/2007,1092.95
03/01/2007,1073.6
04/01/2007,1071.8
05/01/2007,1054.7
08/01/2007,1028.65
09/01/2007,1025.5
10/01/2007,1019.85
11/01/2007,1048.8
12/01/2007,1064.85
15/01/2007,1084.9
16/01/2007,1101.6
17/01/2007,1094.65
18/01/2007,1095.9
19/01/2007,1108.9
22/01/2007,1115.45
23/01/2007,1037.75
24/01/2007,1026.7
25/01/2007,1039.95
29/01/2007,1042.35
31/01/2007,1020.4
01/02/2007,1034.65
02/02/2007,1040.9
05/02/2007,1040.45
06/02/2007,1044.6
07/02/2007,1062.3
08/02/2007,1066.55
09/02/2007,1035.05
12/02/2007,1016.5
13/02/2007,1010.35
14/02/2007,1019.4
15/02/2007,1017.65
19/02/2007,1015.8
20/02/2007,1013.8
21/02/2007,1004.7
22/02/2007,959.85
23/02/2007,914.45
26/02/2007,942.55
27/02/2007,960.85
28/02/2007,902
01/03/2007,876.3
02/03/2007,854.45
05/03/2007,811.4
06/03/2007,852.5
07/03/2007,810.5
08/03/2007,833.15
09/03/2007,781.15
12/03/2007,746.7
13/03/2007,749.35
14/03/2007,746.95
15/03/2007,731.8
16/03/2007,723.15
19/03/2007,739.35
20/03/2007,749.2
21/03/2007,752.75
22/03/2007,753.7
23/03/2007,746.3
26/03/2007,733.6
28/03/2007,734.7
29/03/2007,734.75
30/03/2007,735.25
02/04/2007,704.45
03/04/2007,704.3
04/04/2007,714.35
05/04/2007,721.8
09/04/2007,741.65
10/04/2007,747.3
11/04/2007,732.45
12/04/2007,726.35
13/04/2007,748.3
16/04/2007,785.3
17/04/2007,808.7
18/04/2007,816.3
19/04/2007,788.75
20/04/2007,791.95
23/04/2007,796.05
24/04/2007,816.95
25/04/2007,833.05
26/04/2007,830.85
27/04/2007,822.45
30/04/2007,839.2
03/05/2007,852.35
04/05/2007,859.5
07/05/2007,862.25
08/05/2007,886.05
09/05/2007,874.5
10/05/2007,874.9
11/05/2007,850.55
14/05/2007,869.35
15/05/2007,875.8
16/05/2007,872.15
17/05/2007,888.45
18/05/2007,876.45
21/05/2007,873.05
22/05/2007,890.55
23/05/2007,883.75
24/05/2007,860.9
25/05/2007,858.05
28/05/2007,871.5
29/05/2007,870.2
30/05/2007,860.35
31/05/2007,850.85
01/06/2007,852.35
04/06/2007,837.55
05/06/2007,836.15
06/06/2007,822.05
07/06/2007,804.4
08/06/2007,767.15
11/06/2007,763.3
12/06/2007,805.85
13/06/2007,799
14/06/2007,825.35
15/06/2007,822.6
18/06/2007,824.85
19/06/2007,844.8
20/06/2007,849.8
21/06/2007,854.65
22/06/2007,852.25
25/06/2007,860.65
26/06/2007,846.65
27/06/2007,830.35
28/06/2007,899
29/06/2007,934.95
02/07/2007,939.85
03/07/2007,940.35
04/07/2007,1022.15
05/07/2007,1028.2
06/07/2007,1040.9
09/07/2007,1047.9
10/07/2007,1035.75
11/07/2007,1071.5
12/07/2007,1075.4
13/07/2007,1103.65
16/07/2007,1121.4
17/07/2007,1108.7
18/07/2007,1131.3
19/07/2007,1147.1
20/07/2007,1108.9
23/07/2007,1134.6
24/07/2007,1116.3
25/07/2007,1065.6
26/07/2007,1025.5
27/07/2007,1000.3
30/07/2007,1027.65
31/07/2007,1063.85
01/08/2007,967.1
02/08/2007,979.85
03/08/2007,1004.35
06/08/2007,979.5
07/08/2007,987.75
08/08/2007,1025.25
09/08/2007,1000.65
10/08/2007,1002.35
13/08/2007,1011.2
14/08/2007,989.9
16/08/2007,978.85
17/08/2007,950.7
20/08/2007,963.55
21/08/2007,936.1
22/08/2007,951.55
23/08/2007,972.4
24/08/2007,1010.35
27/08/2007,1036.45
28/08/2007,1028
29/08/2007,1040.65
30/08/2007,1071.7
31/08/2007,1067.45
03/09/2007,1071.3
04/09/2007,1098.15
05/09/2007,1088.25
06/09/2007,1102.35
07/09/2007,1088.95
10/09/2007,1093.8
11/09/2007,1105.1
12/09/2007,1101.8
13/09/2007,1128.95
14/09/2007,1107.15
17/09/2007,1111.35
18/09/2007,1121.45
19/09/2007,1155.4
20/09/2007,1140.8
21/09/2007,1133.4
24/09/2007,1136.9
25/09/2007,1150.55
26/09/2007,1159.45
27/09/2007,1188.6
28/09/2007,1197.1
01/10/2007,1210.2
03/10/2007,1228.55
04/10/2007,1217.35
05/10/2007,1177.95
08/10/2007,1115.15
09/10/2007,1176.25
10/10/2007,1218.85
11/10/2007,1259.8
12/10/2007,1251.1
15/10/2007,1289.8
16/10/2007,1273.25
17/10/2007,1203
18/10/2007,1038.25
19/10/2007,991.5
22/10/2007,1015.85
23/10/2007,1066.7
24/10/2007,1078.05
25/10/2007,1056.8
26/10/2007,1079.85
29/10/2007,1086.8
30/10/2007,1069.45
31/10/2007,1077.3
01/11/2007,1052.95
02/11/2007,1032.75
05/11/2007,1009.75
06/11/2007,1021.2
07/11/2007,1024.55
08/11/2007,1057.85
09/11/2007,1034.25
12/11/2007,1019.45
13/11/2007,1030
14/11/2007,1045.2
15/11/2007,1046.1
16/11/2007,1039.2
19/11/2007,1084.35
20/11/2007,1085.7
21/11/2007,1080.55
22/11/2007,1104.4
23/11/2007,1113.55
26/11/2007,1128.55
27/11/2007,1112.05
28/11/2007,1077.75
29/11/2007,1063.9
30/11/2007,1090.4
03/12/2007,1092.3
04/12/2007,1086.75
05/12/2007,1093.4
06/12/2007,1080.4
07/12/2007,1064.7
10/12/2007,1064.2
11/12/2007,1075.15
12/12/2007,1073.7
13/12/2007,1063.85
14/12/2007,1103.1
17/12/2007,1068.15
18/12/2007,1065.8
19/12/2007,1030.9
20/12/2007,999.75
24/12/2007,1001.75
26/12/2007,1005.5
27/12/2007,1003.8
28/12/2007,1010.55
31/12/2007,1024.8
01/01/2008,1028.35
02/01/2008,1023.05
03/01/2008,1006.95
04/01/2008,999.65
07/01/2008,1001.85
08/01/2008,985.3
09/01/2008,970
10/01/2008,938.85
11/01/2008,898.7
14/01/2008,876.55
15/01/2008,869.5
16/01/2008,857.25
17/01/2008,859.95
18/01/2008,866
21/01/2008,736.9
22/01/2008,718.95
23/01/2008,750.5
24/01/2008,754
25/01/2008,782.5
28/01/2008,798.25
29/01/2008,793
30/01/2008,799.1
31/01/2008,768.1
01/02/2008,755.9
04/02/2008,767.25
05/02/2008,768.7
06/02/2008,764.9
07/02/2008,772.65
08/02/2008,779.95
11/02/2008,737.95
12/02/2008,718.5
13/02/2008,739.4
14/02/2008,753.2
15/02/2008,758.95
18/02/2008,756.65
19/02/2008,789.9
20/02/2008,767.5
21/02/2008,780.9
22/02/2008,774.15
25/02/2008,818.45
26/02/2008,831.25
27/02/2008,817.65
28/02/2008,808.65
29/02/2008,795.95
03/03/2008,788.75
04/03/2008,746.7
05/03/2008,741.25
07/03/2008,734.85
10/03/2008,767.55
11/03/2008,813.25
12/03/2008,807.3
13/03/2008,779.1
14/03/2008,798.9
17/03/2008,770.4
18/03/2008,759.65
19/03/2008,777.25
24/03/2008,804.65
25/03/2008,817.4
26/03/2008,817.45
27/03/2008,823.15
28/03/2008,838.55
31/03/2008,826.15
01/04/2008,824.7
02/04/2008,838.8
03/04/2008,826.9
04/04/2008,830.85
07/04/2008,832.6
08/04/2008,825.35
09/04/2008,820.15
10/04/2008,814.05
11/04/2008,814.95
15/04/2008,813.55
16/04/2008,805.5
17/04/2008,800.35
21/04/2008,801.15
22/04/2008,822.55
23/04/2008,845.3
24/04/2008,799
25/04/2008,782.4
28/04/2008,766.95
29/04/2008,775.35
30/04/2008,758.65
02/05/2008,753.7
05/05/2008,757
06/05/2008,741.4
07/05/2008,738.15
08/05/2008,744.3
09/05/2008,712.9
12/05/2008,702.6
13/05/2008,683.65
14/05/2008,667.45
15/05/2008,681.65
16/05/2008,681.3
20/05/2008,680.8
21/05/2008,690.35
22/05/2008,680.35
23/05/2008,667.25
26/05/2008,654.9
27/05/2008,655.85
28/05/2008,669.5
29/05/2008,656.2
30/05/2008,661.3
02/06/2008,627.2
03/06/2008,649.7
04/06/2008,633.25
05/06/2008,639.75
06/06/2008,628.45
09/06/2008,613.7
10/06/2008,615.15
11/06/2008,636.15
12/06/2008,631.85
13/06/2008,635.5
16/06/2008,635.85
17/06/2008,637.85
18/06/2008,641.8
19/06/2008,641.2
20/06/2008,625.25
23/06/2008,606
24/06/2008,591.9
25/06/2008,594
26/06/2008,599.1
27/06/2008,579.7
30/06/2008,525.5
01/07/2008,505.15
02/07/2008,501.05
03/07/2008,471.9
04/07/2008,477.35
07/07/2008,497.2
08/07/2008,526.4
09/07/2008,537.05
10/07/2008,553.05
11/07/2008,544.7
14/07/2008,535.2
15/07/2008,526.65
16/07/2008,514.2
17/07/2008,538.35
18/07/2008,539.8
21/07/2008,541.75
22/07/2008,565.9
23/07/2008,591.2
24/07/2008,559.8
25/07/2008,573.35
28/07/2008,593.35
29/07/2008,568.5
30/07/2008,591.75
31/07/2008,583.4
01/08/2008,577.4
04/08/2008,585.55
05/08/2008,616
06/08/2008,637.75
07/08/2008,639.25
08/08/2008,629.4
11/08/2008,629.65
12/08/2008,628.05
13/08/2008,628
14/08/2008,609.55
18/08/2008,594.4
19/08/2008,560.35
20/08/2008,566.6
21/08/2008,549.05
22/08/2008,559.15
25/08/2008,554.05
26/08/2008,562.05
27/08/2008,558.3
28/08/2008,548.2
29/08/2008,562.35
01/09/2008,563.75
02/09/2008,586.8
04/09/2008,588
05/09/2008,584.95
08/09/2008,601.4
09/09/2008,597.9
10/09/2008,603.5
11/09/2008,596.45
12/09/2008,592.05
15/09/2008,593
16/09/2008,581.6
17/09/2008,593.45
18/09/2008,603.65
19/09/2008,606.8
22/09/2008,627.25
23/09/2008,626.55
24/09/2008,626.75
25/09/2008,607.9
26/09/2008,613.7
29/09/2008,613.15
30/09/2008,614.95
01/10/2008,629.4
03/10/2008,625.1
06/10/2008,599.7
07/10/2008,591.1
08/10/2008,571.85
10/10/2008,543.85
13/10/2008,552.35
14/10/2008,553.9
15/10/2008,548.45
16/10/2008,521.25
17/10/2008,486.7
20/10/2008,458.95
21/10/2008,484.35
22/10/2008,452.65
23/10/2008,442.35
24/10/2008,423.15
27/10/2008,413.2
28/10/2008,446.95
29/10/2008,473.05
31/10/2008,493.75
03/11/2008,513.35
04/11/2008,507.4
05/11/2008,468.25
06/11/2008,464.5
07/11/2008,479.85
10/11/2008,497.75
11/11/2008,473.45
12/11/2008,459.7
14/11/2008,415.55
17/11/2008,436.45
18/11/2008,405.85
19/11/2008,400.15
20/11/2008,412
21/11/2008,399.6
24/11/2008,402.9
25/11/2008,397.1
26/11/2008,403.2
28/11/2008,405.6
01/12/2008,401.2
02/12/2008,405.65
03/12/2008,402.15
04/12/2008,428.7
05/12/2008,427.05
08/12/2008,432.7
10/12/2008,477
11/12/2008,489.5
12/12/2008,493.15
15/12/2008,513.95
16/12/2008,535.75
17/12/2008,485.9
18/12/2008,506.55
19/12/2008,496.3
22/12/2008,487.75
23/12/2008,485.9
24/12/2008,465.3
25/12/2008,464
26/12/2008,456.85
29/12/2008,464.85
30/12/2008,477.85
31/12/2008,480.15
01/01/2009,495.25
02/01/2009,493.9
05/01/2009,507.55
06/01/2009,543.45
07/01/2009,508.65
08/01/2009,505.3
09/01/2009,503.75
12/01/2009,496.15
13/01/2009,508.95
14/01/2009,515
15/01/2009,502.65
16/01/2009,498.9
19/01/2009,502.4
20/01/2009,485.35
21/01/2009,477.65
22/01/2009,490
23/01/2009,474.5
27/01/2009,486.85
28/01/2009,497.3
29/01/2009,503.95
30/01/2009,506.4
02/02/2009,494.45
03/02/2009,518.6
04/02/2009,531.05
05/02/2009,532.4
06/02/2009,539.5
09/02/2009,539.6
10/02/2009,543.45
11/02/2009,557.3
12/02/2009,550.4
13/02/2009,579.2
16/02/2009,561
17/02/2009,542.95
18/02/2009,561.2
19/02/2009,547.25
20/02/2009,553.85
24/02/2009,558.35
25/02/2009,556.1
26/02/2009,559.9
27/02/2009,540.05
02/03/2009,524.75
03/03/2009,530.55
04/03/2009,539.8
05/03/2009,528.55
06/03/2009,530.2
09/03/2009,519.05
12/03/2009,540.95
13/03/2009,562.45
16/03/2009,564.35
17/03/2009,556.5
18/03/2009,548.5
19/03/2009,544.95
20/03/2009,543.6
23/03/2009,558.5
24/03/2009,549.2
25/03/2009,563.05
26/03/2009,562.1
27/03/2009,581.15
30/03/2009,566.2
31/03/2009,574.4
01/04/2009,586.85
02/04/2009,602.2
06/04/2009,582.3
07/04/2009,584
08/04/2009,591.7
09/04/2009,586.55
10/04/2009,586
13/04/2009,591.2
14/04/2009,588
15/04/2009,615.8
16/04/2009,616.85
17/04/2009,609.05
20/04/2009,617.5
21/04/2009,616.5
22/04/2009,646.7
23/04/2009,647.9
24/04/2009,678.8
27/04/2009,658.3
28/04/2009,644.05
29/04/2009,654.35
30/04/2009,655
01/05/2009,655
04/05/2009,654.85
05/05/2009,656
06/05/2009,641.65
07/05/2009,624
08/05/2009,601.25
11/05/2009,591.4
12/05/2009,595.5
13/05/2009,614.6
14/05/2009,614.25
15/05/2009,634.95
18/05/2009,720.85
19/05/2009,749.9
20/05/2009,772.6
21/05/2009,743.2
22/05/2009,729.1
25/05/2009,724.05
26/05/2009,712.1
27/05/2009,711.1
28/05/2009,727.5
29/05/2009,782.5
01/06/2009,829.8
02/06/2009,781.25
03/06/2009,819.85
04/06/2009,835.35
05/06/2009,859.8
08/06/2009,813.45
09/06/2009,850
10/06/2009,899.25
11/06/2009,863
12/06/2009,845.85
15/06/2009,854.8
16/06/2009,854.5
17/06/2009,829.05
18/06/2009,756.35
19/06/2009,749.1
22/06/2009,740.95
23/06/2009,745.75
24/06/2009,768.4
25/06/2009,783.2
26/06/2009,799.1
29/06/2009,792.9
30/06/2009,765.75
01/07/2009,763.15
02/07/2009,762.55
03/07/2009,768.7
06/07/2009,723.85
07/07/2009,765
08/07/2009,787.6
09/07/2009,782.7
10/07/2009,763.05
13/07/2009,758.15
14/07/2009,790.2
15/07/2009,806.8
16/07/2009,794.65
17/07/2009,810.75
20/07/2009,844.85
21/07/2009,825.5
22/07/2009,808.55
23/07/2009,853.95
24/07/2009,845.3
27/07/2009,848.4
28/07/2009,865.55
29/07/2009,859.7
30/07/2009,875.65
31/07/2009,880.8
03/08/2009,892
04/08/2009,899.95
05/08/2009,924.95
06/08/2009,883.9
07/08/2009,869.55
10/08/2009,809.9
11/08/2009,819.35
12/08/2009,828.5
13/08/2009,848.7
14/08/2009,830.5
17/08/2009,792.7
18/08/2009,797.8
19/08/2009,756.3
20/08/2009,758.7
21/08/2009,776.7
24/08/2009,793.85
25/08/2009,789.05
26/08/2009,799.85
27/08/2009,797.1
28/08/2009,809.3
31/08/2009,807
01/09/2009,780.25
02/09/2009,778.35
03/09/2009,769
04/09/2009,792.75
07/09/2009,800
08/09/2009,796.1
09/09/2009,796.55
10/09/2009,789.75
11/09/2009,773.6
14/09/2009,763.9
15/09/2009,774.25
16/09/2009,801.15
17/09/2009,828.8
18/09/2009,845.35
21/09/2009,846
22/09/2009,847.05
23/09/2009,833.55
24/09/2009,823.15
25/09/2009,817.2
28/09/2009,815.5
29/09/2009,814.95
30/09/2009,820.25
01/10/2009,826.75
02/10/2009,825.4
05/10/2009,813.9
06/10/2009,794
07/10/2009,790.55
08/10/2009,798.6
09/10/2009,795.35
12/10/2009,796.55
13/10/2009,796.4
14/10/2009,787.75
15/10/2009,794.95
16/10/2009,783.5
19/10/2009,783
20/10/2009,782.6
21/10/2009,770.75
22/10/2009,765.6
23/10/2009,763.45
26/10/2009,764.95
27/10/2009,759.05
28/10/2009,745.45
29/10/2009,734.75
30/10/2009,750.65
02/11/2009,747
03/11/2009,699.25
04/11/2009,729
05/11/2009,719.65
06/11/2009,717.85
09/11/2009,719.65
10/11/2009,718.65
11/11/2009,732.5
12/11/2009,737.3
13/11/2009,738.85
16/11/2009,745
17/11/2009,730
18/11/2009,729.25
19/11/2009,733.35
20/11/2009,766.1
23/11/2009,788.75
24/11/2009,783.75
25/11/2009,794.05
26/11/2009,800.1
27/11/2009,791.4
30/11/2009,797.65
01/12/2009,809.4
02/12/2009,800.3
03/12/2009,815.8
04/12/2009,812.45
07/12/2009,802.6
08/12/2009,810.4
09/12/2009,817.35
10/12/2009,812.4
11/12/2009,816.75
14/12/2009,858.35
15/12/2009,850.95
16/12/2009,860.8
17/12/2009,866.25
18/12/2009,861.65
21/12/2009,856.8
22/12/2009,837.4
23/12/2009,855.8
24/12/2009,860.95
25/12/2009,859.7
28/12/2009,859.7
29/12/2009,859.6
30/12/2009,871.4
31/12/2009,872.45
01/01/2010,875.1
04/01/2010,913.6
05/01/2010,901.75
06/01/2010,907.6
07/01/2010,913.35
08/01/2010,912.15
11/01/2010,915.15
12/01/2010,898.05
13/01/2010,946.25
14/01/2010,955.1
15/01/2010,980.8
18/01/2010,981.95
19/01/2010,952.3
20/01/2010,952
21/01/2010,942
22/01/2010,923.95
25/01/2010,903.7
26/01/2010,952
27/01/2010,881.9
28/01/2010,868.65
29/01/2010,871.7
01/02/2010,873.3
02/02/2010,872.4
03/02/2010,883.85
04/02/2010,856.85
05/02/2010,845.55
08/02/2010,842.65
09/02/2010,867.75
10/02/2010,869.9
11/02/2010,885.9
15/02/2010,875.75
16/02/2010,913.85
17/02/2010,916.65
18/02/2010,908.8
19/02/2010,901.85
22/02/2010,906.65
23/02/2010,904.95
24/02/2010,905.15
25/02/2010,919.35
26/02/2010,923.1
02/03/2010,962
03/03/2010,959.9
04/03/2010,964.1
05/03/2010,969.35
08/03/2010,990
09/03/2010,991.9
10/03/2010,1013.5
11/03/2010,999.2
12/03/2010,999.5
15/03/2010,980.3
16/03/2010,967.9
17/03/2010,964
18/03/2010,972.9
19/03/2010,978.6
22/03/2010,970
23/03/2010,957.5
25/03/2010,934.85
26/03/2010,939.9
29/03/2010,951.4
30/03/2010,954.05
31/03/2010,951.05
01/04/2010,949.9
05/04/2010,949.85
06/04/2010,951.35
07/04/2010,976.45
08/04/2010,964.8
09/04/2010,955.7
12/04/2010,951.85
13/04/2010,940.65
15/04/2010,939.2
16/04/2010,932.9
19/04/2010,920.4
20/04/2010,922.35
21/04/2010,931.5
22/04/2010,919.7
23/04/2010,903.7
26/04/2010,910.15
27/04/2010,901.4
28/04/2010,908.05
29/04/2010,895.3
30/04/2010,905.05
03/05/2010,903.7
04/05/2010,878.2
05/05/2010,885.3
06/05/2010,876.3
07/05/2010,861.35
10/05/2010,891.75
11/05/2010,886.35
12/05/2010,877.2
13/05/2010,891.35
14/05/2010,892.8
17/05/2010,866.6
18/05/2010,861.75
19/05/2010,842.6
20/05/2010,844.05
21/05/2010,863.05
24/05/2010,855.15
25/05/2010,841.6
26/05/2010,830.1
27/05/2010,818.3
28/05/2010,826.05
31/05/2010,818.55
01/06/2010,817.7
02/06/2010,826.8
03/06/2010,841.5
04/06/2010,841.9
07/06/2010,851.7
08/06/2010,842.35
09/06/2010,858.05
10/06/2010,868.9
11/06/2010,861.75
14/06/2010,862.85
15/06/2010,879.9
16/06/2010,863.6
17/06/2010,865.45
18/06/2010,862.1
21/06/2010,882.65
22/06/2010,861.5
23/06/2010,871.15
24/06/2010,871.1
25/06/2010,861.7
28/06/2010,871.1
29/06/2010,868
30/06/2010,878.1
01/07/2010,866.6
02/07/2010,863.05
05/07/2010,862.9
06/07/2010,855.85
07/07/2010,854
08/07/2010,842.75
09/07/2010,832.6
12/07/2010,825.9
13/07/2010,819.8
14/07/2010,805.45
15/07/2010,809.45
16/07/2010,814.1
19/07/2010,811.8
20/07/2010,810
21/07/2010,824.8
22/07/2010,816.15
23/07/2010,819.95
26/07/2010,824.05
27/07/2010,848.45
28/07/2010,840.65
29/07/2010,840.9
30/07/2010,831
02/08/2010,834.35
03/08/2010,829.4
04/08/2010,820.55
05/08/2010,815
06/08/2010,827.85
09/08/2010,844.6
10/08/2010,847.4
11/08/2010,842.35
12/08/2010,839.8
13/08/2010,844
16/08/2010,833.75
17/08/2010,837.3
18/08/2010,840.1
19/08/2010,883.35
20/08/2010,871.05
23/08/2010,874.8
24/08/2010,865.8
25/08/2010,868.9
26/08/2010,868.2
27/08/2010,872.1
30/08/2010,875.55
31/08/2010,870.35
01/09/2010,885.35
02/09/2010,895.55
03/09/2010,896.65
06/09/2010,902.95
07/09/2010,961.95
08/09/2010,993.35
09/09/2010,980.9
13/09/2010,990.45
14/09/2010,970.05
15/09/2010,960.4
16/09/2010,965.7
17/09/2010,997.85
20/09/2010,1021.1
21/09/2010,1016.5
22/09/2010,1006
23/09/2010,1005.2
24/09/2010,1014.6
27/09/2010,1012.7
28/09/2010,1021.3
29/09/2010,1005.15
30/09/2010,989.85
01/10/2010,1004.05
04/10/2010,1016.35
05/10/2010,1029.9
06/10/2010,1031.25
07/10/2010,1031.05
08/10/2010,1018.3
11/10/2010,1015.1
12/10/2010,996.25
13/10/2010,1032.9
14/10/2010,1019.35
15/10/2010,996.2
18/10/2010,970.3
19/10/2010,976.3
20/10/2010,969.55
21/10/2010,980.45
22/10/2010,983.55
25/10/2010,1024.55
26/10/2010,1013.9
27/10/2010,991.2
28/10/2010,984.45
29/10/2010,985.35
01/11/2010,1013.9
02/11/2010,1061.85
03/11/2010,1083.25
04/11/2010,1088.4
05/11/2010,1085
08/11/2010,1115.95
09/11/2010,1121.95
10/11/2010,1107.05
11/11/2010,1089.75
12/11/2010,1079.25
15/11/2010,1064.75
16/11/2010,1045.85
18/11/2010,1041.7
19/11/2010,1019
22/11/2010,1026.4
23/11/2010,1006.6
24/11/2010,995.75
25/11/2010,1011
26/11/2010,1003
29/11/2010,997.6
30/11/2010,983.8
01/12/2010,998.8
02/12/2010,999.85
03/12/2010,981.35
06/12/2010,975.9
07/12/2010,996.8
08/12/2010,1010.5
09/12/2010,990.2
10/12/2010,1075.2
13/12/2010,1050.8
14/12/2010,1063.5
15/12/2010,1064.8
16/12/2010,1075.2
20/12/2010,1088.9
21/12/2010,1078.45
22/12/2010,1079.75
23/12/2010,1073.6
24/12/2010,1075.05
27/12/2010,1081.3
28/12/2010,1087.3
29/12/2010,1083.3
30/12/2010,1076.4
31/12/2010,1075.6
03/01/2011,1074.4
04/01/2011,1073.35
05/01/2011,1064.4
06/01/2011,1022.55
07/01/2011,1002.3
10/01/2011,1016.1
11/01/2011,1029.15
12/01/2011,1028.35
13/01/2011,1038.1
14/01/2011,1003.9
17/01/2011,1009.15
18/01/2011,1029.15
19/01/2011,1013.85
20/01/2011,1016.8
21/01/2011,996.35
24/01/2011,1003.05
25/01/2011,1018.6
27/01/2011,1039.05
28/01/2011,992.15
31/01/2011,991.65
01/02/2011,976.95
02/02/2011,991
03/02/2011,984.15
04/02/2011,974.7
07/02/2011,989.25
08/02/2011,970.5
09/02/2011,938.9
10/02/2011,954.2
11/02/2011,975.3
14/02/2011,998.4
15/02/2011,1003
16/02/2011,999.65
17/02/2011,997.2
18/02/2011,984.15
21/02/2011,1001.95
22/02/2011,1007.85
23/02/2011,1014.1
24/02/2011,998.85
25/02/2011,994
28/02/2011,969.35
01/03/2011,982.2
03/03/2011,990.15
04/03/2011,987.25
07/03/2011,980.15
08/03/2011,988.3
09/03/2011,1004.45
10/03/2011,1000.45
11/03/2011,992.5
14/03/2011,1009.95
15/03/2011,1006.2
16/03/2011,1022.1
17/03/2011,1025.4
18/03/2011,1021.1
21/03/2011,1021.8
22/03/2011,1023.65
23/03/2011,1036.8
24/03/2011,1033.4
25/03/2011,1037.8
28/03/2011,1041.8
29/03/2011,1042.35
30/03/2011,1078.65
31/03/2011,1074.55
01/04/2011,1091.85
04/04/2011,1116
05/04/2011,1123.35
06/04/2011,1129.35
07/04/2011,1128.85
08/04/2011,1120.85
11/04/2011,1097.1
13/04/2011,1117
15/04/2011,1113.4
18/04/2011,1098.2
19/04/2011,1101.55
20/04/2011,1106.95
21/04/2011,1112.5
25/04/2011,1112.55
26/04/2011,1124.45
27/04/2011,1110.1
28/04/2011,1104.5
29/04/2011,1112.8
02/05/2011,1100.3
03/05/2011,1080
04/05/2011,1023.3
05/05/2011,979.15
06/05/2011,989.7
09/05/2011,999.9
10/05/2011,990.85
11/05/2011,988.4
12/05/2011,986.1
13/05/2011,997.35
16/05/2011,1000.45
17/05/2011,999.2
18/05/2011,993.65
19/05/2011,990.5
20/05/2011,992.75
23/05/2011,969.2
24/05/2011,994.95
25/05/2011,999.9
26/05/2011,1001.6
27/05/2011,1000.2
30/05/2011,996.1
31/05/2011,1027.25
01/06/2011,1043.8
02/06/2011,1033.15
03/06/2011,1028.65
06/06/2011,1040.6
07/06/2011,1030.15
08/06/2011,1025.05
09/06/2011,1011.25
10/06/2011,1003.5
13/06/2011,1004
14/06/2011,1008.4
15/06/2011,990.1
16/06/2011,961.65
17/06/2011,959.85
20/06/2011,937.75
21/06/2011,947.85
22/06/2011,958.75
23/06/2011,952.9
24/06/2011,977.7
27/06/2011,981.7
28/06/2011,962.3
29/06/2011,965.7
30/06/2011,950.45
01/07/2011,955.2
04/07/2011,953.7
05/07/2011,970.7
06/07/2011,963.8
07/07/2011,991.05
08/07/2011,975.35
11/07/2011,962.55
12/07/2011,947.6
13/07/2011,955.9
14/07/2011,978.75
15/07/2011,980.15
18/07/2011,981.95
19/07/2011,986.8
20/07/2011,978.15
21/07/2011,977.8
22/07/2011,995.05
25/07/2011,999.75
26/07/2011,994.65
27/07/2011,995.75
28/07/2011,1022.1
29/07/2011,1011.6
01/08/2011,1008.7
02/08/2011,1007.55
03/08/2011,989.25
04/08/2011,982.75
05/08/2011,964.15
08/08/2011,985.8
09/08/2011,995.85
10/08/2011,1010.65
11/08/2011,1006.3
12/08/2011,999.6
16/08/2011,991.3
17/08/2011,999.95
18/08/2011,1004.9
19/08/2011,998.95
22/08/2011,998.15
23/08/2011,1002.65
24/08/2011,1002.45
25/08/2011,1014.75
26/08/2011,992.55
29/08/2011,1002.5
30/08/2011,1002.8
02/09/2011,1015.25
05/09/2011,1002.1
06/09/2011,1016.85
07/09/2011,1066.4
08/09/2011,1061.2
09/09/2011,1028.75
12/09/2011,1030.2
13/09/2011,1054.1
14/09/2011,1047.4
15/09/2011,1064.85
16/09/2011,1037.9
19/09/2011,1049.9
20/09/2011,1066.7
21/09/2011,1071.7
22/09/2011,1068.4
23/09/2011,1069.25
26/09/2011,1080.8
27/09/2011,1091.4
28/09/2011,1088.15
29/09/2011,1089.75
30/09/2011,1098.55
03/10/2011,1100.55
04/10/2011,1100.2
05/10/2011,1107
07/10/2011,1113.5
10/10/2011,1131.15
11/10/2011,1133.95
12/10/2011,1140.5
13/10/2011,1122.65
14/10/2011,1119.5
17/10/2011,1111.5
18/10/2011,1105.35
19/10/2011,1126.5
20/10/2011,1115.05
21/10/2011,1118.05
24/10/2011,1134.35
25/10/2011,1183.45
26/10/2011,1193.7
28/10/2011,1224
31/10/2011,1195.05
01/11/2011,1184.15
02/11/2011,1185.65
03/11/2011,1210.3
04/11/2011,1223.5
08/11/2011,1218.6
09/11/2011,1207.55
11/11/2011,1218.6
14/11/2011,1217.1
15/11/2011,1208.45
16/11/2011,1193.35
17/11/2011,1158.55
18/11/2011,1150.5
21/11/2011,1134.5
22/11/2011,1142.5
23/11/2011,1130.85
24/11/2011,1114.15
25/11/2011,1120.3
28/11/2011,1192.75
29/11/2011,1160.9
30/11/2011,1144.3
01/12/2011,1171.5
02/12/2011,1214
05/12/2011,1204.25
06/12/2011,1204.25
07/12/2011,1218.8
08/12/2011,1202.7
09/12/2011,1163.8
12/12/2011,1120.75
13/12/2011,1136.05
14/12/2011,1140.65
15/12/2011,1140.35
16/12/2011,1128.75
19/12/2011,1129.6
20/12/2011,1101.85
21/12/2011,1139.95
22/12/2011,1141.15
23/12/2011,1139.05
26/12/2011,1159.2
27/12/2011,1174.65
28/12/2011,1168.3
29/12/2011,1151.3
30/12/2011,1136.9
02/01/2012,1138.85
03/01/2012,1143.7
04/01/2012,1104.3
05/01/2012,1112.65
06/01/2012,1103.1
09/01/2012,1099.65
10/01/2012,1116.05
11/01/2012,1116.6
12/01/2012,1120.2
13/01/2012,1124.45
16/01/2012,1112.85
17/01/2012,1139.35
18/01/2012,1130.15
19/01/2012,1151.35
20/01/2012,1150.05
23/01/2012,1165.5
24/01/2012,1176.75
25/01/2012,1173.8
26/01/2012,1173.8
27/01/2012,1191.7
30/01/2012,1170.25
31/01/2012,1193.2
01/02/2012,1202
02/02/2012,1248.85
03/02/2012,1267.25
06/02/2012,1334.2
07/02/2012,1358.9
08/02/2012,1384.6
09/02/2012,1389.3
10/02/2012,1347
13/02/2012,1355.35
14/02/2012,1339.2
15/02/2012,1369.8
16/02/2012,1345.4
17/02/2012,1366.45
20/02/2012,1366.45
21/02/2012,1370.75
22/02/2012,1325.3
23/02/2012,1299.3
24/02/2012,1267.8
27/02/2012,1258.1
28/02/2012,1288.65
29/02/2012,1306.05
01/03/2012,1322.05
02/03/2012,1338.45
05/03/2012,1299.65
06/03/2012,1292.7
07/03/2012,1304.35
08/03/2012,1322.05
09/03/2012,1318.75
12/03/2012,1321.2
13/03/2012,1339
14/03/2012,1354.8
15/03/2012,1343.85
16/03/2012,1339.9
19/03/2012,1354.95
20/03/2012,1359.35
21/03/2012,1390.75
22/03/2012,1344.5
23/03/2012,1372.05
26/03/2012,1330.3
27/03/2012,1324.3
28/03/2012,1324
29/03/2012,1322.3
30/03/2012,1359.45
02/04/2012,1342
03/04/2012,1364.25
04/04/2012,1344.7
05/04/2012,1344.7
06/04/2012,1344.7
09/04/2012,1312.1
10/04/2012,1300.05
11/04/2012,1236.5
12/04/2012,1279.55
13/04/2012,1258.75
16/04/2012,1237.75
17/04/2012,1254.7
18/04/2012,1297.2
19/04/2012,1247.6
20/04/2012,1226.9
23/04/2012,1243.45
24/04/2012,1214.1
25/04/2012,1194.7
26/04/2012,1218.85
27/04/2012,1195.05
30/04/2012,1237.15
01/05/2012,1236.5
02/05/2012,1212.85
03/05/2012,1206.85
04/05/2012,1208.45
07/05/2012,1235
08/05/2012,1221.85
09/05/2012,1201.9
10/05/2012,1199.05
11/05/2012,1165.95
14/05/2012,1173.3
15/05/2012,1174.35
16/05/2012,1172.45
17/05/2012,1170.9
18/05/2012,1159.9
21/05/2012,1145.1
22/05/2012,1130.2
23/05/2012,1130.45
24/05/2012,1155.5
25/05/2012,1144.2
28/05/2012,1163.95
29/05/2012,1137.95
30/05/2012,1162.5
31/05/2012,1140.95
01/06/2012,1126.85
04/06/2012,1125.35
05/06/2012,1129.7
06/06/2012,1158.65
07/06/2012,1154.6
08/06/2012,1147.6
11/06/2012,1149.4
12/06/2012,1188
13/06/2012,1180.1
14/06/2012,1189.95
15/06/2012,1223.25
18/06/2012,1225.55
19/06/2012,1227.95
20/06/2012,1271.2
21/06/2012,1253.7
22/06/2012,1215.05
25/06/2012,1208.95
26/06/2012,1220.55
27/06/2012,1204.4
28/06/2012,1223.4
29/06/2012,1268.05
02/07/2012,1311.65
03/07/2012,1295.4
04/07/2012,1287.65
05/07/2012,1296.75
06/07/2012,1296.1
09/07/2012,1280.4
10/07/2012,1271.95
11/07/2012,1264.4
12/07/2012,1263.75
13/07/2012,1263.95
16/07/2012,1258.35
17/07/2012,1257.8
18/07/2012,1266.95
19/07/2012,1262.85
20/07/2012,1259.3
23/07/2012,1253.4
24/07/2012,1269.65
25/07/2012,1276.2
26/07/2012,1260.85
27/07/2012,1293.75
30/07/2012,1297.85
31/07/2012,1324.2
01/08/2012,1323.4
02/08/2012,1317.55
03/08/2012,1308.7
06/08/2012,1317.95
07/08/2012,1335
08/08/2012,1341
09/08/2012,1338.85
10/08/2012,1342.05
13/08/2012,1360.25
14/08/2012,1354.7
15/08/2012,1354.7
16/08/2012,1338.45
17/08/2012,1326.35
20/08/2012,1326.35
21/08/2012,1357.85
22/08/2012,1361.05
23/08/2012,1346.75
24/08/2012,1338.35
27/08/2012,1346.7
28/08/2012,1335.45
29/08/2012,1337.8
30/08/2012,1326.85
31/08/2012,1308.5
03/09/2012,1308.6
04/09/2012,1302.85
05/09/2012,1301.55
06/09/2012,1335.7
07/09/2012,1341.15
10/09/2012,1336.6
11/09/2012,1351.1
12/09/2012,1356.75
13/09/2012,1343.5
14/09/2012,1385.75
17/09/2012,1371.2
18/09/2012,1368.75
19/09/2012,1368.75
20/09/2012,1358.35
21/09/2012,1379.5
24/09/2012,1367.85
25/09/2012,1376.6
26/09/2012,1428.3
27/09/2012,1447.75
28/09/2012,1470.05
01/10/2012,1458
02/10/2012,1458
03/10/2012,1463.85
04/10/2012,1480.7
05/10/2012,1457.65
08/10/2012,1431.8
09/10/2012,1429.75
10/10/2012,1425.1
11/10/2012,1442.55
12/10/2012,1498.05
15/10/2012,1489.2
16/10/2012,1445.7
17/10/2012,1427.65
18/10/2012,1416.15
19/10/2012,1407.85
22/10/2012,1418.65
23/10/2012,1404.3
24/10/2012,1404.3
25/10/2012,1401.3
26/10/2012,1401.3
29/10/2012,1414.75
30/10/2012,1378.4
31/10/2012,1379.05
01/11/2012,1395.1
02/11/2012,1408.4
05/11/2012,1436.55
06/11/2012,1473.4
07/11/2012,1472.7
08/11/2012,1473.4
09/11/2012,1453.25
12/11/2012,1434.45
13/11/2012,1434.45
14/11/2012,1434.45
15/11/2012,1404.4
16/11/2012,1378.1
19/11/2012,1382.65
20/11/2012,1378.9
21/11/2012,1384.3
22/11/2012,1391.65
23/11/2012,1381.3
26/11/2012,1382.8
27/11/2012,1390.5
28/11/2012,1390.5
29/11/2012,1396.1
30/11/2012,1383.9
03/12/2012,1435.9
04/12/2012,1426.65
05/12/2012,1431.95
06/12/2012,1418.35
07/12/2012,1414.8
10/12/2012,1413.5
11/12/2012,1427.9
12/12/2012,1421.05
13/12/2012,1396.05
14/12/2012,1404.35
17/12/2012,1414.65
18/12/2012,1410.65
19/12/2012,1415.05
20/12/2012,1402.5
21/12/2012,1397.3
24/12/2012,1410.85
25/12/2012,1410.85
26/12/2012,1415.25
27/12/2012,1402.9
28/12/2012,1409.45
31/12/2012,1432.2
01/01/2013,1431.1
02/01/2013,1429.5
03/01/2013,1436.3
04/01/2013,1434.8
07/01/2013,1417.45
08/01/2013,1417.65
09/01/2013,1397.7
10/01/2013,1379.05
11/01/2013,1361.4
14/01/2013,1360.35
15/01/2013,1388.4
16/01/2013,1384.5
17/01/2013,1358.85
18/01/2013,1345.15
21/01/2013,1335.5
22/01/2013,1358.9
23/01/2013,1355.1
24/01/2013,1345.9
25/01/2013,1326.75
28/01/2013,1328.85
29/01/2013,1304.9
30/01/2013,1324.75
31/01/2013,1323.1
01/02/2013,1318.75
04/02/2013,1300.55
05/02/2013,1323.7
06/02/2013,1333.1
07/02/2013,1344.3
08/02/2013,1303.75
11/02/2013,1258.1
12/02/2013,1239.2
13/02/2013,1249.3
14/02/2013,1246.05
15/02/2013,1258.85
18/02/2013,1262.2
19/02/2013,1299.8
20/02/2013,1311.15
21/02/2013,1301
22/02/2013,1300.95
25/02/2013,1305.6
26/02/2013,1298.35
27/02/2013,1302.3
28/02/2013,1272.55
01/03/2013,1267.4
04/03/2013,1221.35
05/03/2013,1256.45
06/03/2013,1254.05
07/03/2013,1263.4
08/03/2013,1263
11/03/2013,1268.75
12/03/2013,1286.35
13/03/2013,1249.7
14/03/2013,1259.2
15/03/2013,1249.35
18/03/2013,1226.15
19/03/2013,1195.55
20/03/2013,1148
21/03/2013,1124.45
22/03/2013,1147.6
25/03/2013,1155.8
26/03/2013,1158.85
27/03/2013,1158.85
28/03/2013,1159.2
29/03/2013,1159.2
01/04/2013,1160.9
02/04/2013,1176.6
03/04/2013,1162.25
04/04/2013,1139.35
05/04/2013,1129.25
08/04/2013,1126.9
09/04/2013,1130.8
10/04/2013,1147.25
11/04/2013,1143
12/04/2013,1148.1
15/04/2013,1140.8
16/04/2013,1174.85
17/04/2013,1188.7
18/04/2013,1211.7
19/04/2013,1211.7
22/04/2013,1216.8
23/04/2013,1215.5
24/04/2013,1215.5
25/04/2013,1255.05
26/04/2013,1247.65
29/04/2013,1240.6
30/04/2013,1233.3
01/05/2013,1233.3
02/05/2013,1250
03/05/2013,1227.3
06/05/2013,1211.15
07/05/2013,1224.45
08/05/2013,1215.4
09/05/2013,1214
10/05/2013,1242.6
13/05/2013,1206.9
14/05/2013,1204.45
15/05/2013,1229.75
16/05/2013,1250.45
17/05/2013,1269.35
20/05/2013,1246.65
21/05/2013,1222.8
22/05/2013,1219.9
23/05/2013,1206.2
24/05/2013,1226.3
27/05/2013,1245.45
28/05/2013,1245.5
29/05/2013,1236.15
30/05/2013,1243.95
31/05/2013,1218.75
03/06/2013,1223.4
04/06/2013,1218.6
05/06/2013,1204.95
06/06/2013,1208.3
07/06/2013,1205
10/06/2013,1229.1
11/06/2013,1225.4
12/06/2013,1211.95
13/06/2013,1204.8
14/06/2013,1214.85
17/06/2013,1205.2
18/06/2013,1214.6
19/06/2013,1216.1
20/06/2013,1178.05
21/06/2013,1163.6
24/06/2013,1164.7
25/06/2013,1171.85
26/06/2013,1168.3
27/06/2013,1202.7
28/06/2013,1222.65
01/07/2013,1220.05
02/07/2013,1234.3
03/07/2013,1204.8
04/07/2013,1236
05/07/2013,1238.45
08/07/2013,1256.55
09/07/2013,1250.75
10/07/2013,1249.9
11/07/2013,1250.25
12/07/2013,1241.4
15/07/2013,1242.05
16/07/2013,1257.75
17/07/2013,1274.65
18/07/2013,1275.35
19/07/2013,1275.5
22/07/2013,1241.05
23/07/2013,1249
24/07/2013,1230.55
25/07/2013,1195.25
26/07/2013,1211.9
29/07/2013,1194.45
30/07/2013,1174.35
31/07/2013,1173.55
01/08/2013,1148.65
02/08/2013,1174.9
05/08/2013,1187.85
06/08/2013,1162.2
07/08/2013,1159.95
08/08/2013,1161.4
09/08/2013,1161.4
12/08/2013,1168.4
13/08/2013,1160.8
14/08/2013,1189.55
15/08/2013,1189.55
16/08/2013,1158.9
19/08/2013,1124.5
20/08/2013,1075
21/08/2013,1006.25
22/08/2013,999.25
23/08/2013,989.7
26/08/2013,1002
27/08/2013,942.8
28/08/2013,944.7
29/08/2013,958.05
30/08/2013,964.1
02/09/2013,952
03/09/2013,930.5
04/09/2013,931.6
05/09/2013,938.7
06/09/2013,962.3
09/09/2013,962.3
10/09/2013,1022.55
11/09/2013,1053.15
12/09/2013,1027.35
13/09/2013,1043.7
16/09/2013,1044.4
17/09/2013,1059.8
18/09/2013,1064.9
19/09/2013,1097.95
20/09/2013,1123.25
23/09/2013,1111.15
24/09/2013,1098.5
25/09/2013,1095.05
26/09/2013,1095.3
27/09/2013,1099.55
30/09/2013,1111.95
01/10/2013,1099.4
02/10/2013,1099.4
03/10/2013,1139.65
04/10/2013,1132.45
07/10/2013,1124.15
08/10/2013,1128.6
09/10/2013,1113
10/10/2013,1129.85
11/10/2013,1127
14/10/2013,1153.6
15/10/2013,1132.1
16/10/2013,1132.1
17/10/2013,1129.15
18/10/2013,1144.7
21/10/2013,1149.6
22/10/2013,1136.85
23/10/2013,1157.15
24/10/2013,1154.45
25/10/2013,1136.75
28/10/2013,1112.65
29/10/2013,1149.95
30/10/2013,1149.55
31/10/2013,1134.85
01/11/2013,1141.65
04/11/2013,1141.65
05/11/2013,1139.35
06/11/2013,1111.65
07/11/2013,1116.55
08/11/2013,1089.65
11/11/2013,1050.1
12/11/2013,1022.95
13/11/2013,1041.15
14/11/2013,1043.9
15/11/2013,1043.9
18/11/2013,1065.3
19/11/2013,1056.5
20/11/2013,1064.85
21/11/2013,1030
22/11/2013,1050.7
25/11/2013,1078.65
26/11/2013,1068.4
27/11/2013,1065.8
28/11/2013,1066.8
29/11/2013,1096.6
02/12/2013,1092.65
03/12/2013,1100.45
04/12/2013,1101.95
05/12/2013,1106.5
06/12/2013,1115.95
09/12/2013,1166.6
10/12/2013,1150.45
11/12/2013,1135.65
12/12/2013,1120
13/12/2013,1091.85
16/12/2013,1087.35
17/12/2013,1090.1
18/12/2013,1095.25
19/12/2013,1082.25
20/12/2013,1097.25
23/12/2013,1104.95
24/12/2013,1109.65
25/12/2013,1109.65
26/12/2013,1110.5
27/12/2013,1122.45
30/12/2013,1094.5
31/12/2013,1108.75
01/01/2014,1108.45
02/01/2014,1097.6
03/01/2014,1088.95
06/01/2014,1085
07/01/2014,1085.2
08/01/2014,1083.35
09/01/2014,1054
10/01/2014,1034.25
13/01/2014,1037.15
14/01/2014,1019.25
15/01/2014,1029.35
16/01/2014,1032.35
17/01/2014,1027.65
20/01/2014,1029.85
21/01/2014,1031.05
22/01/2014,1023.65
23/01/2014,1020
24/01/2014,999.45
27/01/2014,984.2
28/01/2014,996.15
29/01/2014,988.3
30/01/2014,982.6
31/01/2014,1010.85
03/02/2014,1003.9
04/02/2014,1001.1
05/02/2014,1001
06/02/2014,1018.95
07/02/2014,1046.45
10/02/2014,1048.45
11/02/2014,1049.8
12/02/2014,1037.85
13/02/2014,1014.4
14/02/2014,1008.85
17/02/2014,1010.15
18/02/2014,1019.9
19/02/2014,1025.8
20/02/2014,1007.9
21/02/2014,1065.55
24/02/2014,1070.1
25/02/2014,1083.85
26/02/2014,1090.7
27/02/2014,1090.7
28/02/2014,1104.9
03/03/2014,1099.5
04/03/2014,1133.35
05/03/2014,1167.3
06/03/2014,1212.1
07/03/2014,1261.15
10/03/2014,1266.9
11/03/2014,1251.25
12/03/2014,1231.55
13/03/2014,1246.85
14/03/2014,1248.8
17/03/2014,1248.8
18/03/2014,1258.1
19/03/2014,1284.5
20/03/2014,1260.3
21/03/2014,1270.15
24/03/2014,1282.6
25/03/2014,1271.05
26/03/2014,1293.45
27/03/2014,1313.1
28/03/2014,1362.4
31/03/2014,1399.55
01/04/2014,1389.1
02/04/2014,1359.95
03/04/2014,1351.15
04/04/2014,1365.35
07/04/2014,1379.3
08/04/2014,1379.3
09/04/2014,1373.15
10/04/2014,1389.25
11/04/2014,1391.5
14/04/2014,1391.5
15/04/2014,1361.8
16/04/2014,1331.85
17/04/2014,1358.35
18/04/2014,1358.35
21/04/2014,1350.8
22/04/2014,1336.65
23/04/2014,1347.05
24/04/2014,1347.05
25/04/2014,1310.25
28/04/2014,1287.05
29/04/2014,1300.3
30/04/2014,1293
01/05/2014,1293
02/05/2014,1285.75
05/05/2014,1277
06/05/2014,1291.35
07/05/2014,1271.7
08/05/2014,1269.7
09/05/2014,1341.1
12/05/2014,1353.5
13/05/2014,1390.15
14/05/2014,1388.05
15/05/2014,1377.1
16/05/2014,1430.15
19/05/2014,1442.45
20/05/2014,1422
21/05/2014,1380.45
22/05/2014,1389.4
23/05/2014,1380.1
26/05/2014,1348.45
27/05/2014,1330.55
28/05/2014,1381.25
29/05/2014,1362.3
30/05/2014,1337
02/06/2014,1382.4
03/06/2014,1417.05
04/06/2014,1422.7
05/06/2014,1439.25
06/06/2014,1438.9
09/06/2014,1507.1
10/06/2014,1499.55
11/06/2014,1484.1
12/06/2014,1477
13/06/2014,1474.75
16/06/2014,1486.3
17/06/2014,1499.8
18/06/2014,1475.2
19/06/2014,1455.05
20/06/2014,1438.6
23/06/2014,1471
24/06/2014,1472
25/06/2014,1469.95
26/06/2014,1450.05
27/06/2014,1429.7
30/06/2014,1469.25
01/07/2014,1480.6
02/07/2014,1498.4
03/07/2014,1480.05
04/07/2014,1450.95
07/07/2014,1450.85
08/07/2014,1418.55
09/07/2014,1435.55
10/07/2014,1458.5
11/07/2014,1424.7
14/07/2014,1398.3
15/07/2014,1419.65
16/07/2014,1435.6
17/07/2014,1477
18/07/2014,1461.2
21/07/2014,1483.75
22/07/2014,1489.05
23/07/2014,1453.85
24/07/2014,1463.45
25/07/2014,1440
28/07/2014,1402.85
29/07/2014,1402.85
30/07/2014,1409.25
31/07/2014,1395.9
01/08/2014,1375.55
04/08/2014,1374.5
05/08/2014,1441.5
06/08/2014,1431.2
07/08/2014,1473.75
08/08/2014,1439.65
11/08/2014,1447.95
12/08/2014,1464.65
13/08/2014,1452.4
14/08/2014,1480.85
15/08/2014,1480.85
18/08/2014,1508.65
19/08/2014,1523.95
20/08/2014,1525.4
21/08/2014,1525.6
22/08/2014,1520.4
25/08/2014,1531.7
26/08/2014,1491.4
27/08/2014,1502.75
28/08/2014,1492.55
29/08/2014,1492.55
01/09/2014,1499.55
02/09/2014,1551.9
03/09/2014,1546.75
04/09/2014,1525.45
05/09/2014,1521.75
08/09/2014,1549.65
09/09/2014,1545.1
10/09/2014,1532.25
11/09/2014,1532.05
12/09/2014,1534.25
15/09/2014,1512.65
16/09/2014,1483
17/09/2014,1495.35
18/09/2014,1509
19/09/2014,1505.05
22/09/2014,1493.55
23/09/2014,1464.1
24/09/2014,1430.2
25/09/2014,1399.05
26/09/2014,1435.15
29/09/2014,1438.5
30/09/2014,1399.55
01/10/2014,1391.65
02/10/2014,1391.65
03/10/2014,1391.65
06/10/2014,1391.65
07/10/2014,1369.6
08/10/2014,1380.2
09/10/2014,1429.05
10/10/2014,1403.3
13/10/2014,1386.95
14/10/2014,1383.3
15/10/2014,1383.3
16/10/2014,1376.3
17/10/2014,1406.85
20/10/2014,1424.2
21/10/2014,1445.35
22/10/2014,1474
23/10/2014,1474
24/10/2014,1474
27/10/2014,1460.1
28/10/2014,1469.8
29/10/2014,1483.95
30/10/2014,1496.95
31/10/2014,1499.25
03/11/2014,1491.2
04/11/2014,1491.2
05/11/2014,1485.8
06/11/2014,1485.8
07/11/2014,1508.75
10/11/2014,1499.25
11/11/2014,1513.2
12/11/2014,1514.1
13/11/2014,1501.95
14/11/2014,1510.85
17/11/2014,1496.6
18/11/2014,1487
19/11/2014,1463.05
20/11/2014,1446.35
21/11/2014,1464.95
24/11/2014,1451.25
25/11/2014,1422.2
26/11/2014,1438.45
27/11/2014,1437.55
28/11/2014,1475.35
01/12/2014,1470.95
02/12/2014,1479
03/12/2014,1478.2
04/12/2014,1476.25
05/12/2014,1497.15
08/12/2014,1478.15
09/12/2014,1430.6
10/12/2014,1432.1
11/12/2014,1428.35
12/12/2014,1429.95
15/12/2014,1435
16/12/2014,1391.95
17/12/2014,1369.6
18/12/2014,1379.95
19/12/2014,1380.4
22/12/2014,1383.5
23/12/2014,1381.6
24/12/2014,1393.4
25/12/2014,1393.4
26/12/2014,1393.5
29/12/2014,1399.2
30/12/2014,1398
31/12/2014,1400.15
01/01/2015,1403.55
02/01/2015,1425.9
05/01/2015,1433.65
06/01/2015,1383.55
07/01/2015,1367.45
08/01/2015,1391.4
09/01/2015,1398.5
12/01/2015,1404.6
13/01/2015,1441.7
14/01/2015,1478.35
15/01/2015,1514.4
16/01/2015,1518.35
19/01/2015,1532.9
20/01/2015,1544.3
21/01/2015,1544.45
22/01/2015,1558.8
23/01/2015,1542.05
26/01/2015,1542.05
27/01/2015,1528.7
28/01/2015,1543.8
29/01/2015,1582.95
30/01/2015,1560.45
02/02/2015,1524.95
03/02/2015,1508.6
04/02/2015,1495.85
05/02/2015,1504.55
06/02/2015,1507.2
09/02/2015,1508.85
10/02/2015,1562.65
11/02/2015,1552.6
12/02/2015,1595.2
13/02/2015,1625.05
16/02/2015,1614.45
17/02/2015,1614.45
18/02/2015,1653.3
19/02/2015,1615.15
20/02/2015,1620.4
23/02/2015,1615.95
24/02/2015,1618
25/02/2015,1655.75
26/02/2015,1639.9
27/02/2015,1673.45
02/03/2015,1762.8
03/03/2015,1758.3
04/03/2015,1725.15
05/03/2015,1698.65
06/03/2015,1698.65
09/03/2015,1660.1
10/03/2015,1650.15
11/03/2015,1639.7
12/03/2015,1648
13/03/2015,1616
16/03/2015,1587.55
17/03/2015,1613
18/03/2015,1583.35
19/03/2015,1568.5
20/03/2015,1569.75
23/03/2015,1586.75
24/03/2015,1583.05
25/03/2015,1581.7
26/03/2015,1579.55
27/03/2015,1549.45
30/03/2015,1582.65
31/03/2015,1562.75
01/04/2015,1585.9
02/04/2015,1585.9
03/04/2015,1585.9
06/04/2015,1617.4
07/04/2015,1650.3
08/04/2015,1636.2
09/04/2015,1622.45
10/04/2015,1636.05
13/04/2015,1596.2
14/04/2015,1596.2
15/04/2015,1614.55
16/04/2015,1564.2
17/04/2015,1521.65
20/04/2015,1529.75
21/04/2015,1496.15
22/04/2015,1557.3
23/04/2015,1518.6
24/04/2015,1531.6
27/04/2015,1493.95
28/04/2015,1514.5
29/04/2015,1484.45
30/04/2015,1433.7
01/05/2015,1433.7
04/05/2015,1474.6
05/05/2015,1471.4
06/05/2015,1413.3
07/05/2015,1451.95
08/05/2015,1448.5
11/05/2015,1498.95
12/05/2015,1449.95
13/05/2015,1472.75
14/05/2015,1474.85
15/05/2015,1472.15
18/05/2015,1509.85
19/05/2015,1497.75
20/05/2015,1502.9
21/05/2015,1527.55
22/05/2015,1519.2
25/05/2015,1495.45
26/05/2015,1482.1
27/05/2015,1463.95
28/05/2015,1470.7
29/05/2015,1512.4
01/06/2015,1516.35
02/06/2015,1481.2
03/06/2015,1460
04/06/2015,1466.9
05/06/2015,1434.5
08/06/2015,1429.55
09/06/2015,1441.1
10/06/2015,1436.4
11/06/2015,1407.7
12/06/2015,1402.15
15/06/2015,1370.25
16/06/2015,1387.5
17/06/2015,1410.6
18/06/2015,1413.75
19/06/2015,1425.15
22/06/2015,1427.45
23/06/2015,1447.15
24/06/2015,1410.65
25/06/2015,1407.75
26/06/2015,1420.85
29/06/2015,1411.75
30/06/2015,1444.55
01/07/2015,1465.75
02/07/2015,1471.55
03/07/2015,1480.4
06/07/2015,1504.95
07/07/2015,1500.1
08/07/2015,1467.7
09/07/2015,1485.05
10/07/2015,1472.2
13/07/2015,1475.05
14/07/2015,1478.45
15/07/2015,1496.95
16/07/2015,1496.9
17/07/2015,1486
20/07/2015,1455.1
21/07/2015,1439.6
22/07/2015,1437.2
23/07/2015,1424.4
24/07/2015,1408.8
27/07/2015,1369.25
28/07/2015,1359.15
29/07/2015,1369.95
30/07/2015,1371.15
31/07/2015,1387.4
03/08/2015,1391.6
04/08/2015,1377.2
05/08/2015,1381.75
06/08/2015,1405.35
07/08/2015,1399.65
10/08/2015,1385.75
11/08/2015,1374.25
12/08/2015,1366
13/08/2015,1364.55
14/08/2015,1372.05
17/08/2015,1367.35
18/08/2015,1387.35
19/08/2015,1446.9
20/08/2015,1411
21/08/2015,1406.45
24/08/2015,1367.15
25/08/2015,1362.1
26/08/2015,1360.4
27/08/2015,1369.95
28/08/2015,1362.8
31/08/2015,1334.85
01/09/2015,1332.2
02/09/2015,1356.35
03/09/2015,1394.55
04/09/2015,1345.4
07/09/2015,1344.95
08/09/2015,1345.8
09/09/2015,1380.05
10/09/2015,1378.9
11/09/2015,1366.55
14/09/2015,1388.65
15/09/2015,1379.5
16/09/2015,1377.3
17/09/2015,1377.3
18/09/2015,1375.2
21/09/2015,1383.4
22/09/2015,1353.55
23/09/2015,1345.65
24/09/2015,1343.05
25/09/2015,1343.05
28/09/2015,1336.75
29/09/2015,1327.45
30/09/2015,1346.75
01/10/2015,1363.1
02/10/2015,1363.1
05/10/2015,1369.7
06/10/2015,1350.4
07/10/2015,1352.25
08/10/2015,1356.2
09/10/2015,1347.35
12/10/2015,1344.35
13/10/2015,1352.2
14/10/2015,1376.25
15/10/2015,1371.25
16/10/2015,1393
19/10/2015,1395.95
20/10/2015,1379.3
21/10/2015,1378.95
22/10/2015,1378.95
23/10/2015,1400.2
26/10/2015,1393.75
27/10/2015,1385.8
28/10/2015,1401.05
29/10/2015,1385.4
30/10/2015,1379.6
02/11/2015,1398.4
03/11/2015,1425.9
04/11/2015,1405.7
05/11/2015,1388.75
06/11/2015,1384.05
09/11/2015,1367.7
10/11/2015,1322.1
11/11/2015,1322.1
12/11/2015,1322.1
13/11/2015,1326.7
16/11/2015,1324.45
17/11/2015,1325.5
18/11/2015,1334.3
19/11/2015,1332.85
20/11/2015,1339.75
23/11/2015,1343.6
24/11/2015,1341.5
25/11/2015,1341.5
26/11/2015,1355.95
27/11/2015,1353.2
30/11/2015,1345
01/12/2015,1357.9
02/12/2015,1359.85
03/12/2015,1350.1
04/12/2015,1334.85
07/12/2015,1353.45
08/12/2015,1339.2
09/12/2015,1313.75
10/12/2015,1324.45
11/12/2015,1319.4
14/12/2015,1341.8
15/12/2015,1337.65
16/12/2015,1349.1
17/12/2015,1356.2
18/12/2015,1349
21/12/2015,1353
22/12/2015,1348.9
23/12/2015,1342.05
24/12/2015,1344.15
25/12/2015,1344.15
28/12/2015,1330.85
29/12/2015,1350.45
30/12/2015,1349.8
31/12/2015,1360.65
01/01/2016,1373.65
04/01/2016,1344
05/01/2016,1341.3
06/01/2016,1320.35
07/01/2016,1300.5
08/01/2016,1295.8
11/01/2016,1297.55
12/01/2016,1280.4
13/01/2016,1281.95
14/01/2016,1269.05
15/01/2016,1229.6
18/01/2016,1224.25
19/01/2016,1235.3
20/01/2016,1212.25
21/01/2016,1228.45
22/01/2016,1241
25/01/2016,1245
26/01/2016,1245
27/01/2016,1230.35
28/01/2016,1214.95
29/01/2016,1240.05
01/02/2016,1271.85
02/02/2016,1261.35
03/02/2016,1248.95
04/02/2016,1270.4
05/02/2016,1271.4
08/02/2016,1280.6
09/02/2016,1279.1
10/02/2016,1265.85
11/02/2016,1234
12/02/2016,1221.05
15/02/2016,1256.55
16/02/2016,1227.8
17/02/2016,1226.05
18/02/2016,1262.35
19/02/2016,1278
22/02/2016,1281.5
23/02/2016,1243.9
24/02/2016,1233.15
25/02/2016,1199.85
26/02/2016,1190.9
29/02/2016,1193.9
01/03/2016,1232.9
02/03/2016,1243.25
03/03/2016,1254.15
04/03/2016,1239.35
07/03/2016,1239.35
08/03/2016,1241.15
09/03/2016,1243.75
10/03/2016,1230.35
11/03/2016,1226.75
14/03/2016,1235.8
15/03/2016,1240.1
16/03/2016,1236.15
17/03/2016,1273.7
18/03/2016,1337.2
21/03/2016,1374.35
22/03/2016,1365.5
23/03/2016,1372.65
24/03/2016,1372.65
25/03/2016,1372.65
28/03/2016,1377.55
29/03/2016,1366.05
30/03/2016,1385.7
31/03/2016,1381.9
01/04/2016,1413.8
04/04/2016,1412.1
05/04/2016,1390.75
06/04/2016,1427.7
07/04/2016,1417.55
08/04/2016,1441.85
11/04/2016,1447.15
12/04/2016,1448.7
13/04/2016,1469.95
14/04/2016,1469.95
15/04/2016,1469.95
18/04/2016,1464.15
19/04/2016,1464.15
20/04/2016,1467.65
21/04/2016,1433.3
22/04/2016,1414.15
25/04/2016,1422.9
26/04/2016,1426.9
27/04/2016,1429.55
28/04/2016,1437.85
29/04/2016,1443.15
02/05/2016,1420.55
03/05/2016,1420.15
04/05/2016,1403.7
05/05/2016,1394.85
06/05/2016,1425.45
09/05/2016,1439.75
10/05/2016,1463.35
11/05/2016,1467.25
12/05/2016,1462.4
13/05/2016,1457.1
16/05/2016,1458.2
17/05/2016,1449.4
18/05/2016,1434.05
19/05/2016,1409.85
20/05/2016,1393.45
23/05/2016,1418
24/05/2016,1446.15
25/05/2016,1475.05
26/05/2016,1504.05
27/05/2016,1522.95
30/05/2016,1537.15
31/05/2016,1529.05
01/06/2016,1552.4
02/06/2016,1546.3
03/06/2016,1540
06/06/2016,1534.7
07/06/2016,1540.45
08/06/2016,1546.75
09/06/2016,1533
10/06/2016,1555.65
13/06/2016,1546.8
14/06/2016,1539.95
15/06/2016,1560.15
16/06/2016,1544.95
17/06/2016,1555.4
20/06/2016,1570.15
21/06/2016,1559
22/06/2016,1571.05
23/06/2016,1571.6
24/06/2016,1568.1
27/06/2016,1601
28/06/2016,1598.4
29/06/2016,1598.95
30/06/2016,1616.05
01/07/2016,1617.4
04/07/2016,1605.6
05/07/2016,1589.3
06/07/2016,1589.3
07/07/2016,1604.7
08/07/2016,1597.65
11/07/2016,1616.8
12/07/2016,1620.1
13/07/2016,1617.2
14/07/2016,1626.2
15/07/2016,1613
18/07/2016,1595.5
19/07/2016,1602.55
20/07/2016,1631.8
21/07/2016,1708.2
22/07/2016,1681.55
25/07/2016,1675.65
26/07/2016,1675.55
27/07/2016,1665.15
28/07/2016,1685.1
29/07/2016,1688.7
01/08/2016,1688.85
02/08/2016,1670.75
03/08/2016,1668.8
04/08/2016,1666.25
05/08/2016,1721.05
08/08/2016,1715.15
09/08/2016,1685.95
10/08/2016,1618.9
11/08/2016,1618.4
12/08/2016,1652.5
15/08/2016,1652.5
16/08/2016,1663.85
17/08/2016,1675
18/08/2016,1692.7
19/08/2016,1691.2
22/08/2016,1660.95
23/08/2016,1654.65
24/08/2016,1647.4
25/08/2016,1645.8
26/08/2016,1638.2
29/08/2016,1634.95
30/08/2016,1688.6
31/08/2016,1709.8
01/09/2016,1687.55
02/09/2016,1669.55
05/09/2016,1669.55
06/09/2016,1698.85
07/09/2016,1696.35
08/09/2016,1692.75
09/09/2016,1653.35
12/09/2016,1582.4
13/09/2016,1582.4
14/09/2016,1620
15/09/2016,1611.2
16/09/2016,1626.3
19/09/2016,1652.75
20/09/2016,1632.3
21/09/2016,1629.25
22/09/2016,1666.05
23/09/2016,1617
26/09/2016,1610.95
27/09/2016,1608.4
28/09/2016,1616.15
29/09/2016,1588.4
30/09/2016,1599.85
03/10/2016,1631.95
04/10/2016,1637.1
05/10/2016,1638
06/10/2016,1629.75
07/10/2016,1625.4
10/10/2016,1668.5
11/10/2016,1668.5
12/10/2016,1668.5
13/10/2016,1632.05
14/10/2016,1640.25
17/10/2016,1604.7
18/10/2016,1616
19/10/2016,1610.55
20/10/2016,1609.45
21/10/2016,1566.15
24/10/2016,1565.9
25/10/2016,1551.65
26/10/2016,1543
27/10/2016,1525
28/10/2016,1516.7
31/10/2016,1516.7
01/11/2016,1503.85
02/11/2016,1488.15
03/11/2016,1510.1
04/11/2016,1490.05
07/11/2016,1487.65
08/11/2016,1507.9
09/11/2016,1455.2
10/11/2016,1456.8
11/11/2016,1400.45
14/11/2016,1400.45
15/11/2016,1334.55
16/11/2016,1338.85
17/11/2016,1301.4
18/11/2016,1309.7
21/11/2016,1272.25
22/11/2016,1293
23/11/2016,1302.75
24/11/2016,1325.15
25/11/2016,1309.4
28/11/2016,1317.7
29/11/2016,1320
30/11/2016,1342.4
01/12/2016,1338
02/12/2016,1325.7
05/12/2016,1340
06/12/2016,1350.55
07/12/2016,1350
08/12/2016,1358.65
09/12/2016,1379.15
12/12/2016,1345.9
13/12/2016,1339.75
14/12/2016,1313.45
15/12/2016,1314.95
16/12/2016,1294.15
19/12/2016,1277.7
20/12/2016,1295.15
21/12/2016,1300
22/12/2016,1294.4
23/12/2016,1296.3
26/12/2016,1284.1
27/12/2016,1294.8
28/12/2016,1294.8
29/12/2016,1309.95
30/12/2016,1331.05
02/01/2017,1351.9
03/01/2017,1343.55
04/01/2017,1319.4
05/01/2017,1332.85
06/01/2017,1333.9
09/01/2017,1327.85
10/01/2017,1319.6
11/01/2017,1348.7
12/01/2017,1341.6
13/01/2017,1329.5
16/01/2017,1331
17/01/2017,1328.9
18/01/2017,1349.7
19/01/2017,1361.05
20/01/2017,1326.45
23/01/2017,1334.7
24/01/2017,1358.6
25/01/2017,1399.4
26/01/2017,1399.4
27/01/2017,1430.65
30/01/2017,1428.4
31/01/2017,1413.5
01/02/2017,1468.55
02/02/2017,1431.85
03/02/2017,1423.9
06/02/2017,1480.15
07/02/2017,1456.2
08/02/2017,1497.1
09/02/2017,1485.5
10/02/2017,1486.95
13/02/2017,1487.55
14/02/2017,1465.55
15/02/2017,1442.9
16/02/2017,1455.85
17/02/2017,1465.7
20/02/2017,1460.65
21/02/2017,1467.45
22/02/2017,1447.6
23/02/2017,1438.1
24/02/2017,1438.1
27/02/2017,1417.5
28/02/2017,1411.5
01/03/2017,1408.95
02/03/2017,1407.85
03/03/2017,1393.7
06/03/2017,1393.45
07/03/2017,1387.35
08/03/2017,1397.95
09/03/2017,1401.95
10/03/2017,1400
13/03/2017,1400
14/03/2017,1415.4
15/03/2017,1420.4
16/03/2017,1422
17/03/2017,1411.5
20/03/2017,1408.7
21/03/2017,1413.05
22/03/2017,1386.4
